PLAYER_NAME,PLAYER_ID,SIMILAR_1_NAME,SIMILAR_1_ID,SIMILAR_1_DISTANCE,SIMILAR_2_NAME,SIMILAR_2_ID,SIMILAR_2_DISTANCE,SIMILAR_3_NAME,SIMILAR_3_ID,SIMILAR_3_DISTANCE,SIMILAR_4_NAME,SIMILAR_4_ID,SIMILAR_4_DISTANCE,SIMILAR_5_NAME,SIMILAR_5_ID,SIMILAR_5_DISTANCE
AJ Green,1631260,Vít Krejčí,1630249,9.681182263130644,Duncan Robinson,1629130,10.280705542634468,Max Christie,1631108,10.894511459956442,Svi Mykhailiuk,1629004,11.665432985161893,Luke Kennard,1628379,12.23271472616034
Aaron Gordon,203932,Tobias Harris,202699,12.633126598154922,Jabari Smith Jr.,1631095,13.247555074299761,Kelly Oubre Jr.,1626162,13.728141900633817,Saddiq Bey,1630180,13.751987015195182,Miles Bridges,1628970,13.978580300085483
Aaron Holiday,1628988,Ayo Dosunmu,1630245,11.528616510943742,Isaiah Joe,1630198,11.62085465579697,Aaron Wiggins,1630598,12.637200018820998,Jevon Carter,1628975,12.895067607446192,Miles McBride,1630540,13.167209216990397
Aaron Nesmith,1630174,Brice Sensabaugh,1641729,10.429947705291816,Simone Fontecchio,1631323,12.028803137443541,Devin Vassell,1630170,12.787924264656175,Moses Moody,1630541,12.809710750902708,Cameron Johnson,1629661,12.891235774086969
Aaron Wiggins,1630598,Ayo Dosunmu,1630245,11.249688510959224,Isaiah Joe,1630198,11.370894022100737,Miles McBride,1630540,12.57605855109392,Aaron Holiday,1628988,12.637200018820998,OG Anunoby,1628384,12.795892538044578
Ace Bailey,1642846,Jaylen Wells,1642377,10.915605876315603,Tre Johnson,1642848,12.003454187498358,Tristan da Silva,1641783,12.140947076450795,Zaccharie Risacher,1642258,12.25213881803653,Justin Edwards,1642348,12.727088118870215
Adem Bona,1641737,Moussa Cisse,1630619,13.44423604032942,Yves Missi,1642274,15.298390628392202,Donovan Clingan,1642270,16.274158393213657,Andre Drummond,203083,17.004660470899736,Steven Adams,203500,17.56809668374853
Ajay Mitchell,1642349,Brandon Williams,1630314,12.424204664001637,Stephon Castle,1642264,12.439136541967132,Dylan Harper,1642844,13.044069734189893,Jeremiah Fears,1642847,13.270369441677468,Tre Jones,1630200,14.08562311352023
Al Horford,201143,Draymond Green,203110,14.588083153165579,Kevin Love,201567,15.246718722283116,Jaylin Williams,1631119,16.12945678720897,Kelly Olynyk,203482,17.125298041352323,,,
Alex Caruso,1627936,Cason Wallace,1641717,10.297133800630455,Jordan Goodwin,1630692,12.631476255690245,John Konchar,1629723,13.457760954698191,Gary Payton II,1627780,16.520095443910662,Dalen Terry,1631207,16.525526982906545
Alex Sarr,1642259,Maxime Raynaud,1642875,12.08261878975455,Nic Claxton,1629651,13.586536040906932,Derik Queen,1642852,15.099716815677812,Domantas Sabonis,1627734,15.305730215353986,Tristan Vukcevic,1641774,16.04020269886556
Alperen Sengun,1630578,Karl-Anthony Towns,1626157,12.719337477154024,Scottie Barnes,1630567,13.903165466689881,Evan Mobley,1630596,14.439293500475708,Victor Wembanyama,1641705,14.667824439809651,Chet Holmgren,1631096,16.251064639305834
Amen Thompson,1641708,Ausar Thompson,1641709,9.847993778740848,Dyson Daniels,1630700,10.838593123282694,Jaime Jaquez Jr.,1631170,11.946945512175816,Josh Hart,1628404,14.085797891727754,Trendon Watford,1630570,14.9358455308939
Andre Drummond,203083,Donovan Clingan,1642270,13.546793282150176,Kel'el Ware,1642276,13.801914967785914,Clint Capela,203991,14.985791033230807,Robert Williams III,1629057,15.057021152254224,Steven Adams,203500,16.126498267697897
Andrew Nembhard,1629614,Collin Sexton,1629012,9.252351397887502,Keyonte George,1641718,9.777945177364531,Dennis Schröder,203471,11.527371308261054,D'Angelo Russell,1626156,11.805317792864187,Tre Mann,1630544,13.501748061633053
Andrew Wiggins,203952,Jaden McDaniels,1630183,10.117601694280292,Kyle Kuzma,1628398,10.52997720370217,Jabari Smith Jr.,1631095,11.249608911367373,Tobias Harris,202699,11.274736192690002,P.J. Washington,1629023,11.472162552877796
Anfernee Simons,1629014,CJ McCollum,203468,10.826070545373062,Malik Monk,1628370,11.037589099496453,Desmond Bane,1630217,11.469266982398636,De'Andre Hunter,1629631,13.301144792197382,Bennedict Mathurin,1631097,13.479821291816448
Anthony Black,1641710,Jaden McDaniels,1630183,9.25895617269528,Naji Marshall,1630230,10.370023590417683,P.J. Washington,1629023,11.14467909294016,Kyle Kuzma,1628398,11.225549388992135,RJ Barrett,1629628,11.273624486136617
Anthony Edwards,1630162,Donovan Mitchell,1628378,9.81490606588984,Austin Reaves,1630559,10.475791014899446,Jaylen Brown,1627759,11.08054707783855,Devin Booker,1626164,11.230573721741642,Tyrese Maxey,1630178,11.692281751762119
Ausar Thompson,1641709,Amen Thompson,1641708,9.847993778740848,Dyson Daniels,1630700,10.169885748480672,Josh Hart,1628404,12.809610331031847,Craig Porter Jr.,1641854,13.096655042783373,Jaime Jaquez Jr.,1631170,13.342397402458737
Austin Reaves,1630559,Donovan Mitchell,1628378,10.467137174978914,Anthony Edwards,1630162,10.475791014899446,Devin Booker,1626164,10.598289276695127,Tyrese Maxey,1630178,10.87123091466045,Jalen Brunson,1628973,11.54023632991412
Ayo Dosunmu,1630245,Bryce McGowens,1631121,10.22620200796415,Aaron Wiggins,1630598,11.249688510959224,Aaron Holiday,1628988,11.528616510943742,Jordan Clarkson,203903,12.408051778717484,Miles McBride,1630540,12.989893431057807
Bam Adebayo,1628389,Karl-Anthony Towns,1626157,12.252589167117701,Evan Mobley,1630596,12.417927363957865,Chet Holmgren,1631096,12.902001497247443,Scottie Barnes,1630567,13.040388332421118,Victor Wembanyama,1641705,15.361688204539387
Baylor Scheierman,1631248,Spencer Jones,1642461,11.284798772706296,Jordan Walsh,1641775,12.89261558300069,Will Richard,1642954,12.912629391082191,Jaylon Tyson,1642281,13.341993271309462,Hugo González,1642864,14.178723830351723
Ben Saraf,1642879,KJ Simpson,1642354,11.153538046936283,Jared McCain,1642272,11.339157639173463,Rob Dillingham,1642265,11.393723891560821,Daniss Jenkins,1642450,11.54831992532915,Jamal Shead,1642347,12.318701683268555
Ben Sheppard,1641767,Jake LaRavia,1631222,10.771740511315537,Herbert Jones,1630529,10.7808495466196,Patrick Williams,1630172,11.120809742378121,Toumani Camara,1641739,11.135833539882627,Kris Dunn,1627739,11.423454732387118
Bennedict Mathurin,1631097,De'Andre Hunter,1629631,10.402701241158615,Trey Murphy III,1630530,10.421255048003074,Jerami Grant,203924,11.072249665150615,Zach LaVine,203897,11.091267294956292,Malik Monk,1628370,11.99854435511005
Bilal Coulibaly,1641731,Herbert Jones,1630529,10.148841878715306,Terance Mann,1629611,10.630801234581801,Patrick Williams,1630172,11.341187039412882,Bruce Brown,1628971,11.681059857198289,Jake LaRavia,1631222,11.745019538890665
Bobby Portis,1626171,Onyeka Okongwu,1630168,11.880819989494793,Myles Turner,1626167,12.485558834150757,Naz Reid,1629675,12.524812921577205,Nikola Vučević,202696,12.60893322994928,Santi Aldama,1630583,13.02904417843077
Brandin Podziemski,1641764,Quentin Grimes,1629656,10.115781214209164,Collin Gillespie,1631221,11.136742385705503,Immanuel Quickley,1630193,11.765700998876508,Jose Alvarado,1630631,11.949109689985816,Derrick White,1628401,12.118280228851049
Brandon Ingram,1627742,Kevin Durant,201142,11.504191349782653,DeMar DeRozan,201942,11.706189508468844,Khris Middleton,203114,14.309565601384106,,,,,,
Brandon Williams,1630314,Jeremiah Fears,1642847,10.666483954760231,Dylan Harper,1642844,12.417465814792058,Ajay Mitchell,1642349,12.424204664001637,Tre Jones,1630200,12.644491602291705,Stephon Castle,1642264,12.652469498445578
Brice Sensabaugh,1641729,Aaron Nesmith,1630174,10.429947705291816,Moses Moody,1630541,10.96142764417092,Devin Vassell,1630170,11.359352452322776,Simone Fontecchio,1631323,11.401994881650342,Cameron Johnson,1629661,12.360761009121962
Brook Lopez,201572,Myles Turner,1626167,14.028250800738169,Bobby Portis,1626171,15.788000061266066,Naz Reid,1629675,16.359282039478032,Onyeka Okongwu,1630168,17.410775303446805,Isaiah Stewart,1630191,17.476003626020976
Bruce Brown,1628971,Jake LaRavia,1631222,8.512669959673746,Herbert Jones,1630529,9.188886602422597,Terance Mann,1629611,9.575834531080273,Kris Dunn,1627739,9.64810672053746,Peyton Watson,1631212,10.031001083367599
Bryce McGowens,1631121,Ayo Dosunmu,1630245,10.22620200796415,Landry Shamet,1629013,14.154453914402817,Aaron Holiday,1628988,14.343982192039336,Corey Kispert,1630557,14.441537033572567,Aaron Wiggins,1630598,14.518577360066544
Bub Carrington,1642267,Egor Dëmin,1642856,10.401019953076972,Tyrese Martin,1631213,12.072301308824512,Kyshawn George,1642273,13.026838252552382,Jared McCain,1642272,13.326643341954332,Keaton Wallace,1630811,13.440494884538209
Buddy Hield,1627741,Luke Kennard,1628379,10.763064333059923,Simone Fontecchio,1631323,10.792901702892609,Moses Moody,1630541,11.64463941744878,Sam Hauser,1630573,11.932208875713098,Svi Mykhailiuk,1629004,12.066425344187016
CJ McCollum,203468,Zach LaVine,203897,10.406091834735767,Anfernee Simons,1629014,10.826070545373062,Malik Monk,1628370,10.919137876358418,Desmond Bane,1630217,11.221481086960333,Nickeil Alexander-Walker,1629638,11.926389722819989
Cade Cunningham,1630595,Devin Booker,1626164,10.491591607421558,Donovan Mitchell,1628378,11.349281513885641,Jamal Murray,1627750,11.954836454360908,Tyrese Maxey,1630178,12.022382212031276,Jalen Brunson,1628973,12.127243718068021
Caleb Love,1631126,Tyrese Proctor,1642878,9.676702340536387,Tyrese Martin,1631213,9.859378139339416,Jared McCain,1642272,10.50314359660777,Egor Dëmin,1642856,12.8273939396136,Daniss Jenkins,1642450,12.868054317877979
Cam Christie,1642353,Tyrese Proctor,1642878,10.872079359348964,Caleb Love,1631126,13.186095195942158,Tyrese Martin,1631213,13.188068279019065,Jared McCain,1642272,13.765130102001544,Ben Saraf,1642879,14.32011574039391
Cam Spencer,1642285,Collin Gillespie,1631221,12.212836982082365,Reed Sheppard,1642263,12.467584349915118,Jose Alvarado,1630631,12.673330432254101,Immanuel Quickley,1630193,12.759982897518745,Brandin Podziemski,1641764,12.8347544385565
Cam Whitmore,1641715,Shaedon Sharpe,1631101,13.060291996405391,Kyle Kuzma,1628398,13.572563358695028,Kelly Oubre Jr.,1626162,14.550214361421247,Anthony Black,1641710,14.640428370409587,Andrew Wiggins,203952,14.862687586919527
Cameron Johnson,1629661,Devin Vassell,1630170,8.90542691743527,Svi Mykhailiuk,1629004,9.403722333389217,Duncan Robinson,1629130,9.998094454178082,Luke Kennard,1628379,10.222935997909824,Max Christie,1631108,10.825522769254496
Caris LeVert,1627747,Jose Alvarado,1630631,9.901796154643796,Grayson Allen,1628960,10.18164989084963,Quentin Grimes,1629656,10.712199070343495,Immanuel Quickley,1630193,12.04412362322479,Brandin Podziemski,1641764,12.217509566080018
Cason Wallace,1641717,Jordan Goodwin,1630692,10.149716096598695,Alex Caruso,1627936,10.297133800630455,John Konchar,1629723,13.479641274790776,Gary Payton II,1627780,15.794974868648827,Dalen Terry,1631207,17.231084997211465
Cedric Coward,1642907,VJ Edgecombe,1642845,9.887628027885503,Cooper Flagg,1642843,9.982625768783361,Matas Buzelis,1641824,10.144700295353136,Jaylen Wells,1642377,10.274294803092973,Tristan da Silva,1641783,10.852093282228834
Chaz Lanier,1642404,Jett Howard,1641724,17.410224254849208,Gabe Vincent,1629216,18.133987777517227,Luguentz Dort,1629652,19.939230881989687,Ousmane Dieng,1631172,20.16157242041836,Jalen Wilson,1630592,20.372652602858313
Chet Holmgren,1631096,Evan Mobley,1630596,9.655731840416903,Karl-Anthony Towns,1626157,11.124382256800038,Scottie Barnes,1630567,11.880228915586333,Bam Adebayo,1628389,12.902001497247443,Victor Wembanyama,1641705,14.665842247735679
Chris Paul,101108,Tyus Jones,1626145,16.24442976668478,Kentavious Caldwell-Pope,203484,19.121376956951035,Marcus Smart,203935,19.71357901319914,Mike Conley,201144,20.44009024151754,Gary Harris,203914,21.895904984066167
Christian Braun,1631128,Peyton Watson,1631212,10.687548322518168,Bruce Brown,1628971,11.008465402731348,Jake LaRavia,1631222,11.235473295520901,Kevin Huerter,1628989,12.904761184337548,Kris Dunn,1627739,13.076717019762654
Clint Capela,203991,Robert Williams III,1629057,14.654847880728143,Andre Drummond,203083,14.985791033230807,Trayce Jackson-Davis,1631218,15.238758007906089,Donovan Clingan,1642270,15.693623258711579,Yves Missi,1642274,15.81107278096359
Cody Williams,1642262,Micah Peavy,1642877,12.023438601238007,Ochai Agbaji,1630534,14.492949163720366,Kris Murray,1631200,14.797753619154198,Julian Phillips,1641763,16.580161798222726,Jeremiah Robinson-Earl,1630526,16.68896838267618
Cole Anthony,1630175,D'Angelo Russell,1626156,12.50534581637763,Dennis Schröder,203471,12.58670010592856,Vince Williams Jr.,1631246,13.459698562854191,Tre Mann,1630544,13.67526631251389,Andrew Nembhard,1629614,13.859242758925543
Collin Gillespie,1631221,Derrick White,1628401,9.437128554568124,Immanuel Quickley,1630193,9.702707278077462,Payton Pritchard,1630202,9.971530870674794,Brandin Podziemski,1641764,11.136742385705503,Ryan Rollins,1631157,11.181911650747507
Collin Murray-Boyles,1642867,Jaylon Tyson,1642281,10.294995935067067,Ryan Dunn,1642346,11.395006173781908,Nae'Qwan Tomlin,1641772,11.428747422280972,Will Richard,1642954,11.56642114884738,Mouhamed Gueye,1631243,12.384625739437192
Collin Sexton,1629012,Keyonte George,1641718,9.213078097468838,Andrew Nembhard,1629614,9.252351397887502,D'Angelo Russell,1626156,11.69536286348216,Dennis Schröder,203471,13.612683990423674,Jrue Holiday,201950,13.807097745249534
Cooper Flagg,1642843,Cedric Coward,1642907,9.982625768783361,Matas Buzelis,1641824,11.197183131143158,VJ Edgecombe,1642845,11.57348241998716,Jaylen Wells,1642377,12.963326719289972,Tristan da Silva,1641783,13.914435461050473
Corey Kispert,1630557,Landry Shamet,1629013,10.24118081050667,Isaiah Joe,1630198,11.649941477195796,Miles McBride,1630540,12.542091608867958,Ayo Dosunmu,1630245,13.677088572859018,Aaron Wiggins,1630598,13.796428521196074
Craig Porter Jr.,1641854,Dru Smith,1630696,12.781659225298505,Dyson Daniels,1630700,12.88185560365557,Josh Hart,1628404,12.953742211718966,Ausar Thompson,1641709,13.096655042783373,Trendon Watford,1630570,14.069365004887846
D'Angelo Russell,1626156,Dennis Schröder,203471,11.234977991191057,Collin Sexton,1629012,11.69536286348216,Keyonte George,1641718,11.760271987177207,Andrew Nembhard,1629614,11.805317792864187,LaMelo Ball,1630163,11.986816122744058
Dalen Terry,1631207,John Konchar,1629723,15.126941047338237,Alex Caruso,1627936,16.525526982906545,Jordan Goodwin,1630692,17.106411309318865,Gary Payton II,1627780,17.168357745302732,Cason Wallace,1641717,17.231084997211465
Dalton Knecht,1642261,Jaylen Wells,1642377,9.343355760804618,Guerschon Yabusele,1627824,9.473152023862761,Justin Edwards,1642348,9.552530718644125,Kobe Sanders,1642920,9.910482015574495,Liam McNeeley,1642862,9.93823905580787
Daniel Gafford,1629655,Jakob Poeltl,1627751,13.343311043216893,Moussa Diabaté,1631217,13.977284660667268,Isaiah Jackson,1630543,14.019808119418927,Day'Ron Sharpe,1630549,14.17407857464197,Neemias Queta,1629674,14.80302850940758
Daniss Jenkins,1642450,Rob Dillingham,1642265,10.941403358862635,Ben Saraf,1642879,11.54831992532915,Jamal Shead,1642347,11.628454719076771,Jared McCain,1642272,11.810079531615472,Tyrese Martin,1631213,11.934127229447482
Davion Mitchell,1630558,Dru Smith,1630696,12.962575974667866,Dyson Daniels,1630700,14.479868071732431,Jaime Jaquez Jr.,1631170,15.970982648860232,Amen Thompson,1641708,16.20615828202407,Craig Porter Jr.,1641854,16.292118157718818
Day'Ron Sharpe,1630549,Isaiah Jackson,1630543,12.506622505940726,Jakob Poeltl,1627751,13.442564097761494,Moussa Diabaté,1631217,13.509945777414096,Goga Bitadze,1629048,13.552586731715783,Isaiah Hartenstein,1628392,14.160821541065038
De'Aaron Fox,1628368,Jalen Brunson,1628973,10.884164847962193,Devin Booker,1626164,11.932798781122505,Cade Cunningham,1630595,12.37026822730858,Donovan Mitchell,1628378,12.613680367138059,Jamal Murray,1627750,12.67812030081497
De'Andre Hunter,1629631,Trey Murphy III,1630530,8.813142190524324,Desmond Bane,1630217,9.9121922860066,Jerami Grant,203924,10.285898642112532,Bennedict Mathurin,1631097,10.402701241158615,Malik Monk,1628370,10.468171011150256
DeMar DeRozan,201942,Brandon Ingram,1627742,11.706189508468844,Kevin Durant,201142,12.58320314240164,Khris Middleton,203114,13.561243062462697,,,,,,
Dean Wade,1629731,Jake LaRavia,1631222,10.54545068242583,Toumani Camara,1641739,11.164731812563883,Ben Sheppard,1641767,11.693521111815874,Javonte Green,1629750,11.960074782539918,Patrick Williams,1630172,12.521911823557739
Deandre Ayton,1629028,Ivica Zubac,1627826,13.44570582332726,Jarrett Allen,1628386,14.16152066999389,Jalen Duren,1631105,16.31515653358162,Zach Edey,1641744,19.859685163086425,,,
Deni Avdija,1630166,Jalen Johnson,1630552,10.703503690223306,Franz Wagner,1630532,10.903474848174334,Josh Giddey,1630581,11.12714530609971,Pascal Siakam,1627783,11.208962604659604,Julius Randle,203944,11.862621390092407
Dennis Schröder,203471,D'Angelo Russell,1626156,11.234977991191057,Andrew Nembhard,1629614,11.527371308261054,Vince Williams Jr.,1631246,12.149848887919724,Tre Mann,1630544,12.303895161572807,Jrue Holiday,201950,12.368614379957485
Derik Queen,1642852,Nic Claxton,1629651,13.133502623647244,Alex Sarr,1642259,15.099716815677812,Maxime Raynaud,1642875,16.92992767751818,Jusuf Nurkić,203994,17.886056576448844,Tristan Vukcevic,1641774,18.261375604736312
Derrick Jones Jr.,1627884,Jake LaRavia,1631222,10.202363099781833,Javonte Green,1629750,11.02678753285599,Peyton Watson,1631212,12.205179067859532,Herbert Jones,1630529,12.241442476740255,Isaac Okoro,1630171,12.283311261215918
Derrick White,1628401,Collin Gillespie,1631221,9.437128554568124,Immanuel Quickley,1630193,9.745348021732926,Payton Pritchard,1630202,10.864775130477243,Grayson Allen,1628960,11.492921339441475,Ryan Rollins,1631157,11.669998425022959
Desmond Bane,1630217,Malik Monk,1628370,9.450325204251254,De'Andre Hunter,1629631,9.9121922860066,Nickeil Alexander-Walker,1629638,10.37370972184694,Trey Murphy III,1630530,10.590386797985065,CJ McCollum,203468,11.221481086960333
Devin Booker,1626164,Cade Cunningham,1630595,10.491591607421558,Jaylen Brown,1627759,10.537844619375495,Austin Reaves,1630559,10.598289276695127,Jalen Brunson,1628973,10.957030453290498,Donovan Mitchell,1628378,11.191747828882264
Devin Vassell,1630170,Cameron Johnson,1629661,8.90542691743527,Duncan Robinson,1629130,9.343864708508585,Donte DiVincenzo,1628978,10.159441897773366,Luke Kennard,1628379,10.244311266866369,Moses Moody,1630541,10.309921196094344
Dillon Brooks,1628415,Miles Bridges,1628970,12.72744569778613,Kelly Oubre Jr.,1626162,12.84206316632606,Andrew Wiggins,203952,13.238962897782415,Shaedon Sharpe,1631101,13.45416855401815,Jaren Jackson Jr.,1628991,13.709827926106112
Domantas Sabonis,1627734,Jusuf Nurkić,203994,14.474304562315004,Alex Sarr,1642259,15.305730215353986,Maxime Raynaud,1642875,15.517933860854956,Nic Claxton,1629651,15.984616501119952,Tristan Vukcevic,1641774,17.29922898800744
Dominick Barlow,1631230,Ryan Dunn,1642346,10.45957131533491,Mouhamed Gueye,1631243,10.515288324220137,Nae'Qwan Tomlin,1641772,11.833353850998765,Collin Murray-Boyles,1642867,12.464444083315605,Jordan Walsh,1641775,12.587444178597478
Donovan Clingan,1642270,Kel'el Ware,1642276,12.101325162170914,Yves Missi,1642274,12.567813149245872,Andre Drummond,203083,13.546793282150176,Clint Capela,203991,15.693623258711579,Robert Williams III,1629057,15.806557195465633
Donovan Mitchell,1628378,Tyrese Maxey,1630178,9.47519842448445,Anthony Edwards,1630162,9.81490606588984,Austin Reaves,1630559,10.467137174978914,Jamal Murray,1627750,10.715115636984036,Devin Booker,1626164,11.191747828882264
Donte DiVincenzo,1628978,Duncan Robinson,1629130,9.619373765924003,Devin Vassell,1630170,10.159441897773366,Moses Moody,1630541,10.476798633828341,Luke Kennard,1628379,10.887210013072481,Vít Krejčí,1630249,11.629172983812358
Drake Powell,1642962,Kobe Sanders,1642920,9.37580707381774,Jaylen Wells,1642377,10.392813497622432,Justin Edwards,1642348,10.771935492809599,Nique Clifford,1642363,10.922514402633587,Terrence Shannon Jr.,1630545,11.089364746063401
Draymond Green,203110,Jaylin Williams,1631119,12.32049854745312,Al Horford,201143,14.588083153165579,Kelly Olynyk,203482,18.28980074833786,Kevin Love,201567,19.11360567163909,,,
Drew Eubanks,1629234,Marvin Bagley III,1628963,14.419326920511462,Oso Ighodaro,1642345,15.19630839871659,Jakob Poeltl,1627751,15.242928875404898,Jaxson Hayes,1629637,15.505470573459528,Isaiah Jackson,1630543,15.797177422504125
Dru Smith,1630696,Jalen Suggs,1630591,12.71490898346048,Craig Porter Jr.,1641854,12.781659225298505,Davion Mitchell,1630558,12.962575974667866,Dyson Daniels,1630700,13.009750170131301,Ausar Thompson,1641709,13.577506164660138
Duncan Robinson,1629130,Devin Vassell,1630170,9.343864708508585,Sam Hauser,1630573,9.528508462297964,Donte DiVincenzo,1628978,9.619373765924003,Max Christie,1631108,9.997805300186059,Cameron Johnson,1629661,9.998094454178082
Dwight Powell,203939,,,,,,,,,,,,,,,
Dylan Harper,1642844,Stephon Castle,1642264,11.272125124498526,Jeremiah Fears,1642847,12.409408482852172,Brandon Williams,1630314,12.417465814792058,Ajay Mitchell,1642349,13.044069734189893,Pat Spencer,1630311,13.918679396019696
Dyson Daniels,1630700,Ausar Thompson,1641709,10.169885748480672,Amen Thompson,1641708,10.838593123282694,Craig Porter Jr.,1641854,12.88185560365557,Dru Smith,1630696,13.009750170131301,Jaime Jaquez Jr.,1631170,13.167883766336132
Egor Dëmin,1642856,Tyrese Martin,1631213,9.12049907039548,Walter Clayton Jr.,1642383,9.84493320386513,Bub Carrington,1642267,10.401019953076972,Kyshawn George,1642273,10.444527693574322,Lonzo Ball,1628366,11.226813207127375
Evan Mobley,1630596,Scottie Barnes,1630567,9.284560892007717,Chet Holmgren,1631096,9.655731840416903,Karl-Anthony Towns,1626157,11.278816392035141,Bam Adebayo,1628389,12.417927363957865,Alperen Sengun,1630578,14.439293500475708
Franz Wagner,1630532,Pascal Siakam,1627783,9.217200065584485,Jalen Johnson,1630552,10.500562797791588,Deni Avdija,1630166,10.903474848174334,Julius Randle,203944,12.307572874848152,Paolo Banchero,1631094,12.763465282058508
Gabe Vincent,1629216,Luguentz Dort,1629652,12.421769487785216,Ousmane Dieng,1631172,13.509058472539836,Nicolas Batum,201587,13.937919379424065,Jalen Wilson,1630592,14.071518000813104,Jett Howard,1641724,14.818466721458455
Gary Harris,203914,Kentavious Caldwell-Pope,203484,15.284099626120087,Marcus Smart,203935,16.752974909641008,Tyus Jones,1626145,16.795734415383407,Mike Conley,201144,17.285604421110445,Chris Paul,101108,21.895904984066167
Gary Payton II,1627780,Jordan Goodwin,1630692,14.136446877409764,John Konchar,1629723,14.499766405607623,Cason Wallace,1641717,15.794974868648827,Alex Caruso,1627936,16.520095443910662,Dalen Terry,1631207,17.168357745302732
Gary Trent Jr.,1629018,Cameron Johnson,1629661,10.851283475946147,Devin Vassell,1630170,11.233901067229715,Svi Mykhailiuk,1629004,11.88279383482688,Moses Moody,1630541,12.328324736626607,Jordan Hawkins,1641722,12.417319052961403
Giannis Antetokounmpo,203507,,,,,,,,,,,,,,,
Goga Bitadze,1629048,Jakob Poeltl,1627751,12.146313625220984,Neemias Queta,1629674,12.893357058779916,Rudy Gobert,203497,12.932965257116251,Jaxson Hayes,1629637,13.368553123525395,Day'Ron Sharpe,1630549,13.552586731715783
Gradey Dick,1641711,Simone Fontecchio,1631323,11.250740721304718,Cameron Johnson,1629661,12.041667365536902,Moses Moody,1630541,12.109522557237154,Brice Sensabaugh,1641729,12.6015508215755,Devin Vassell,1630170,12.807263236567305
Grayson Allen,1628960,Caris LeVert,1627747,10.18164989084963,Quentin Grimes,1629656,11.307235489155588,Jose Alvarado,1630631,11.367876111280433,Derrick White,1628401,11.492921339441475,Immanuel Quickley,1630193,12.271399759481929
Guerschon Yabusele,1627824,Liam McNeeley,1642862,9.165672546466265,Dalton Knecht,1642261,9.473152023862761,Justin Edwards,1642348,10.396174846496582,Kobe Sanders,1642920,10.568047025606973,Sidy Cissoko,1631321,10.738367893705677
Harrison Barnes,203084,Jaden McDaniels,1630183,11.228240349056078,Kelly Oubre Jr.,1626162,11.491273081555759,Jabari Smith Jr.,1631095,11.648584439664802,Rui Hachimura,1629060,11.669928209939714,Saddiq Bey,1630180,11.918454523118953
Herbert Jones,1630529,Patrick Williams,1630172,8.22635267196933,Jake LaRavia,1631222,9.04722852107671,Bruce Brown,1628971,9.188886602422597,Terance Mann,1629611,9.957961520545975,Bilal Coulibaly,1641731,10.148841878715306
Hugo González,1642864,Jordan Walsh,1641775,10.816546835094885,Ja'Kobe Walter,1642266,11.103420682512319,Ryan Dunn,1642346,11.506023556399603,Jaylen Clark,1641740,11.614703022845426,Will Richard,1642954,12.459763121451955
Immanuel Quickley,1630193,Payton Pritchard,1630202,9.541306863329167,Collin Gillespie,1631221,9.702707278077462,Derrick White,1628401,9.745348021732926,Ryan Rollins,1631157,10.830962499914662,Jose Alvarado,1630631,11.39874822504471
Isaac Okoro,1630171,Jake LaRavia,1631222,11.985742476526971,Toumani Camara,1641739,12.013836559770224,Derrick Jones Jr.,1627884,12.283311261215918,Herbert Jones,1630529,12.70829865859425,Javonte Green,1629750,12.94849015444921
Isaiah Collier,1642268,Stephon Castle,1642264,13.15657138434137,Jeremiah Fears,1642847,14.105044720928548,Tre Jones,1630200,14.465822698959805,Dylan Harper,1642844,15.414978216952179,Brandon Williams,1630314,15.473039593528327
Isaiah Hartenstein,1628392,Neemias Queta,1629674,11.259228913098038,Jakob Poeltl,1627751,11.519828660749468,Rudy Gobert,203497,12.215926831143905,Day'Ron Sharpe,1630549,14.160821541065038,Goga Bitadze,1629048,14.634853277090688
Isaiah Jackson,1630543,Neemias Queta,1629674,12.38766163580387,Day'Ron Sharpe,1630549,12.506622505940726,Jakob Poeltl,1627751,12.562636114011308,Moussa Diabaté,1631217,12.57149568211038,Rudy Gobert,203497,13.048390585494166
Isaiah Joe,1630198,Aaron Wiggins,1630598,11.370894022100737,Aaron Holiday,1628988,11.62085465579697,Corey Kispert,1630557,11.649941477195796,Landry Shamet,1629013,11.756544762187628,Miles McBride,1630540,12.26374774432029
Isaiah Livers,1630587,Taylor Hendricks,1641707,16.740387062801684,Kris Murray,1631200,17.27922336951967,Larry Nance Jr.,1626204,17.296884949749877,Julian Phillips,1641763,17.39058776160864,Jabari Walker,1631133,18.464493341640104
Isaiah Stewart,1630191,Wendell Carter Jr.,1628976,10.255205936386332,Onyeka Okongwu,1630168,10.484574876311603,Myles Turner,1626167,11.457099738791108,Sandro Mamukelashvili,1630572,12.733129099214828,Jock Landale,1629111,12.76508190808164
Ivica Zubac,1627826,Deandre Ayton,1629028,13.44570582332726,Jalen Duren,1631105,15.040680730041945,Zach Edey,1641744,15.184595298968596,Jarrett Allen,1628386,15.50832517917591,,,
Ja Morant,1629630,LaMelo Ball,1630163,13.196910030090473,D'Angelo Russell,1626156,13.959510527746367,Collin Sexton,1629012,14.05918066317433,Keyonte George,1641718,14.714265564722485,Cole Anthony,1630175,14.763220587504613
Ja'Kobe Walter,1642266,Will Richard,1642954,10.379729281982035,Ryan Dunn,1642346,10.441845290866526,Keon Ellis,1631165,11.058127860783124,Hugo González,1642864,11.103420682512319,Jaylen Clark,1641740,11.156405945989649
Jabari Smith Jr.,1631095,Rui Hachimura,1629060,9.71036499880093,Jaden McDaniels,1630183,10.461194029453608,P.J. Washington,1629023,10.65070289627751,Miles Bridges,1628970,10.675535469676484,Tobias Harris,202699,10.7493728650661
Jabari Walker,1631133,Precious Achiuwa,1630173,11.941692271130973,Kris Murray,1631200,12.794693143028686,Jeremiah Robinson-Earl,1630526,12.812241389200008,Jeremy Sochan,1631110,13.033712519954364,Micah Peavy,1642877,13.127411885103601
Jaden Hardy,1630702,Jordan Clarkson,203903,12.526916434803908,Miles McBride,1630540,13.168806810396688,Aaron Wiggins,1630598,13.523979459576456,Aaron Holiday,1628988,13.722799734824523,Isaiah Joe,1630198,13.932305021290528
Jaden McDaniels,1630183,Anthony Black,1641710,9.25895617269528,Naji Marshall,1630230,9.27911950582101,Kyle Kuzma,1628398,9.728444878103252,Andrew Wiggins,203952,10.117601694280292,Jabari Smith Jr.,1631095,10.461194029453608
Jaime Jaquez Jr.,1631170,Amen Thompson,1641708,11.946945512175816,Dyson Daniels,1630700,13.167883766336132,Ausar Thompson,1641709,13.342397402458737,Trendon Watford,1630570,13.902887282739322,Josh Hart,1628404,14.889627707152693
Jake LaRavia,1631222,Toumani Camara,1641739,7.656197471064191,Bruce Brown,1628971,8.512669959673746,Peyton Watson,1631212,8.81997015680033,Herbert Jones,1630529,9.04722852107671,Kris Dunn,1627739,9.08420130165062
Jakob Poeltl,1627751,Neemias Queta,1629674,10.105623914395494,Rudy Gobert,203497,10.433980476388012,Isaiah Hartenstein,1628392,11.519828660749468,Goga Bitadze,1629048,12.146313625220984,Moussa Diabaté,1631217,12.401915480325576
Jalen Brunson,1628973,De'Aaron Fox,1628368,10.884164847962193,Devin Booker,1626164,10.957030453290498,Austin Reaves,1630559,11.54023632991412,Jamal Murray,1627750,11.97928345583949,Tyrese Maxey,1630178,11.98674053289804
Jalen Duren,1631105,Jarrett Allen,1628386,12.900690435864695,Ivica Zubac,1627826,15.040680730041945,Deandre Ayton,1629028,16.31515653358162,Zach Edey,1641744,19.07998041093511,,,
Jalen Johnson,1630552,Josh Giddey,1630581,10.306209597055094,Franz Wagner,1630532,10.500562797791588,Deni Avdija,1630166,10.703503690223306,Pascal Siakam,1627783,12.456182214788782,Julius Randle,203944,12.764629234231608
Jalen Smith,1630188,Sandro Mamukelashvili,1630572,12.10404616132157,Onyeka Okongwu,1630168,12.771342451755455,Santi Aldama,1630583,13.335744804379292,Wendell Carter Jr.,1628976,13.338514218204253,Myles Turner,1626167,13.352959782903806
Jalen Suggs,1630591,Dru Smith,1630696,12.71490898346048,Josh Hart,1628404,14.374416896521783,Ausar Thompson,1641709,15.37228227689305,Amen Thompson,1641708,15.698651406962977,Craig Porter Jr.,1641854,15.890678564934364
Jalen Wilson,1630592,Ziaire Williams,1630533,13.26249948915605,Ousmane Dieng,1631172,13.764888254576855,Kobe Brown,1641738,13.790723790692573,Gabe Vincent,1629216,14.071518000813104,Nicolas Batum,201587,14.45830318794276
Jamal Murray,1627750,Donovan Mitchell,1628378,10.715115636984036,Anthony Edwards,1630162,11.90461316003743,Cade Cunningham,1630595,11.954836454360908,Jalen Brunson,1628973,11.97928345583949,Tyrese Maxey,1630178,12.361461945674225
Jamal Shead,1642347,Keaton Wallace,1630811,11.588768638832377,Daniss Jenkins,1642450,11.628454719076771,Ben Saraf,1642879,12.318701683268555,Lonzo Ball,1628366,12.335578131975478,Walter Clayton Jr.,1642383,13.116908412589046
James Harden,201935,Anthony Edwards,1630162,13.861813570105298,Austin Reaves,1630559,14.01922173146141,Donovan Mitchell,1628378,15.457001440899756,Devin Booker,1626164,16.053781496048654,Jaylen Brown,1627759,16.367070632991048
Jarace Walker,1641716,Herbert Jones,1630529,10.557983467048889,Patrick Williams,1630172,10.68210726456378,Jake LaRavia,1631222,12.255308868307033,Toumani Camara,1641739,12.257933080269776,Bruce Brown,1628971,12.387465039694481
Jared McCain,1642272,Caleb Love,1631126,10.50314359660777,Tyrese Martin,1631213,10.609946456115175,Tyrese Proctor,1642878,10.932284569362649,Ben Saraf,1642879,11.339157639173463,Daniss Jenkins,1642450,11.810079531615472
Jaren Jackson Jr.,1628991,P.J. Washington,1629023,12.031032393065097,John Collins,1628381,12.10170886880747,Miles Bridges,1628970,12.385438849226661,Tobias Harris,202699,12.448817250822568,Andrew Wiggins,203952,13.024307792126077
Jarred Vanderbilt,1629020,Kris Murray,1631200,14.508365089249926,Jabari Walker,1631133,14.716919230697258,Jeremiah Robinson-Earl,1630526,14.990851943491593,Micah Peavy,1642877,15.366354959356817,Jonathan Isaac,1628371,15.538336770094732
Jarrett Allen,1628386,Jalen Duren,1631105,12.900690435864695,Deandre Ayton,1629028,14.16152066999389,Ivica Zubac,1627826,15.50832517917591,Zach Edey,1641744,20.921715761069418,,,
Javonte Green,1629750,Jake LaRavia,1631222,9.563296749482946,Peyton Watson,1631212,10.783031060986334,Josh Okogie,1629006,11.02192908112182,Derrick Jones Jr.,1627884,11.02678753285599,Toumani Camara,1641739,11.523191682225066
Jaxson Hayes,1629637,Goga Bitadze,1629048,13.368553123525395,Karlo Matković,1631255,14.680794534315181,Mark Williams,1631109,14.855572619910205,Jakob Poeltl,1627751,15.041514053146555,Rudy Gobert,203497,15.34319065214167
Jay Huff,1630643,Myles Turner,1626167,11.53625244425686,Quinten Post,1642366,12.722809069502365,Isaiah Stewart,1630191,12.786439235454507,Sandro Mamukelashvili,1630572,13.544566981707858,Wendell Carter Jr.,1628976,14.056523363209001
Jaylen Brown,1627759,Devin Booker,1626164,10.537844619375495,Anthony Edwards,1630162,11.08054707783855,Donovan Mitchell,1628378,11.729261057721002,Austin Reaves,1630559,12.755869803977275,Tyrese Maxey,1630178,13.051287967669417
Jaylen Clark,1641740,Ryan Dunn,1642346,10.970636069080376,Ja'Kobe Walter,1642266,11.156405945989649,Jordan Walsh,1641775,11.274740268980139,Will Richard,1642954,11.400808170915948,Hugo González,1642864,11.614703022845426
Jaylen Wells,1642377,Dalton Knecht,1642261,9.343355760804618,Tristan da Silva,1641783,9.466138239158521,Kobe Sanders,1642920,9.843199861963997,Justin Edwards,1642348,10.243433048367578,Cedric Coward,1642907,10.274294803092973
Jaylin Williams,1631119,Draymond Green,203110,12.32049854745312,Al Horford,201143,16.12945678720897,Kevin Love,201567,18.533451934447452,Kelly Olynyk,203482,18.754647480849325,,,
Jaylon Tyson,1642281,Collin Murray-Boyles,1642867,10.294995935067067,Josh Minott,1631169,10.458118616405004,Will Richard,1642954,10.52688870155077,Ryan Dunn,1642346,10.761435854035419,Jordan Walsh,1641775,11.854511155396391
Jerami Grant,203924,De'Andre Hunter,1629631,10.285898642112532,Trey Murphy III,1630530,10.899180744052225,Bennedict Mathurin,1631097,11.072249665150615,Desmond Bane,1630217,11.280552784057164,Norman Powell,1626181,11.40245726170417
Jeremiah Fears,1642847,Brandon Williams,1630314,10.666483954760231,Dylan Harper,1642844,12.409408482852172,Stephon Castle,1642264,12.995602240658757,Ajay Mitchell,1642349,13.270369441677468,Tre Jones,1630200,13.91583838281905
Jeremiah Robinson-Earl,1630526,Jabari Walker,1631133,12.812241389200008,Kris Murray,1631200,13.559306035197029,Micah Peavy,1642877,13.668581804009426,Ochai Agbaji,1630534,14.039412447668953,Julian Phillips,1641763,14.844252750446474
Jeremy Sochan,1631110,Precious Achiuwa,1630173,12.769606655497485,Jabari Walker,1631133,13.033712519954364,Kris Murray,1631200,14.129145787849723,Larry Nance Jr.,1626204,14.594638496864514,Micah Peavy,1642877,15.926458323996933
Jericho Sims,1630579,Yves Missi,1642274,16.054867424190892,Tony Bradley,1628396,16.346614867532647,Moussa Cisse,1630619,18.420093129469617,Robert Williams III,1629057,18.490380297794342,Adem Bona,1641737,19.300932955386155
Jett Howard,1641724,Gabe Vincent,1629216,14.818466721458455,Ousmane Dieng,1631172,15.309366297821962,Luguentz Dort,1629652,15.457269185690206,Julian Champagnie,1630577,15.825786155652422,Ziaire Williams,1630533,16.38418708186346
Jevon Carter,1628975,Isaiah Joe,1630198,12.737214833615484,Aaron Holiday,1628988,12.895067607446192,Landry Shamet,1629013,13.950724675340634,Jaden Hardy,1630702,14.180638836605626,Miles McBride,1630540,14.19928888902813
Jimmy Butler III,202710,Pascal Siakam,1627783,12.910674947997254,Julius Randle,203944,13.954926004817546,Franz Wagner,1630532,14.118225316869458,Deni Avdija,1630166,14.879628812129942,Paolo Banchero,1631094,15.64427594656309
Jock Landale,1629111,Onyeka Okongwu,1630168,11.190178238353095,Wendell Carter Jr.,1628976,11.204465152636205,Isaiah Stewart,1630191,12.76508190808164,Sandro Mamukelashvili,1630572,13.354879523106813,Myles Turner,1626167,13.495884167895294
John Collins,1628381,Rui Hachimura,1629060,10.890353695490846,Jabari Smith Jr.,1631095,11.14972267367126,P.J. Washington,1629023,11.233813665860371,Kyle Kuzma,1628398,11.247975522830965,Jaden McDaniels,1630183,11.46413086338604
John Konchar,1629723,Alex Caruso,1627936,13.457760954698193,Cason Wallace,1641717,13.479641274790778,Jordan Goodwin,1630692,14.280830406732429,Gary Payton II,1627780,14.499766405607627,Dalen Terry,1631207,15.126941047338235
Jonas Valančiūnas,202685,Kristaps Porziņģis,204001,16.9362518075442,Nikola Jokić,203999,18.202894864235287,,,,,,,,,
Jonathan Isaac,1628371,Jabari Walker,1631133,14.01179734945692,Precious Achiuwa,1630173,14.879446084754989,Julian Phillips,1641763,15.196943878204971,Kris Murray,1631200,15.46634828453869,Jarred Vanderbilt,1629020,15.538336770094732
Jonathan Kuminga,1630228,P.J. Washington,1629023,10.328798884653107,Kyle Kuzma,1628398,11.094220640057115,Miles Bridges,1628970,11.977115541016484,RJ Barrett,1629628,12.215631181411492,Anthony Black,1641710,12.556748464832262
Jordan Clarkson,203903,Ayo Dosunmu,1630245,12.408051778717484,Jaden Hardy,1630702,12.526916434803908,Aaron Wiggins,1630598,12.87929099587732,Miles McBride,1630540,13.343203865905176,Landry Shamet,1629013,13.997210384616933
Jordan Goodwin,1630692,Cason Wallace,1641717,10.149716096598695,Alex Caruso,1627936,12.631476255690247,Gary Payton II,1627780,14.136446877409762,John Konchar,1629723,14.280830406732429,Dalen Terry,1631207,17.10641130931886
Jordan Hawkins,1641722,Cameron Johnson,1629661,12.347347660891467,Gary Trent Jr.,1629018,12.417319052961403,Devin Vassell,1630170,12.53324465315943,Sam Hauser,1630573,12.727972609964024,Aaron Nesmith,1630174,12.89688678299105
Jordan Walsh,1641775,Will Richard,1642954,10.000336487904944,Ryan Dunn,1642346,10.013280296666853,Josh Minott,1631169,10.360736826382839,Hugo González,1642864,10.816546835094885,Jaylen Clark,1641740,11.274740268980139
Jose Alvarado,1630631,Caris LeVert,1627747,9.901796154643796,Grayson Allen,1628960,11.367876111280433,Immanuel Quickley,1630193,11.39874822504471,Brandin Podziemski,1641764,11.949109689985816,Ryan Rollins,1631157,11.964645511621422
Josh Giddey,1630581,Jalen Johnson,1630552,10.306209597055094,Deni Avdija,1630166,11.12714530609971,Franz Wagner,1630532,13.301557992903652,Pascal Siakam,1627783,13.99567897854304,Julius Randle,203944,15.563132670147398
Josh Hart,1628404,Trendon Watford,1630570,12.507031224689445,Ausar Thompson,1641709,12.809610331031847,Craig Porter Jr.,1641854,12.953742211718964,Dyson Daniels,1630700,13.250095505404245,Dru Smith,1630696,13.808621156051409
Josh Minott,1631169,Ryan Dunn,1642346,10.29720000410731,Jordan Walsh,1641775,10.360736826382839,Jaylon Tyson,1642281,10.458118616405004,Mouhamed Gueye,1631243,10.904919513209443,Will Richard,1642954,11.16572375457576
Josh Okogie,1629006,Jake LaRavia,1631222,9.872748770744435,Javonte Green,1629750,11.02192908112182,Herbert Jones,1630529,11.60745857371106,Bruce Brown,1628971,11.702758642910764,Peyton Watson,1631212,11.7318074973687
Jrue Holiday,201950,Dennis Schröder,203471,12.368614379957485,Vince Williams Jr.,1631246,12.810255374623596,Russell Westbrook,201566,12.978902423539534,D'Angelo Russell,1626156,13.141342750497838,Andrew Nembhard,1629614,13.586149566860541
Julian Champagnie,1630577,Ziaire Williams,1630533,9.686370160757763,Luguentz Dort,1629652,10.953723393060114,Royce O'Neale,1626220,11.050592772006636,Kobe Brown,1641738,11.977748816228122,Ousmane Dieng,1631172,12.49013637081145
Julian Phillips,1641763,Kris Murray,1631200,11.114131853015726,Micah Peavy,1642877,12.658746931546883,Ochai Agbaji,1630534,12.718931662699134,Jabari Walker,1631133,13.621454524393288,Jeremiah Robinson-Earl,1630526,14.844252750446474
Julius Randle,203944,Pascal Siakam,1627783,9.777719506515611,Deni Avdija,1630166,11.862621390092407,Franz Wagner,1630532,12.307572874848152,Jalen Johnson,1630552,12.764629234231608,Jimmy Butler III,202710,13.954926004817546
Justin Champagnie,1630551,,,,,,,,,,,,,,,
Justin Edwards,1642348,Kobe Sanders,1642920,7.911840624168747,Dalton Knecht,1642261,9.552530718644125,Liam McNeeley,1642862,9.8620703217945,Jaylen Wells,1642377,10.243433048367578,Guerschon Yabusele,1627824,10.396174846496582
Jusuf Nurkić,203994,Domantas Sabonis,1627734,14.474304562315004,Maxime Raynaud,1642875,16.015640183510165,Nic Claxton,1629651,16.01566094369492,Alex Sarr,1642259,17.447514914292956,Tristan Vukcevic,1641774,17.55052631068961
KJ Simpson,1642354,Ben Saraf,1642879,11.153538046936283,Daniss Jenkins,1642450,12.085690147789341,Rob Dillingham,1642265,12.225077834124242,Tyler Kolek,1642278,12.614189234219191,Tyrese Proctor,1642878,12.624880204352293
Karl-Anthony Towns,1626157,Chet Holmgren,1631096,11.12438225680004,Evan Mobley,1630596,11.278816392035141,Bam Adebayo,1628389,12.252589167117703,Alperen Sengun,1630578,12.719337477154024,Scottie Barnes,1630567,12.880042708521533
Karlo Matković,1631255,Jaxson Hayes,1629637,14.680794534315181,Drew Eubanks,1629234,16.169634806342675,Luke Kornet,1628436,16.818254197630473,Ryan Kalkbrenner,1641750,17.637995860077908,Oso Ighodaro,1642345,17.82683290189853
Kawhi Leonard,202695,Pascal Siakam,1627783,12.296353054913434,Paolo Banchero,1631094,13.589603386838622,Franz Wagner,1630532,14.70325545968769,Julius Randle,203944,14.841775221984978,Jimmy Butler III,202710,16.28831813336538
Keaton Wallace,1630811,Lonzo Ball,1628366,11.022680180238947,Jamal Shead,1642347,11.588768638832377,Egor Dëmin,1642856,11.810717907943856,Daniss Jenkins,1642450,12.069004055727023,Jared McCain,1642272,12.10752677543978
Kel'el Ware,1642276,Donovan Clingan,1642270,12.101325162170914,Andre Drummond,203083,13.801914967785914,Tony Bradley,1628396,16.03812905894851,Yves Missi,1642274,16.147766608079486,Robert Williams III,1629057,16.971038656016862
Keldon Johnson,1629640,Naji Marshall,1630230,11.091616885219366,Kyle Kuzma,1628398,11.37455457342428,Jaden McDaniels,1630183,11.477307844448797,Kelly Oubre Jr.,1626162,12.3623202530819,RJ Barrett,1629628,12.50103332668955
Kelly Olynyk,203482,Kevin Love,201567,16.207402695750332,Al Horford,201143,17.125298041352323,Draymond Green,203110,18.28980074833786,Jaylin Williams,1631119,18.754647480849325,,,
Kelly Oubre Jr.,1626162,Jaden McDaniels,1630183,10.815764399401106,Kyle Kuzma,1628398,10.860160367832245,Harrison Barnes,203084,11.491273081555759,Jabari Smith Jr.,1631095,11.881680591169316,Andrew Wiggins,203952,11.932301517587376
Kentavious Caldwell-Pope,203484,Mike Conley,201144,10.27796497129364,Tyus Jones,1626145,13.800860872185538,Marcus Smart,203935,15.162336257691575,Gary Harris,203914,15.284099626120087,Chris Paul,101108,19.121376956951035
Keon Ellis,1631165,Ja'Kobe Walter,1642266,11.058127860783124,Jaylen Clark,1641740,12.503965156888892,Will Richard,1642954,12.855807659548244,Ryan Dunn,1642346,13.988369945772243,Jordan Walsh,1641775,14.567581901631456
Kevin Durant,201142,Brandon Ingram,1627742,11.504191349782653,DeMar DeRozan,201942,12.58320314240164,Khris Middleton,203114,17.763863207778762,,,,,,
Kevin Huerter,1628989,Jake LaRavia,1631222,9.226802513035622,Toumani Camara,1641739,10.647846854490718,Herbert Jones,1630529,10.768955936250224,Patrick Williams,1630172,11.374618691600167,Terance Mann,1629611,11.694477500251802
Kevin Love,201567,Al Horford,201143,15.246718722283116,Kelly Olynyk,203482,16.207402695750332,Jaylin Williams,1631119,18.533451934447452,Draymond Green,203110,19.11360567163909,,,
Kevon Looney,1626172,Yves Missi,1642274,15.688567952188816,Trayce Jackson-Davis,1631218,16.12068947687632,Donovan Clingan,1642270,16.69177499532829,Clint Capela,203991,17.25443602821195,Moussa Cisse,1630619,17.48663433093281
Keyonte George,1641718,Collin Sexton,1629012,9.213078097468838,Andrew Nembhard,1629614,9.777945177364531,D'Angelo Russell,1626156,11.760271987177207,Dennis Schröder,203471,13.453998845662367,LaMelo Ball,1630163,13.75113768584327
Khris Middleton,203114,DeMar DeRozan,201942,13.561243062462697,Brandon Ingram,1627742,14.309565601384106,Kevin Durant,201142,17.763863207778762,,,,,,
Klay Thompson,202691,Devin Vassell,1630170,12.514804480803043,Jordan Hawkins,1641722,13.810913889201675,Duncan Robinson,1629130,13.85846971144454,Moses Moody,1630541,13.90231438312082,Brice Sensabaugh,1641729,14.27735833306438
Kobe Brown,1641738,Ousmane Dieng,1631172,10.446055345898653,Ziaire Williams,1630533,10.785538765695769,Julian Champagnie,1630577,11.977748816228122,Luguentz Dort,1629652,12.653596621008704,Royce O'Neale,1626220,12.844556361562137
Kobe Sanders,1642920,Sidy Cissoko,1631321,7.613110674292563,Justin Edwards,1642348,7.911840624168747,Sion James,1642883,9.089746899624883,Liam McNeeley,1642862,9.30596842525441,Drake Powell,1642962,9.37580707381774
Kon Knueppel,1642851,Max Christie,1631108,10.631352177493195,Devin Vassell,1630170,11.863833824070866,Duncan Robinson,1629130,12.533436308864715,Luke Kennard,1628379,12.538445380330922,Svi Mykhailiuk,1629004,12.677404806378354
Kris Dunn,1627739,Jake LaRavia,1631222,9.08420130165062,Terance Mann,1629611,9.146446883819781,Bruce Brown,1628971,9.64810672053746,Peyton Watson,1631212,10.745300744284117,Herbert Jones,1630529,10.919087499587754
Kris Murray,1631200,Micah Peavy,1642877,10.120517215095008,Julian Phillips,1641763,11.114131853015726,Jabari Walker,1631133,12.794693143028686,Ochai Agbaji,1630534,13.040846306545024,Jeremiah Robinson-Earl,1630526,13.559306035197029
Kristaps Porziņģis,204001,Jonas Valančiūnas,202685,16.9362518075442,Nikola Jokić,203999,19.50697696626068,,,,,,,,,
Kyle Filipowski,1642271,Onyeka Okongwu,1630168,10.64577562848271,Santi Aldama,1630583,11.043492691763749,Sandro Mamukelashvili,1630572,11.204573747097369,Quinten Post,1642366,12.255278180418715,Naz Reid,1629675,12.310016211873972
Kyle Kuzma,1628398,Jaden McDaniels,1630183,9.728444878103252,RJ Barrett,1629628,10.01925938674065,P.J. Washington,1629023,10.285977172902523,Andrew Wiggins,203952,10.52997720370217,Naji Marshall,1630230,10.581565854050087
Kyshawn George,1642273,Walter Clayton Jr.,1642383,10.42758960671877,Egor Dëmin,1642856,10.444527693574322,Tyrese Martin,1631213,12.021779018654732,Daniss Jenkins,1642450,12.615379411548638,Bub Carrington,1642267,13.026838252552382
LaMelo Ball,1630163,D'Angelo Russell,1626156,11.986816122744058,Ja Morant,1629630,13.196910030090473,Keyonte George,1641718,13.75113768584327,Collin Sexton,1629012,14.113932009886986,Andrew Nembhard,1629614,14.25221612169619
Landry Shamet,1629013,Miles McBride,1630540,9.661645807830444,Corey Kispert,1630557,10.24118081050667,Isaiah Joe,1630198,11.756544762187628,Ayo Dosunmu,1630245,13.483037241724487,Aaron Holiday,1628988,13.837712722787066
Larry Nance Jr.,1626204,Kris Murray,1631200,14.017262031903497,Jabari Walker,1631133,14.035291085519068,Micah Peavy,1642877,14.394967990950995,Jeremy Sochan,1631110,14.594638496864514,Ochai Agbaji,1630534,15.529466338919125
Lauri Markkanen,1628374,Michael Porter Jr.,1629008,12.422771510588785,Trey Murphy III,1630530,13.021851252205373,Norman Powell,1626181,14.313560513307035,Jerami Grant,203924,14.958519888578465,Zach LaVine,203897,15.074251419613582
Liam McNeeley,1642862,Guerschon Yabusele,1627824,9.165672546466265,Kobe Sanders,1642920,9.30596842525441,Justin Edwards,1642348,9.8620703217945,Dalton Knecht,1642261,9.93823905580787,Sion James,1642883,10.495456026886572
Lonzo Ball,1628366,Keaton Wallace,1630811,11.022680180238947,Egor Dëmin,1642856,11.226813207127375,Tyrese Martin,1631213,12.250476248544727,Jamal Shead,1642347,12.335578131975478,Walter Clayton Jr.,1642383,13.416474813058517
Luguentz Dort,1629652,Ousmane Dieng,1631172,10.094247556815738,Ziaire Williams,1630533,10.675325482328422,Julian Champagnie,1630577,10.953723393060114,Gabe Vincent,1629216,12.421769487785216,Royce O'Neale,1626220,12.5041802086186
Luka Dončić,1629029,Jaylen Brown,1627759,15.646994362427199,Anthony Edwards,1630162,15.756621147234785,Cade Cunningham,1630595,15.994896349947727,Devin Booker,1626164,16.021215866818846,Austin Reaves,1630559,16.305370302720153
Luka Garza,1630568,Marvin Bagley III,1628963,13.431056390100787,Moussa Diabaté,1631217,16.20074086217973,Day'Ron Sharpe,1630549,16.22061610539487,Neemias Queta,1629674,16.432558038167127,Jakob Poeltl,1627751,16.751425745035082
Luke Kennard,1628379,Max Christie,1631108,9.289107248269268,Cameron Johnson,1629661,10.222935997909824,Devin Vassell,1630170,10.244311266866369,Svi Mykhailiuk,1629004,10.347875277798053,Vít Krejčí,1630249,10.546900929819623
Luke Kornet,1628436,Rudy Gobert,203497,13.94623898393404,Neemias Queta,1629674,14.27516590663299,Jakob Poeltl,1627751,14.68951421174307,Ryan Kalkbrenner,1641750,16.41610205719688,Jaxson Hayes,1629637,16.61654078992065
Malik Monk,1628370,Desmond Bane,1630217,9.450325204251254,Zach LaVine,203897,10.039021306986958,De'Andre Hunter,1629631,10.468171011150256,CJ McCollum,203468,10.919137876358418,Anfernee Simons,1629014,11.037589099496453
Marcus Smart,203935,Kentavious Caldwell-Pope,203484,15.162336257691575,Gary Harris,203914,16.752974909641008,Mike Conley,201144,17.36691779171211,Tyus Jones,1626145,17.42617843784441,Chris Paul,101108,19.71357901319914
Mark Williams,1631109,Isaiah Hartenstein,1628392,14.741770683359334,Neemias Queta,1629674,14.822269116386188,Jaxson Hayes,1629637,14.855572619910205,Rudy Gobert,203497,15.162690776809297,Goga Bitadze,1629048,15.340583025207454
Marvin Bagley III,1628963,Luka Garza,1630568,13.431056390100787,Drew Eubanks,1629234,14.419326920511462,Isaiah Jackson,1630543,14.424125424140353,Paul Reed,1630194,14.461692850078313,Day'Ron Sharpe,1630549,14.779362668976242
Matas Buzelis,1641824,Cedric Coward,1642907,10.144700295353136,Cooper Flagg,1642843,11.197183131143158,Zaccharie Risacher,1642258,11.213360002844155,Tristan da Silva,1641783,11.258952768246955,Jaylen Wells,1642377,11.63031980729472
Max Christie,1631108,Luke Kennard,1628379,9.289107248269268,Vít Krejčí,1630249,9.5592532000189,Svi Mykhailiuk,1629004,9.711916982722954,Duncan Robinson,1629130,9.997805300186059,Devin Vassell,1630170,10.36681163341762
Maxime Raynaud,1642875,Alex Sarr,1642259,12.082618789754559,Domantas Sabonis,1627734,15.517933860854955,Tristan Vukcevic,1641774,15.546140866789212,Nic Claxton,1629651,15.786684878217285,Jusuf Nurkić,203994,16.015640183510165
Micah Peavy,1642877,Kris Murray,1631200,10.120517215095008,Cody Williams,1642262,12.023438601238007,Julian Phillips,1641763,12.658746931546883,Jabari Walker,1631133,13.127411885103601,Ochai Agbaji,1630534,13.564895563537462
Michael Porter Jr.,1629008,Trey Murphy III,1630530,11.364173116244158,De'Andre Hunter,1629631,12.225901568614205,Lauri Markkanen,1628374,12.422771510588785,Zach LaVine,203897,13.11064579388912,Stephen Curry,201939,13.761783470897328
Mikal Bridges,1628969,Immanuel Quickley,1630193,13.32168111793349,Payton Pritchard,1630202,13.38968180876826,Reed Sheppard,1642263,13.845634593651504,Brandin Podziemski,1641764,13.922301058836219,Caris LeVert,1627747,14.232844512603695
Mike Conley,201144,Kentavious Caldwell-Pope,203484,10.277964971293642,Tyus Jones,1626145,14.48038558923286,Gary Harris,203914,17.285604421110445,Marcus Smart,203935,17.36691779171211,Chris Paul,101108,20.440090241517545
Miles Bridges,1628970,P.J. Washington,1629023,10.028875404204394,Saddiq Bey,1630180,10.16433943283871,Jabari Smith Jr.,1631095,10.675535469676484,Kyle Kuzma,1628398,10.945411034306574,Tobias Harris,202699,11.910050800744816
Miles McBride,1630540,Landry Shamet,1629013,9.661645807830444,Isaiah Joe,1630198,12.26374774432029,Corey Kispert,1630557,12.542091608867958,Aaron Wiggins,1630598,12.57605855109392,Ayo Dosunmu,1630245,12.989893431057807
Mitchell Robinson,1629011,Clint Capela,203991,16.034530503233064,Steven Adams,203500,18.14437827823988,Andre Drummond,203083,18.53445985968664,Moussa Cisse,1630619,18.59915863278882,Kevon Looney,1626172,18.604957031639014
Moses Moody,1630541,Devin Vassell,1630170,10.309921196094344,Donte DiVincenzo,1628978,10.476798633828341,Duncan Robinson,1629130,10.596415148694804,Max Christie,1631108,10.80906808843979,Brice Sensabaugh,1641729,10.96142764417092
Mouhamed Gueye,1631243,Ryan Dunn,1642346,10.395351741710542,Dominick Barlow,1631230,10.515288324220137,Josh Minott,1631169,10.904919513209443,Nae'Qwan Tomlin,1641772,11.581591699330367,Jaylon Tyson,1642281,12.066850939464219
Moussa Cisse,1630619,Adem Bona,1641737,13.44423604032942,Yves Missi,1642274,14.670493432481054,Tony Bradley,1628396,16.26370774496513,Donovan Clingan,1642270,16.321071339478255,Trayce Jackson-Davis,1631218,16.81552534105925
Moussa Diabaté,1631217,Jakob Poeltl,1627751,12.401915480325576,Isaiah Jackson,1630543,12.57149568211038,Rudy Gobert,203497,13.115440237264037,Day'Ron Sharpe,1630549,13.509945777414096,Neemias Queta,1629674,13.805686142880472
Myles Turner,1626167,Onyeka Okongwu,1630168,9.819077422382911,Wendell Carter Jr.,1628976,10.537892252217848,Naz Reid,1629675,11.275982011564821,Isaiah Stewart,1630191,11.457099738791108,Sandro Mamukelashvili,1630572,11.483240798222125
Nae'Qwan Tomlin,1641772,Ryan Dunn,1642346,9.273048472387224,Collin Murray-Boyles,1642867,11.428747422280972,Mouhamed Gueye,1631243,11.581591699330367,Dominick Barlow,1631230,11.833353850998765,Will Richard,1642954,11.839612845208082
Naji Marshall,1630230,Jaden McDaniels,1630183,9.27911950582101,Anthony Black,1641710,10.370023590417683,Kyle Kuzma,1628398,10.581565854050087,Jabari Smith Jr.,1631095,10.976487247704691,Keldon Johnson,1629640,11.091616885219366
Naz Reid,1629675,Onyeka Okongwu,1630168,9.901471916780048,Santi Aldama,1630583,10.319741316549635,Myles Turner,1626167,11.275982011564821,Kyle Filipowski,1642271,12.310016211873972,Bobby Portis,1626171,12.524812921577205
Neemias Queta,1629674,Rudy Gobert,203497,9.679058373857746,Jakob Poeltl,1627751,10.105623914395494,Isaiah Hartenstein,1628392,11.259228913098038,Isaiah Jackson,1630543,12.38766163580387,Goga Bitadze,1629048,12.893357058779916
Nic Claxton,1629651,Derik Queen,1642852,13.133502623647246,Alex Sarr,1642259,13.586536040906925,Maxime Raynaud,1642875,15.786684878217285,Domantas Sabonis,1627734,15.984616501119952,Jusuf Nurkić,203994,16.01566094369492
Nickeil Alexander-Walker,1629638,Desmond Bane,1630217,10.37370972184694,Trey Murphy III,1630530,10.998895180664324,Malik Monk,1628370,11.37193396201997,De'Andre Hunter,1629631,11.440649680102428,Jerami Grant,203924,11.45980024782096
Nicolas Batum,201587,Julian Champagnie,1630577,12.987691737265552,Luguentz Dort,1629652,13.129742074413686,Royce O'Neale,1626220,13.457527870301028,Gabe Vincent,1629216,13.937919379424065,Ziaire Williams,1630533,13.997496532233702
Nikola Jokić,203999,Jonas Valančiūnas,202685,18.202894864235287,Kristaps Porziņģis,204001,19.506976966260684,,,,,,,,,
Nikola Jović,1631107,Jake LaRavia,1631222,12.235871593362647,Kevin Huerter,1628989,12.642495322877375,Patrick Williams,1630172,12.726197944795384,Herbert Jones,1630529,12.944211117802114,Toumani Camara,1641739,13.029682846007416
Nikola Vučević,202696,Bobby Portis,1626171,12.60893322994928,Onyeka Okongwu,1630168,13.171646583036887,Naz Reid,1629675,14.147491510419771,Jock Landale,1629111,14.59551425627403,Jalen Smith,1630188,15.201418924370616
Nique Clifford,1642363,Kobe Sanders,1642920,9.855600569543624,Pelle Larsson,1641796,10.42350932628035,Terrence Shannon Jr.,1630545,10.493247390394318,Drake Powell,1642962,10.922514402633587,Sidy Cissoko,1631321,11.132833893280349
Noah Clowney,1641730,Moses Moody,1630541,12.269784740821644,Max Christie,1631108,12.333631063635814,Kon Knueppel,1642851,12.830083824579326,Cameron Johnson,1629661,13.030751246627716,Brice Sensabaugh,1641729,13.166797193731817
Norman Powell,1626181,Jerami Grant,203924,11.40245726170417,Trey Murphy III,1630530,12.052391637312425,Zach LaVine,203897,12.626028386208112,Bennedict Mathurin,1631097,12.651903833156446,De'Andre Hunter,1629631,12.71295026755207
OG Anunoby,1628384,Isaiah Joe,1630198,12.31535338617902,Aaron Wiggins,1630598,12.795892538044578,Tari Eason,1631106,13.154137924138123,Ayo Dosunmu,1630245,13.562322824974887,Miles McBride,1630540,14.042458843075877
Ochai Agbaji,1630534,Julian Phillips,1641763,12.718931662699134,Kris Murray,1631200,13.040846306545024,Micah Peavy,1642877,13.564895563537462,Jeremiah Robinson-Earl,1630526,14.039412447668953,Cody Williams,1642262,14.492949163720366
Onyeka Okongwu,1630168,Sandro Mamukelashvili,1630572,9.683314857947629,Santi Aldama,1630583,9.811309379869831,Myles Turner,1626167,9.819077422382911,Naz Reid,1629675,9.901471916780048,Wendell Carter Jr.,1628976,10.287472872926399
Oso Ighodaro,1642345,Isaiah Jackson,1630543,14.265854849393943,Jakob Poeltl,1627751,14.687016097583184,Drew Eubanks,1629234,15.19630839871659,Neemias Queta,1629674,15.665738354883773,Rudy Gobert,203497,15.667916736657205
Ousmane Dieng,1631172,Luguentz Dort,1629652,10.094247556815732,Kobe Brown,1641738,10.446055345898653,Ziaire Williams,1630533,11.961250804053075,Julian Champagnie,1630577,12.49013637081145,Royce O'Neale,1626220,13.370002377542226
P.J. Washington,1629023,Miles Bridges,1628970,10.028875404204394,Kyle Kuzma,1628398,10.285977172902523,Jonathan Kuminga,1630228,10.328798884653107,Jabari Smith Jr.,1631095,10.65070289627751,Jaden McDaniels,1630183,11.03060219469627
Paolo Banchero,1631094,Pascal Siakam,1627783,11.902520708929876,Franz Wagner,1630532,12.763465282058508,Kawhi Leonard,202695,13.589603386838622,Julius Randle,203944,14.01081563126505,Deni Avdija,1630166,14.081753783905711
Pascal Siakam,1627783,Franz Wagner,1630532,9.217200065584485,Julius Randle,203944,9.777719506515611,Deni Avdija,1630166,11.208962604659604,Paolo Banchero,1631094,11.902520708929876,Kawhi Leonard,202695,12.296353054913434
Pat Spencer,1630311,Brandon Williams,1630314,13.168987288451783,Tre Jones,1630200,13.543363697098147,Dylan Harper,1642844,13.918679396019696,Stephon Castle,1642264,13.933630647374324,Ajay Mitchell,1642349,14.326067924021505
Patrick Williams,1630172,Herbert Jones,1630529,8.22635267196933,Jake LaRavia,1631222,9.626018855589423,Toumani Camara,1641739,10.157776204915004,Jarace Walker,1641716,10.68210726456378,Bruce Brown,1628971,11.107047418124326
Paul Reed,1630194,Day'Ron Sharpe,1630549,14.39093002670042,Marvin Bagley III,1628963,14.461692850078315,Mark Williams,1631109,15.715953378965091,Isaiah Hartenstein,1628392,15.786847996075636,Jakob Poeltl,1627751,16.08302325288264
Payton Pritchard,1630202,Immanuel Quickley,1630193,9.541306863329167,Collin Gillespie,1631221,9.971530870674794,Derrick White,1628401,10.864775130477243,Quentin Grimes,1629656,10.938059393191294,Ryan Rollins,1631157,11.605594412979551
Pelle Larsson,1641796,Nique Clifford,1642363,10.42350932628035,Kobe Sanders,1642920,11.279744586168912,Jaylen Wells,1642377,11.577489769207485,Sion James,1642883,12.01900413121014,Matas Buzelis,1641824,12.148494910118913
Peyton Watson,1631212,Jake LaRavia,1631222,8.81997015680033,Bruce Brown,1628971,10.031001083367599,Christian Braun,1631128,10.68754832251817,Kris Dunn,1627739,10.745300744284117,Javonte Green,1629750,10.783031060986335
Precious Achiuwa,1630173,Jabari Walker,1631133,11.941692271130973,Jeremy Sochan,1631110,12.769606655497487,Micah Peavy,1642877,14.145595649066276,Kris Murray,1631200,14.375247177517657,Jonathan Isaac,1628371,14.879446084754987
Quentin Grimes,1629656,Brandin Podziemski,1641764,10.115781214209164,Caris LeVert,1627747,10.712199070343495,Payton Pritchard,1630202,10.938059393191294,Grayson Allen,1628960,11.307235489155588,Immanuel Quickley,1630193,11.71299002213333
Quinten Post,1642366,Sandro Mamukelashvili,1630572,11.984174888118321,Kyle Filipowski,1642271,12.255278180418715,Myles Turner,1626167,12.710790159279899,Jay Huff,1630643,12.722809069502365,Onyeka Okongwu,1630168,13.108138226302177
RJ Barrett,1629628,Kyle Kuzma,1628398,10.01925938674065,Jaden McDaniels,1630183,10.605937483786237,Anthony Black,1641710,11.273624486136617,Naji Marshall,1630230,11.908960977394978,Miles Bridges,1628970,12.192208749572027
RayJ Dennis,1642484,Ben Saraf,1642879,12.673091763265269,Tyrese Proctor,1642878,12.739205675891876,Jared McCain,1642272,12.885292764493448,Caleb Love,1631126,13.076138130451353,Rob Dillingham,1642265,13.344393580572506
Reed Sheppard,1642263,Jose Alvarado,1630631,11.985006493969202,Collin Gillespie,1631221,12.091566570646131,Cam Spencer,1642285,12.467584349915118,Immanuel Quickley,1630193,12.889652450108192,Derrick White,1628401,13.333053627925292
Rob Dillingham,1642265,Daniss Jenkins,1642450,10.941403358862635,Ben Saraf,1642879,11.393723891560821,KJ Simpson,1642354,12.225077834124242,Tyler Kolek,1642278,12.756522220860914,RayJ Dennis,1642484,13.344393580572506
Robert Williams III,1629057,Clint Capela,203991,14.654847880728143,Andre Drummond,203083,15.057021152254224,Donovan Clingan,1642270,15.806557195465633,Trayce Jackson-Davis,1631218,16.51347429642492,Kel'el Ware,1642276,16.971038656016862
Ronald Holland II,1641842,VJ Edgecombe,1642845,10.775095810551214,Tristan da Silva,1641783,11.31547180680174,Kobe Sanders,1642920,11.349340851943394,Jaylen Wells,1642377,11.372502902333721,Drake Powell,1642962,11.466802715831443
Royce O'Neale,1626220,Julian Champagnie,1630577,11.050592772006635,Luguentz Dort,1629652,12.504180208618596,Kobe Brown,1641738,12.844556361562137,Ousmane Dieng,1631172,13.370002377542226,Nicolas Batum,201587,13.45752787030103
Rudy Gobert,203497,Neemias Queta,1629674,9.679058373857746,Jakob Poeltl,1627751,10.433980476388001,Isaiah Hartenstein,1628392,12.2159268311439,Goga Bitadze,1629048,12.932965257116255,Isaiah Jackson,1630543,13.048390585494172
Rui Hachimura,1629060,Jabari Smith Jr.,1631095,9.71036499880093,John Collins,1628381,10.890353695490846,Jaden McDaniels,1630183,11.35494408218535,Harrison Barnes,203084,11.669928209939714,Saddiq Bey,1630180,11.990266628390481
Russell Westbrook,201566,Jrue Holiday,201950,12.978902423539534,Dennis Schröder,203471,13.069951386674411,Vince Williams Jr.,1631246,14.041617732840308,D'Angelo Russell,1626156,14.912416970091545,Cole Anthony,1630175,15.050546598697556
Ryan Dunn,1642346,Nae'Qwan Tomlin,1641772,9.273048472387224,Will Richard,1642954,9.918061102994356,Jordan Walsh,1641775,10.013280296666853,Josh Minott,1631169,10.29720000410731,Mouhamed Gueye,1631243,10.395351741710542
Ryan Kalkbrenner,1641750,Rudy Gobert,203497,13.250219625645695,Moussa Diabaté,1631217,14.367196361569397,Jakob Poeltl,1627751,14.739745169696118,Neemias Queta,1629674,14.8582002702939,Daniel Gafford,1629655,15.31484747893909
Ryan Nembhard,1642948,Daniss Jenkins,1642450,12.73503186787627,Tyler Kolek,1642278,13.686086299073597,Keaton Wallace,1630811,15.688809671154553,Walter Clayton Jr.,1642383,15.941997630573049,Jamal Shead,1642347,16.30214460948374
Ryan Rollins,1631157,Immanuel Quickley,1630193,10.830962499914662,Collin Gillespie,1631221,11.181911650747507,Payton Pritchard,1630202,11.605594412979551,Derrick White,1628401,11.66999842502296,Jose Alvarado,1630631,11.964645511621422
Saddiq Bey,1630180,Miles Bridges,1628970,10.16433943283871,P.J. Washington,1629023,11.540662899986618,Jabari Smith Jr.,1631095,11.72707782960972,Tobias Harris,202699,11.756306002722908,Harrison Barnes,203084,11.918454523118953
Sam Hauser,1630573,Duncan Robinson,1629130,9.528508462297964,Simone Fontecchio,1631323,11.049122969517175,Svi Mykhailiuk,1629004,11.274257460401648,Max Christie,1631108,11.61311165541097,Buddy Hield,1627741,11.932208875713098
Sam Merrill,1630241,Isaiah Joe,1630198,14.01078393816454,Miles McBride,1630540,14.85983195053167,Corey Kispert,1630557,14.997936507958698,Landry Shamet,1629013,15.546108359205482,Aaron Wiggins,1630598,16.086484623228905
Sandro Mamukelashvili,1630572,Onyeka Okongwu,1630168,9.683314857947627,Santi Aldama,1630583,9.855102606327701,Kyle Filipowski,1642271,11.20457374709737,Myles Turner,1626167,11.483240798222127,Wendell Carter Jr.,1628976,11.58323958826411
Santi Aldama,1630583,Onyeka Okongwu,1630168,9.81130937986983,Sandro Mamukelashvili,1630572,9.855102606327701,Naz Reid,1629675,10.319741316549635,Kyle Filipowski,1642271,11.04349269176375,Myles Turner,1626167,12.021823245102098
Scottie Barnes,1630567,Evan Mobley,1630596,9.284560892007717,Chet Holmgren,1631096,11.880228915586335,Karl-Anthony Towns,1626157,12.880042708521533,Bam Adebayo,1628389,13.040388332421118,Alperen Sengun,1630578,13.903165466689883
Shaedon Sharpe,1631101,Anthony Black,1641710,12.634817363314182,Cam Whitmore,1641715,13.060291996405391,RJ Barrett,1629628,13.266170672756875,Dillon Brooks,1628415,13.45416855401815,Jonathan Kuminga,1630228,13.884659730823724
Shai Gilgeous-Alexander,1628983,Donovan Mitchell,1628378,15.78860897948336,Cade Cunningham,1630595,16.01028844745075,Austin Reaves,1630559,16.58084885924774,Anthony Edwards,1630162,16.58579349614644,Jaylen Brown,1627759,16.96158442440328
Sidy Cissoko,1631321,Kobe Sanders,1642920,7.613110674292563,Sion James,1642883,10.047963443509795,Justin Edwards,1642348,10.557976056552576,Guerschon Yabusele,1627824,10.738367893705677,Nique Clifford,1642363,11.132833893280349
Simone Fontecchio,1631323,Buddy Hield,1627741,10.792901702892609,Sam Hauser,1630573,11.049122969517175,Gradey Dick,1641711,11.250740721304718,Moses Moody,1630541,11.389987085399778,Brice Sensabaugh,1641729,11.401994881650342
Sion James,1642883,Kobe Sanders,1642920,9.089746899624883,Sidy Cissoko,1631321,10.047963443509795,Liam McNeeley,1642862,10.495456026886572,Jaylen Wells,1642377,10.606465589741896,Justin Edwards,1642348,10.974623187270725
Spencer Jones,1642461,Baylor Scheierman,1631248,11.284798772706296,Will Richard,1642954,12.028979203309383,Jaylon Tyson,1642281,12.623878714759444,Collin Murray-Boyles,1642867,12.785775083069787,Hugo González,1642864,12.91510267640383
Stephen Curry,201939,Michael Porter Jr.,1629008,13.761783470897328,Norman Powell,1626181,15.341984161129163,CJ McCollum,203468,15.635281559657363,Zach LaVine,203897,16.010100503448786,Nickeil Alexander-Walker,1629638,16.27993242073115
Stephon Castle,1642264,Dylan Harper,1642844,11.272125124498526,Ajay Mitchell,1642349,12.439136541967132,Brandon Williams,1630314,12.652469498445578,Tre Jones,1630200,12.921309818545344,Jeremiah Fears,1642847,12.995602240658757
Steven Adams,203500,Yves Missi,1642274,14.961349330193206,Donovan Clingan,1642270,15.956820324211526,Andre Drummond,203083,16.126498267697897,Clint Capela,203991,16.445136527185436,Adem Bona,1641737,17.56809668374853
Svi Mykhailiuk,1629004,Cameron Johnson,1629661,9.403722333389217,Max Christie,1631108,9.711916982722954,Duncan Robinson,1629130,10.050041201639425,Vít Krejčí,1630249,10.114375042616375,Luke Kennard,1628379,10.347875277798053
T.J. McConnell,204456,,,,,,,,,,,,,,,
Tari Eason,1631106,Aaron Wiggins,1630598,13.153296549812866,OG Anunoby,1628384,13.154137924138121,Isaiah Joe,1630198,15.301588997818515,Ayo Dosunmu,1630245,16.07088940827998,Corey Kispert,1630557,16.132419890418518
Taylor Hendricks,1641707,Julian Phillips,1641763,15.43699643391839,Jeremiah Robinson-Earl,1630526,16.010123715260065,Kris Murray,1631200,16.232410625475513,Jabari Walker,1631133,16.26726457001804,Jonathan Isaac,1628371,16.30428049534858
Terance Mann,1629611,Kris Dunn,1627739,9.146446883819783,Bruce Brown,1628971,9.575834531080273,Jake LaRavia,1631222,9.74703150776435,Herbert Jones,1630529,9.957961520545975,Toumani Camara,1641739,10.595218737863389
Terrence Shannon Jr.,1630545,Kobe Sanders,1642920,9.9671297426775,Nique Clifford,1642363,10.493247390394318,Drake Powell,1642962,11.089364746063401,Sidy Cissoko,1631321,11.279555535439869,Jaylen Wells,1642377,11.579013475018446
Tidjane Salaün,1642275,Jaylon Tyson,1642281,12.481020695442565,Will Richard,1642954,13.066702675001038,Josh Minott,1631169,13.226437931438124,Jordan Walsh,1641775,13.605625374035029,Hugo González,1642864,14.281002909325265
Tim Hardaway Jr.,203501,Devin Vassell,1630170,10.97453302527852,Cameron Johnson,1629661,11.202351934864854,Duncan Robinson,1629130,11.69032333258438,Donte DiVincenzo,1628978,12.340769363414044,Gary Trent Jr.,1629018,12.803714783661556
Tobias Harris,202699,Jabari Smith Jr.,1631095,10.7493728650661,Andrew Wiggins,203952,11.274736192690003,Saddiq Bey,1630180,11.756306002722908,Miles Bridges,1628970,11.910050800744816,Jaren Jackson Jr.,1628991,12.448817250822568
Tony Bradley,1628396,Yves Missi,1642274,13.360686783873852,Kel'el Ware,1642276,16.03812905894851,Moussa Cisse,1630619,16.26370774496513,Jericho Sims,1630579,16.346614867532647,Donovan Clingan,1642270,17.132816707625967
Toumani Camara,1641739,Jake LaRavia,1631222,7.656197471064191,Patrick Williams,1630172,10.157776204915004,Terance Mann,1629611,10.595218737863389,Kevin Huerter,1628989,10.647846854490718,Herbert Jones,1630529,10.765496099880709
Trayce Jackson-Davis,1631218,Clint Capela,203991,15.238758007906085,Kevon Looney,1626172,16.12068947687632,Robert Williams III,1629057,16.513474296424917,Moussa Cisse,1630619,16.81552534105925,Yves Missi,1642274,17.444357904886242
Tre Johnson,1642848,Dalton Knecht,1642261,11.468055309348433,Jaylen Wells,1642377,11.72639012318019,Ace Bailey,1642846,12.003454187498358,Tristan da Silva,1641783,12.012316592559838,Justin Edwards,1642348,12.766693716736583
Tre Jones,1630200,Brandon Williams,1630314,12.644491602291705,Stephon Castle,1642264,12.921309818545344,Pat Spencer,1630311,13.543363697098147,Jeremiah Fears,1642847,13.91583838281905,Ajay Mitchell,1642349,14.08562311352023
Tre Mann,1630544,Dennis Schröder,203471,12.303895161572807,D'Angelo Russell,1626156,12.741813453807667,Vince Williams Jr.,1631246,13.06029360470481,Andrew Nembhard,1629614,13.501748061633053,Cole Anthony,1630175,13.67526631251389
Trendon Watford,1630570,Josh Hart,1628404,12.507031224689445,Ausar Thompson,1641709,13.77838375865042,Jaime Jaquez Jr.,1631170,13.902887282739322,Craig Porter Jr.,1641854,14.069365004887848,Amen Thompson,1641708,14.9358455308939
Trey Murphy III,1630530,De'Andre Hunter,1629631,8.813142190524326,Zach LaVine,203897,9.911806179386035,Bennedict Mathurin,1631097,10.421255048003074,Desmond Bane,1630217,10.590386797985065,Jerami Grant,203924,10.899180744052227
Tristan Vukcevic,1641774,Maxime Raynaud,1642875,15.546140866789214,Alex Sarr,1642259,16.04020269886556,Domantas Sabonis,1627734,17.29922898800744,Nic Claxton,1629651,17.47870157564856,Jusuf Nurkić,203994,17.55052631068961
Tristan da Silva,1641783,Jaylen Wells,1642377,9.466138239158521,Zaccharie Risacher,1642258,10.063842836059937,Dalton Knecht,1642261,10.512256435983614,Cedric Coward,1642907,10.852093282228834,Justin Edwards,1642348,11.138995648652942
Tyler Kolek,1642278,Daniss Jenkins,1642450,12.03052538376749,KJ Simpson,1642354,12.614189234219191,Rob Dillingham,1642265,12.756522220860914,Ben Saraf,1642879,13.002867588414153,Walter Clayton Jr.,1642383,13.205076935319484
Tyrese Martin,1631213,Egor Dëmin,1642856,9.120499070395478,Caleb Love,1631126,9.859378139339418,Jared McCain,1642272,10.609946456115173,Tyrese Proctor,1642878,10.7029771729433,Daniss Jenkins,1642450,11.934127229447482
Tyrese Maxey,1630178,Donovan Mitchell,1628378,9.47519842448445,Austin Reaves,1630559,10.87123091466045,Anthony Edwards,1630162,11.692281751762119,Jalen Brunson,1628973,11.98674053289804,Cade Cunningham,1630595,12.022382212031276
Tyrese Proctor,1642878,Caleb Love,1631126,9.676702340536384,Tyrese Martin,1631213,10.7029771729433,Cam Christie,1642353,10.872079359348968,Jared McCain,1642272,10.932284569362649,Daniss Jenkins,1642450,12.08641665848941
Tyus Jones,1626145,Kentavious Caldwell-Pope,203484,13.800860872185542,Mike Conley,201144,14.48038558923286,Chris Paul,101108,16.24442976668478,Gary Harris,203914,16.795734415383404,Marcus Smart,203935,17.42617843784441
VJ Edgecombe,1642845,Cedric Coward,1642907,9.887628027885503,Ronald Holland II,1641842,10.775095810551214,Kobe Sanders,1642920,10.976338254239586,Jaylen Wells,1642377,11.020732163611594,Drake Powell,1642962,11.276609130345921
Victor Wembanyama,1641705,Karl-Anthony Towns,1626157,13.867047308325876,Chet Holmgren,1631096,14.665842247735679,Alperen Sengun,1630578,14.667824439809651,Scottie Barnes,1630567,14.857694680649706,Evan Mobley,1630596,14.89616360065666
Vince Williams Jr.,1631246,Dennis Schröder,203471,12.149848887919724,Jrue Holiday,201950,12.810255374623596,Tre Mann,1630544,13.06029360470481,Cole Anthony,1630175,13.459698562854191,D'Angelo Russell,1626156,13.528541449945445
Vít Krejčí,1630249,Max Christie,1631108,9.5592532000189,AJ Green,1631260,9.681182263130635,Svi Mykhailiuk,1629004,10.11437504261638,Duncan Robinson,1629130,10.126389000665249,Luke Kennard,1628379,10.546900929819623
Walter Clayton Jr.,1642383,Egor Dëmin,1642856,9.84493320386513,Kyshawn George,1642273,10.42758960671877,Daniss Jenkins,1642450,12.324803670885414,Tyrese Martin,1631213,12.68971853473175,Jamal Shead,1642347,13.116908412589044
Wendell Carter Jr.,1628976,Isaiah Stewart,1630191,10.255205936386332,Onyeka Okongwu,1630168,10.287472872926399,Myles Turner,1626167,10.537892252217848,Jock Landale,1629111,11.204465152636205,Sandro Mamukelashvili,1630572,11.58323958826411
Will Richard,1642954,Ryan Dunn,1642346,9.918061102994356,Jordan Walsh,1641775,10.000336487904944,Ja'Kobe Walter,1642266,10.379729281982035,Jaylon Tyson,1642281,10.52688870155077,Josh Minott,1631169,11.16572375457576
Will Riley,1642860,Drake Powell,1642962,12.959490225693273,Terrence Shannon Jr.,1630545,13.066659614090202,Justin Edwards,1642348,13.370759167779703,Dalton Knecht,1642261,13.407847194052227,Kobe Sanders,1642920,13.443556039788165
Yves Missi,1642274,Donovan Clingan,1642270,12.56781314924587,Tony Bradley,1628396,13.360686783873852,Moussa Cisse,1630619,14.670493432481056,Steven Adams,203500,14.961349330193208,Adem Bona,1641737,15.298390628392202
Zaccharie Risacher,1642258,Tristan da Silva,1641783,10.06384283605994,Jaylen Wells,1642377,11.127159477048568,Matas Buzelis,1641824,11.213360002844151,Cedric Coward,1642907,11.433049108509108,Ronald Holland II,1641842,11.841850388123621
Zach Edey,1641744,Ivica Zubac,1627826,15.184595298968596,Jalen Duren,1631105,19.07998041093511,Deandre Ayton,1629028,19.859685163086425,Jarrett Allen,1628386,20.921715761069418,,,
Zach LaVine,203897,Trey Murphy III,1630530,9.911806179386035,Malik Monk,1628370,10.039021306986951,CJ McCollum,203468,10.406091834735767,De'Andre Hunter,1629631,10.61148152144268,Bennedict Mathurin,1631097,11.091267294956289
Ziaire Williams,1630533,Julian Champagnie,1630577,9.686370160757763,Luguentz Dort,1629652,10.675325482328422,Kobe Brown,1641738,10.785538765695769,Ousmane Dieng,1631172,11.961250804053073,Jalen Wilson,1630592,13.26249948915605
