role,SHOT_ZONE_RANGE,SHOT_ZONE_AREA,FGM,FGA
Athletic Finisher,16-24 ft.,Center(C),11,23
Athletic Finisher,16-24 ft.,Left Side Center(LC),12,28
Athletic Finisher,16-24 ft.,Left Side(L),3,7
Athletic Finisher,16-24 ft.,Right Side Center(RC),8,29
Athletic Finisher,16-24 ft.,Right Side(R),1,10
Athletic Finisher,24+ ft.,Center(C),38,124
Athletic Finisher,24+ ft.,Left Side Center(LC),58,177
Athletic Finisher,24+ ft.,Left Side(L),48,196
Athletic Finisher,24+ ft.,Right Side Center(RC),52,171
Athletic Finisher,24+ ft.,Right Side(R),60,173
Athletic Finisher,8-16 ft.,Center(C),98,235
Athletic Finisher,8-16 ft.,Left Side(L),42,116
Athletic Finisher,8-16 ft.,Right Side(R),46,113
Athletic Finisher,Less Than 8 ft.,Center(C),1543,2390
Low Minute,16-24 ft.,Center(C),0,3
Low Minute,16-24 ft.,Left Side Center(LC),4,7
Low Minute,16-24 ft.,Left Side(L),3,7
Low Minute,16-24 ft.,Right Side Center(RC),0,3
Low Minute,16-24 ft.,Right Side(R),2,2
Low Minute,24+ ft.,Center(C),16,65
Low Minute,24+ ft.,Left Side Center(LC),43,135
Low Minute,24+ ft.,Left Side(L),27,88
Low Minute,24+ ft.,Right Side Center(RC),28,110
Low Minute,24+ ft.,Right Side(R),25,65
Low Minute,8-16 ft.,Center(C),25,56
Low Minute,8-16 ft.,Left Side(L),12,27
Low Minute,8-16 ft.,Right Side(R),10,25
Low Minute,Less Than 8 ft.,Center(C),247,429
Movement Shooter,16-24 ft.,Center(C),110,314
Movement Shooter,16-24 ft.,Left Side Center(LC),157,377
Movement Shooter,16-24 ft.,Left Side(L),84,211
Movement Shooter,16-24 ft.,Right Side Center(RC),126,321
Movement Shooter,16-24 ft.,Right Side(R),71,181
Movement Shooter,24+ ft.,Center(C),1097,3196
Movement Shooter,24+ ft.,Left Side Center(LC),2406,6745
Movement Shooter,24+ ft.,Left Side(L),1599,3969
Movement Shooter,24+ ft.,Right Side Center(RC),2103,6020
Movement Shooter,24+ ft.,Right Side(R),1410,3562
Movement Shooter,8-16 ft.,Center(C),918,2067
Movement Shooter,8-16 ft.,Left Side(L),434,1090
Movement Shooter,8-16 ft.,Right Side(R),489,1136
Movement Shooter,Back Court Shot,Back Court(BC),3,6
Movement Shooter,Less Than 8 ft.,Center(C),7680,12944
Off Screen Shooter,16-24 ft.,Center(C),38,107
Off Screen Shooter,16-24 ft.,Left Side Center(LC),49,117
Off Screen Shooter,16-24 ft.,Left Side(L),12,42
Off Screen Shooter,16-24 ft.,Right Side Center(RC),47,106
Off Screen Shooter,16-24 ft.,Right Side(R),13,46
Off Screen Shooter,24+ ft.,Center(C),314,880
Off Screen Shooter,24+ ft.,Left Side Center(LC),542,1303
Off Screen Shooter,24+ ft.,Left Side(L),205,492
Off Screen Shooter,24+ ft.,Right Side Center(RC),465,1321
Off Screen Shooter,24+ ft.,Right Side(R),237,552
Off Screen Shooter,8-16 ft.,Center(C),132,270
Off Screen Shooter,8-16 ft.,Left Side(L),74,150
Off Screen Shooter,8-16 ft.,Right Side(R),85,186
Off Screen Shooter,Back Court Shot,Back Court(BC),0,1
Off Screen Shooter,Less Than 8 ft.,Center(C),924,1543
Post Scorer,16-24 ft.,Center(C),0,7
Post Scorer,16-24 ft.,Left Side Center(LC),3,5
Post Scorer,16-24 ft.,Left Side(L),0,3
Post Scorer,16-24 ft.,Right Side(R),1,1
Post Scorer,24+ ft.,Center(C),3,21
Post Scorer,24+ ft.,Left Side Center(LC),5,25
Post Scorer,24+ ft.,Left Side(L),1,8
Post Scorer,24+ ft.,Right Side Center(RC),4,13
Post Scorer,24+ ft.,Right Side(R),1,4
Post Scorer,8-16 ft.,Center(C),54,118
Post Scorer,8-16 ft.,Left Side(L),29,58
Post Scorer,8-16 ft.,Right Side(R),15,29
Post Scorer,Less Than 8 ft.,Center(C),515,809
Primary Ball Handler,16-24 ft.,Center(C),200,496
Primary Ball Handler,16-24 ft.,Left Side Center(LC),208,551
Primary Ball Handler,16-24 ft.,Left Side(L),65,182
Primary Ball Handler,16-24 ft.,Right Side Center(RC),231,552
Primary Ball Handler,16-24 ft.,Right Side(R),59,161
Primary Ball Handler,24+ ft.,Center(C),1309,3661
Primary Ball Handler,24+ ft.,Left Side Center(LC),1862,5239
Primary Ball Handler,24+ ft.,Left Side(L),626,1552
Primary Ball Handler,24+ ft.,Right Side Center(RC),1600,4581
Primary Ball Handler,24+ ft.,Right Side(R),546,1358
Primary Ball Handler,8-16 ft.,Center(C),1305,2802
Primary Ball Handler,8-16 ft.,Left Side(L),482,1136
Primary Ball Handler,8-16 ft.,Right Side(R),525,1268
Primary Ball Handler,Back Court Shot,Back Court(BC),3,6
Primary Ball Handler,Less Than 8 ft.,Center(C),6366,11494
Roll + Cut Big,16-24 ft.,Center(C),17,39
Roll + Cut Big,16-24 ft.,Left Side Center(LC),10,30
Roll + Cut Big,16-24 ft.,Left Side(L),8,20
Roll + Cut Big,16-24 ft.,Right Side Center(RC),6,24
Roll + Cut Big,16-24 ft.,Right Side(R),2,20
Roll + Cut Big,24+ ft.,Center(C),55,163
Roll + Cut Big,24+ ft.,Left Side Center(LC),42,140
Roll + Cut Big,24+ ft.,Left Side(L),45,137
Roll + Cut Big,24+ ft.,Right Side Center(RC),20,93
Roll + Cut Big,24+ ft.,Right Side(R),40,136
Roll + Cut Big,8-16 ft.,Center(C),364,814
Roll + Cut Big,8-16 ft.,Left Side(L),87,211
Roll + Cut Big,8-16 ft.,Right Side(R),118,277
Roll + Cut Big,Back Court Shot,Back Court(BC),2,2
Roll + Cut Big,Less Than 8 ft.,Center(C),6945,10628
Secondary Ball Handler,16-24 ft.,Center(C),53,142
Secondary Ball Handler,16-24 ft.,Left Side Center(LC),52,140
Secondary Ball Handler,16-24 ft.,Left Side(L),25,60
Secondary Ball Handler,16-24 ft.,Right Side Center(RC),53,154
Secondary Ball Handler,16-24 ft.,Right Side(R),17,46
Secondary Ball Handler,24+ ft.,Center(C),333,955
Secondary Ball Handler,24+ ft.,Left Side Center(LC),566,1635
Secondary Ball Handler,24+ ft.,Left Side(L),218,594
Secondary Ball Handler,24+ ft.,Right Side Center(RC),489,1432
Secondary Ball Handler,24+ ft.,Right Side(R),226,559
Secondary Ball Handler,8-16 ft.,Center(C),369,856
Secondary Ball Handler,8-16 ft.,Left Side(L),130,329
Secondary Ball Handler,8-16 ft.,Right Side(R),140,350
Secondary Ball Handler,Less Than 8 ft.,Center(C),1881,3341
Shot Creator,16-24 ft.,Center(C),643,1480
Shot Creator,16-24 ft.,Left Side Center(LC),565,1412
Shot Creator,16-24 ft.,Left Side(L),207,496
Shot Creator,16-24 ft.,Right Side Center(RC),589,1424
Shot Creator,16-24 ft.,Right Side(R),199,443
Shot Creator,24+ ft.,Center(C),1856,5266
Shot Creator,24+ ft.,Left Side Center(LC),2565,7459
Shot Creator,24+ ft.,Left Side(L),890,2275
Shot Creator,24+ ft.,Right Side Center(RC),2249,6394
Shot Creator,24+ ft.,Right Side(R),773,2026
Shot Creator,8-16 ft.,Center(C),3153,6664
Shot Creator,8-16 ft.,Left Side(L),1370,3165
Shot Creator,8-16 ft.,Right Side(R),1479,3204
Shot Creator,Back Court Shot,Back Court(BC),11,17
Shot Creator,Less Than 8 ft.,Center(C),17565,29007
Slasher,16-24 ft.,Center(C),9,21
Slasher,16-24 ft.,Left Side Center(LC),9,18
Slasher,16-24 ft.,Left Side(L),4,11
Slasher,16-24 ft.,Right Side Center(RC),16,40
Slasher,16-24 ft.,Right Side(R),9,17
Slasher,24+ ft.,Center(C),17,68
Slasher,24+ ft.,Left Side Center(LC),26,102
Slasher,24+ ft.,Left Side(L),17,54
Slasher,24+ ft.,Right Side Center(RC),31,99
Slasher,24+ ft.,Right Side(R),12,35
Slasher,8-16 ft.,Center(C),85,152
Slasher,8-16 ft.,Left Side(L),29,59
Slasher,8-16 ft.,Right Side(R),46,100
Slasher,Less Than 8 ft.,Center(C),512,858
Stationary Shooter,16-24 ft.,Center(C),42,98
Stationary Shooter,16-24 ft.,Left Side Center(LC),26,84
Stationary Shooter,16-24 ft.,Left Side(L),22,61
Stationary Shooter,16-24 ft.,Right Side Center(RC),20,69
Stationary Shooter,16-24 ft.,Right Side(R),18,63
Stationary Shooter,24+ ft.,Center(C),433,1165
Stationary Shooter,24+ ft.,Left Side Center(LC),722,2184
Stationary Shooter,24+ ft.,Left Side(L),781,2158
Stationary Shooter,24+ ft.,Right Side Center(RC),719,2128
Stationary Shooter,24+ ft.,Right Side(R),779,2120
Stationary Shooter,8-16 ft.,Center(C),310,793
Stationary Shooter,8-16 ft.,Left Side(L),97,276
Stationary Shooter,8-16 ft.,Right Side(R),121,329
Stationary Shooter,Back Court Shot,Back Court(BC),1,5
Stationary Shooter,Less Than 8 ft.,Center(C),4999,8350
Stretch Big,16-24 ft.,Center(C),21,52
Stretch Big,16-24 ft.,Left Side Center(LC),16,34
Stretch Big,16-24 ft.,Left Side(L),13,28
Stretch Big,16-24 ft.,Right Side Center(RC),10,39
Stretch Big,16-24 ft.,Right Side(R),12,27
Stretch Big,24+ ft.,Center(C),396,1099
Stretch Big,24+ ft.,Left Side Center(LC),300,857
Stretch Big,24+ ft.,Left Side(L),190,501
Stretch Big,24+ ft.,Right Side Center(RC),275,834
Stretch Big,24+ ft.,Right Side(R),215,608
Stretch Big,8-16 ft.,Center(C),132,300
Stretch Big,8-16 ft.,Left Side(L),26,89
Stretch Big,8-16 ft.,Right Side(R),43,112
Stretch Big,Less Than 8 ft.,Center(C),2732,4139
Versatile Big,16-24 ft.,Center(C),22,52
Versatile Big,16-24 ft.,Left Side Center(LC),20,54
Versatile Big,16-24 ft.,Left Side(L),21,54
Versatile Big,16-24 ft.,Right Side Center(RC),15,42
Versatile Big,16-24 ft.,Right Side(R),17,44
Versatile Big,24+ ft.,Center(C),185,534
Versatile Big,24+ ft.,Left Side Center(LC),185,450
Versatile Big,24+ ft.,Left Side(L),76,169
Versatile Big,24+ ft.,Right Side Center(RC),127,394
Versatile Big,24+ ft.,Right Side(R),61,147
Versatile Big,8-16 ft.,Center(C),135,261
Versatile Big,8-16 ft.,Left Side(L),76,167
Versatile Big,8-16 ft.,Right Side(R),61,128
Versatile Big,Back Court Shot,Back Court(BC),1,1
Versatile Big,Less Than 8 ft.,Center(C),964,1667
