PLAYER_ID,PLAYER_NAME,NICKNAME,TEAM_ID,TEAM_ABBREVIATION,AGE,GP,W,L,W_PCT,MIN,FGM,FGA,FG_PCT,FG3M,FG3A,FG3_PCT,FTM,FTA,FT_PCT,OREB,DREB,REB,AST,TOV,STL,BLK,BLKA,PF,PFD,PTS,PLUS_MINUS,NBA_FANTASY_PTS,DD2,TD3,WNBA_FANTASY_PTS,GP_RANK,W_RANK,L_RANK,W_PCT_RANK,MIN_RANK,FGM_RANK,FGA_RANK,FG_PCT_RANK,FG3M_RANK,FG3A_RANK,FG3_PCT_RANK,FTM_RANK,FTA_RANK,FT_PCT_RANK,OREB_RANK,DREB_RANK,REB_RANK,AST_RANK,TOV_RANK,STL_RANK,BLK_RANK,BLKA_RANK,PF_RANK,PFD_RANK,PTS_RANK,PLUS_MINUS_RANK,NBA_FANTASY_PTS_RANK,DD2_RANK,TD3_RANK,WNBA_FANTASY_PTS_RANK,TEAM_COUNT,team_poss,E_DEF_RATING_RANK,AST_TO,NET_RATING,FGM_PG_RANK,E_PACE_RANK,TM_TOV_PCT_RANK,PACE_PER40,AST_RATIO_RANK,sp_work_DEF_RATING,E_OFF_RATING,DREB_PCT_RANK,EFG_PCT_RANK,OFF_RATING_RANK,OREB_PCT,AST_PCT,AST_TO_RANK,E_NET_RATING,E_DEF_RATING,EFG_PCT,E_USG_PCT,PACE_RANK,USG_PCT,FGA_PG,AST_PCT_RANK,sp_work_NET_RATING_RANK,E_TOV_PCT_RANK,FGA_PG_RANK,REB_PCT_RANK,AST_RATIO,TS_PCT_RANK,E_USG_PCT_RANK,TM_TOV_PCT,OREB_PCT_RANK,DEF_RATING,E_PACE,sp_work_PACE_RANK,POSS,REB_PCT,OFF_RATING,FGM_PG,PACE,sp_work_DEF_RATING_RANK,PIE_RANK,sp_work_PACE,DREB_PCT,USG_PCT_RANK,sp_work_OFF_RATING,E_OFF_RATING_RANK,PIE,sp_work_NET_RATING,NET_RATING_RANK,E_NET_RATING_RANK,E_TOV_PCT,sp_work_OFF_RATING_RANK,DEF_RATING_RANK,TS_PCT,AST_TO_PASS_PCT,PASSES_MADE,FT_AST,SECONDARY_AST,AST_TO_PASS_PCT_ADJ,PASSES_RECEIVED,AST_ADJ,POTENTIAL_AST,AST_PTS_CREATED,DRIVE_PTS_PCT,DRIVE_FT_PCT,DRIVE_AST_PCT,DRIVE_FG_PCT,DRIVE_PASSES_PCT,DRIVES,DRIVE_FGM,DRIVE_AST,DRIVE_PTS,DRIVE_TOV,DRIVE_TOV_PCT,DRIVE_PF_PCT,DRIVE_PF,DRIVE_FTA,DRIVE_FGA,DRIVE_FTM,DRIVE_PASSES,AVG_DRIB_PER_TOUCH,POST_TOUCHES,PTS_PER_TOUCH,PTS_PER_ELBOW_TOUCH,ELBOW_TOUCHES,AVG_SEC_PER_TOUCH,PTS_PER_PAINT_TOUCH,FRONT_CT_TOUCHES,POINTS,TOUCHES,PTS_PER_POST_TOUCH,TIME_OF_POSS,PAINT_TOUCHES,DREB_CHANCE_PCT,REB_CHANCES,AVG_OREB_DIST,DREB_CHANCES,REB_CHANCE_PCT_ADJ,AVG_REB_DIST,DREB_CHANCE_DEFER,REB_CONTEST_PCT,AVG_DREB_DIST,DREB_CONTEST_PCT,OREB_CHANCE_DEFER,OREB_CHANCE_PCT,REB_UNCONTEST,DREB_UNCONTEST,REB_CONTEST,OREB_CHANCES,OREB_CONTEST,OREB_UNCONTEST,OREB_CONTEST_PCT,DREB_CONTEST,DREB_CHANCE_PCT_ADJ,OREB_CHANCE_PCT_ADJ,REB_CHANCE_PCT,REB_CHANCE_DEFER,very_tight_FG3A_FREQUENCY,very_tight_FG2_PCT,very_tight_FG3_PCT,very_tight_FGM,very_tight_FGA,very_tight_FG2A_FREQUENCY,PLAYER_LAST_TEAM_ABBREVIATION,very_tight_FG3A,very_tight_FG_PCT,very_tight_FGA_FREQUENCY,very_tight_FG3M,very_tight_FG2M,G,very_tight_EFG_PCT,very_tight_FG2A,tight_FG2A,tight_FG3A,tight_FG2M,tight_FG2_PCT,tight_EFG_PCT,tight_FG3_PCT,tight_FG3A_FREQUENCY,tight_FGA,tight_FG2A_FREQUENCY,tight_FGA_FREQUENCY,tight_FG3M,tight_FGM,tight_FG_PCT,open_FG3_PCT,open_FGM,open_EFG_PCT,open_FG3A,open_FG3A_FREQUENCY,open_FG_PCT,open_FGA_FREQUENCY,open_FG2A,open_FG3M,open_FGA,open_FG2A_FREQUENCY,open_FG2M,open_FG2_PCT,wide_open_FG2A,wide_open_FG_PCT,wide_open_FG3A_FREQUENCY,wide_open_FG3A,wide_open_FGM,wide_open_FGA,wide_open_FGA_FREQUENCY,wide_open_FG2M,wide_open_FG3M,wide_open_EFG_PCT,wide_open_FG2A_FREQUENCY,wide_open_FG2_PCT,wide_open_FG3_PCT,PULL_UP_FGM,PULL_UP_PTS,PULL_UP_FG3M,PULL_UP_FG_PCT,PULL_UP_FG3_PCT,PULL_UP_FGA,PULL_UP_EFG_PCT,PULL_UP_FG3A,PAINT_TOUCH_PTS,ELBOW_TOUCH_FG_PCT,POST_TOUCH_FG_PCT,CATCH_SHOOT_PTS,ELBOW_TOUCH_PTS,PAINT_TOUCH_FG_PCT,EFF_FG_PCT,CATCH_SHOOT_FG_PCT,POST_TOUCH_PTS,ITP_FGM,ITP_FGA,RA_FG_PCT,CORNER_3_FGM,ABOVE_BREAK_3_FGM,ABOVE_BREAK_3_FG_PCT,MID_FGA,LEFT_CORNER_3_FGM,RA_FGA,RA_FGM,BACKCOURT_FG_PCT,RIGHT_CORNER_3_FGM,LEFT_CORNER_3_FGA,LEFT_CORNER_3_FG_PCT,BACKCOURT_FGM,ITP_FG_PCT,MID_FG_PCT,BACKCOURT_FGA,RIGHT_CORNER_3_FG_PCT,ABOVE_BREAK_3_FGA,RIGHT_CORNER_3_FGA,CORNER_3_FG_PCT,MID_FGM,CORNER_3_FGA,PLAYER_POSITION,LT_06_PCT,PLUSMINUS,FREQ,NS_LT_06_PCT,FGA_LT_06,FGM_LT_06,FGP_LT_5,FGA_35_39,FGM_5_9,FGP_30_34,FGM_LT_5,FGM_35_39,FGA_10_14,FGM_20_24,FGM_30_34,FGA_15_19,FGA_40_PLUS,FGM_15_19,FGP_25_29,FGP_35_39,FGP_15_19,FGP_10_14,TEAM_ABBR,FGA_LT_5,FGA_5_9,FGP_40_PLUS,FGA_30_34,FGM_40_PLUS,FGA_25_29,FGP_20_24,FGA_20_24,FGM_10_14,FGM_25_29,FGP_5_9,CATCH_SHOOT_FGA,CATCH_SHOOT_FG3_PCT,CATCH_SHOOT_EFG_PCT,CATCH_SHOOT_FG3A,CATCH_SHOOT_FGM,CATCH_SHOOT_FG3M,D_FG_PCT,D_FGM,NORMAL_FG_PCT,D_FGA,PCT_PLUSMINUS,three_pt_def_FG3A,three_pt_def_FG3M,three_pt_def_PLUSMINUS,three_pt_def_FREQ,three_pt_def_FG3_PCT,three_pt_def_NS_FG3_PCT,two_pt_def_FG2A,two_pt_def_FG2M,two_pt_def_NS_FG2_PCT,two_pt_def_PLUSMINUS,two_pt_def_FG2_PCT,two_pt_def_FREQ,less_6ft_def_PLUSMINUS,less_6ft_def_FGA_LT_06,less_6ft_def_FGM_LT_06,less_6ft_def_LT_06_PCT,less_6ft_def_NS_LT_06_PCT,less_6ft_def_FREQ,less_10ft_def_FGM_LT_10,less_10ft_def_FREQ,less_10ft_def_PLUSMINUS,less_10ft_def_FGA_LT_10,less_10ft_def_NS_LT_10_PCT,less_10ft_def_LT_10_PCT,more_15ft_def_FREQ,more_15ft_def_FGM_GT_15,more_15ft_def_NS_GT_15_PCT,more_15ft_def_PLUSMINUS,more_15ft_def_GT_15_PCT,more_15ft_def_FGA_GT_15,hustle_PCT_BOX_OUTS_DEF,hustle_BOX_OUT_PLAYER_TEAM_REBS,hustle_BOX_OUTS,hustle_CONTESTED_SHOTS_2PT,hustle_SCREEN_AST_PTS,hustle_PCT_LOOSE_BALLS_RECOVERED_OFF,hustle_CONTESTED_SHOTS_3PT,hustle_BOX_OUT_PLAYER_REBS,hustle_DEF_LOOSE_BALLS_RECOVERED,hustle_PCT_LOOSE_BALLS_RECOVERED_DEF,hustle_SCREEN_ASSISTS,hustle_PCT_BOX_OUTS_REB,hustle_PCT_BOX_OUTS_TEAM_REB,hustle_OFF_BOXOUTS,hustle_OFF_LOOSE_BALLS_RECOVERED,hustle_DEF_BOXOUTS,hustle_CHARGES_DRAWN,hustle_PCT_BOX_OUTS_OFF,hustle_LOOSE_BALLS_RECOVERED,hustle_TEAM_ABBREVIATION,hustle_DEFLECTIONS,hustle_CONTESTED_SHOTS,post_touch_POST_TOUCH_AST,post_touch_POST_TOUCHES,post_touch_POST_TOUCH_FOULS_PCT,post_touch_POST_TOUCH_FTM,post_touch_POST_TOUCH_FGA,post_touch_POST_TOUCH_PASSES_PCT,post_touch_POST_TOUCH_AST_PCT,post_touch_POST_TOUCH_FGM,post_touch_POST_TOUCH_PASSES,post_touch_POST_TOUCH_TOV_PCT,post_touch_POST_TOUCH_PTS,post_touch_POST_TOUCH_FT_PCT,post_touch_POST_TOUCH_PTS_PCT,post_touch_TEAM_ABBREVIATION,post_touch_POST_TOUCH_FG_PCT,post_touch_POST_TOUCH_FTA,post_touch_TOUCHES,post_touch_POST_TOUCH_FOULS,post_touch_POST_TOUCH_TOV,AVG_SPEED,DIST_MILES_DEF,MIN1,DIST_MILES,DIST_FEET,AVG_SPEED_DEF,DIST_MILES_OFF,AVG_SPEED_OFF,year,date,playoffs,GAME_ID,opp_team,team,opp_id,series_key
1630241,Sam Merrill,Sam,1610612739,CLE,30.0,1,0,1,0.0,28.26833333333333,4,9,0.444,3,8,0.375,1,1,1.0,0,1,1,2,0,1,0,0,5,1,12,-17,19.2,0,0,20.0,1,11,11,11,11,8,8,9,2,2,5,10,11,1,9,12,15,10,13,5,7,1,14,11,9,18,11,3,1,11,1,108,17,0.0,-21.6,8,6,1,86.32,7,106.3,82.0,15,5,16,0.0,0.154,11,-27.5,109.5,0.611,0.137,6,0.129,9.0,7,17,1,8,17,18.2,6,14,0.0,9,106.3,103.71,6,59,0.016,84.7,4.0,103.58,16,10,103.58,0.037,15,84.7,17,0.089,-21.6,17,18,0.0,16,16,0.636,0.105,19.0,0.0,0.0,0.105,25.0,2.0,5.0,6.0,0.0,0.0,1.0,0.0,1.0,1.0,0.0,1.0,0.0,0.0,0.0,0.0,0.0,0.0,0.0,0.0,1.0,1.07,0.0,0.414,0.0,0.0,1.64,0.0,24.0,12.0,29.0,0.0,0.8,0.0,1.0,4.0,0.0,1.0,0.25,12.2,0.0,0.0,12.2,0.0,0.0,0.0,1.0,1.0,0.0,4.0,0.0,0.0,0.0,0.0,1.0,0.0,0.25,0.0,,,,,,,,,,,,,,,,,,,,,,,,,,,,,0.25,2.0,0.5,4.0,0.444,0.4,0.556,1.0,1.0,5.0,0.111,1.0,1.0,0.0,0.5,0.444,4.0,2.0,4.0,0.444,0.0,2.0,0.75,0.0,,0.5,1,3,1.0,1.0,1.0,1,1.5,1.0,0.0,0.0,0.0,6.0,0.0,0.0,0.611,0.286,0.0,0.0,0.0,1.0,1.0,2.0,0.5,0.0,0.0,1.0,1.0,0.0,1.0,1.0,0.0,0.0,0.0,0.0,0.0,0.333,4.0,3.0,0.25,0.0,4.0,G,0.6,-0.013,0.319,0.613,30.0,18.0,1.0,0.0,0.0,0.0,1.0,0.0,0.0,3.0,0.0,0.0,0.0,0.0,0.0,0.0,0.0,0.0,CLE,1.0,0.0,0.0,0.0,0.0,1.0,0.429,7.0,0.0,0.0,0.0,7,0.286,0.429,7.0,2,2.0,0.333,1.0,0.478,3.0,-0.145,1.0,0.0,-0.395,0.333,0.0,0.395,2.0,1.0,0.57,-0.07,0.5,0.667,-0.211,2.0,1.0,0.5,0.711,0.667,1.0,0.667,-0.156,2.0,0.656,0.5,0.333,0.0,0.394,-0.394,0.0,1.0,1.0,1.0,1.0,1.0,0.0,0.0,0.0,0.0,0.0,0.0,0.0,0.0,1.0,0.0,0.0,1.0,0.0,0.0,0.0,CLE,4.0,1.0,0.0,0.0,0.0,0.0,0.0,0.0,0.0,0.0,0.0,0.0,0.0,0.0,0.0,CLE,0.0,0.0,29.0,0.0,0.0,4.32,1.0,,2.3,12034.0,3.9,1.3,4.69,2026,20260519,True,42500301,NYK,CLE,1610612752,CLE_NYK_2026
1629622,Max Strus,Max,1610612739,CLE,30.0,1,0,1,0.0,25.28333333333333,2,6,0.333,2,6,0.333,2,2,1.0,1,1,2,1,3,1,0,0,5,1,8,-11,11.9,0,0,15.0,1,11,11,11,12,12,11,12,5,5,7,5,6,1,5,12,12,12,4,5,7,1,14,11,13,16,14,3,1,12,1,108,13,0.33,-17.2,12,3,18,92.55,14,101.7,83.9,16,8,17,0.031,0.067,9,-19.0,102.9,0.5,0.153,2,0.147,6.0,14,16,18,11,16,9.1,8,13,27.3,6,101.7,110.8,2,58,0.033,84.5,2.0,111.06,13,15,111.06,0.036,13,84.5,16,-0.007,-17.2,16,17,27.6,17,13,0.581,0.036,28.0,0.0,0.0,0.036,20.0,1.0,3.0,3.0,0.0,0.0,0.0,0.0,1.0,1.0,0.0,0.0,0.0,0.0,0.0,0.0,0.0,0.0,0.0,0.0,1.0,0.61,0.0,0.211,0.0,0.0,1.39,0.0,20.0,8.0,38.0,0.0,0.9,1.0,0.2,7.0,4.5,5.0,0.286,3.6,0.0,0.5,2.8,1.0,0.0,0.5,1.0,0.0,1.0,2.0,0.0,1.0,0.0,1.0,0.2,0.5,0.286,0.0,,,,,,,,,,,,,,,,0.0,3.0,0.0,,0.5,0.333,0.5,3.0,0.0,0.5,1.0,1.0,0.333,0.0,0.0,0.0,1.0,0.167,0.0,0.167,0.0,0.0,1.0,0.0,0.0,,0.0,0.5,0.333,2.0,1.0,2.0,0.333,0.0,1.0,0.75,0.0,,0.5,0,0,0.0,,,0,,0.0,0.0,0.0,0.0,6.0,0.0,0.0,0.5,0.333,0.0,0.0,0.0,0.0,0.0,2.0,0.4,0.0,0.0,0.0,0.0,0.0,0.0,1.0,0.0,0.0,0.0,0.0,0.0,0.0,5.0,0.0,0.0,0.0,1.0,G-F,0.604,-0.029,0.254,0.633,48.0,29.0,0.0,0.0,0.0,0.0,0.0,0.0,0.0,0.0,0.0,0.0,0.0,0.0,0.4,0.0,0.0,0.0,CLE,0.0,0.0,0.0,0.0,0.0,5.0,0.0,1.0,0.0,2.0,0.0,6,0.333,0.5,6.0,2,2.0,0.4,4.0,0.478,10.0,-0.078,3.0,1.0,-0.055,0.3,0.333,0.388,7.0,3.0,0.547,-0.119,0.429,0.7,0.304,2.0,2.0,1.0,0.697,0.2,2.0,0.4,-0.106,4.0,0.606,0.5,0.4,1.0,0.393,-0.143,0.25,4.0,0.0,0.0,0.0,0.0,0.0,1.0,0.0,0.0,0.0,0.0,0.0,0.0,0.0,0.0,1.0,0.0,0.0,0.0,1.0,CLE,1.0,0.0,0.0,0.0,0.0,0.0,0.0,0.0,0.0,0.0,0.0,0.0,0.0,0.0,0.0,CLE,0.0,0.0,38.0,0.0,0.0,4.66,1.0,,2.2,11711.0,4.48,1.2,4.82,2026,20260519,True,42500301,NYK,CLE,1610612752,CLE_NYK_2026
1631165,Keon Ellis,Keon,1610612739,CLE,26.0,1,0,1,0.0,5.45,0,0,0.0,0,0,0.0,2,2,1.0,0,0,0,0,2,0,0,0,1,1,2,6,0.0,0,0,2.0,1,11,11,11,19,18,19,18,15,17,15,5,6,1,9,18,18,16,8,13,7,1,4,11,18,6,19,3,1,19,1,108,5,0.0,60.0,18,19,19,73.39,16,90.0,153.7,18,18,1,0.0,0.0,11,63.7,90.0,0.0,0.268,19,0.273,0.0,16,2,19,19,18,0.0,1,3,66.7,9,90.0,87.02,19,10,0.0,150.0,0.0,88.07,6,18,88.07,0.0,3,150.0,1,-0.061,60.0,2,2,69.4,1,6,1.136,0.0,7.0,0.0,0.0,0.0,7.0,0.0,0.0,0.0,0.0,0.0,0.0,0.0,0.0,0.0,0.0,0.0,0.0,0.0,0.0,0.0,0.0,0.0,0.0,0.0,0.0,0.5,0.0,0.2,0.0,1.0,1.36,1.0,8.0,2.0,10.0,0.0,0.2,2.0,,,,,,,,,,,,,,,,,,,,,,,,,,,,,,,,,,,,,,,,,,,,,,,,,,,,,,,,,,,,,,,,,,,,,,,,,,,,,,,0,0,,,,0,,,2.0,0.0,0.0,0.0,0.0,0.0,0.0,0.0,0.0,0.0,0.0,0.0,0.0,0.0,0.0,0.0,0.0,0.0,0.0,,0.0,0.0,0.0,,0.0,0.0,,0.0,0.0,0.0,0.0,0.0,0.0,G,0.444,-0.207,0.5,0.651,9.0,4.0,0.0,0.0,0.0,0.0,0.0,0.0,0.0,0.0,0.0,,,,0.0,0.0,,0.0,CLE,0.0,0.0,,0.0,,0.0,0.0,0.0,0.0,0.0,0.0,0,,,,0,,1.0,1.0,0.422,1.0,0.578,,,,,,,1.0,1.0,0.522,0.478,1.0,1.0,0.352,1.0,1.0,1.0,0.648,1.0,1.0,1.0,0.432,1.0,0.568,1.0,,,,,,,,,,,,,,,,,,,,,,,,,,,,,0.0,0.0,0.0,0.0,0.0,0.0,0.0,0.0,0.0,0.0,0.0,0.0,0.0,CLE,0.0,0.0,10.0,0.0,0.0,4.82,0.2,,0.5,2417.0,3.75,0.2,3.95,2026,20260519,True,42500301,NYK,CLE,1610612752,CLE_NYK_2026
1628386,Jarrett Allen,Jarrett,1610612739,CLE,28.0,1,0,1,0.0,35.365,3,6,0.5,0,0,0.0,4,8,0.5,6,1,7,3,1,1,1,0,3,9,10,-10,27.9,0,0,24.0,1,11,11,11,7,9,11,7,15,17,15,3,3,11,1,12,3,5,10,5,2,1,8,1,10,15,7,3,1,8,1,108,18,3.0,-9.8,9,17,10,76.35,5,117.4,105.0,16,8,6,0.176,0.136,1,-8.6,113.6,0.5,0.136,17,0.138,6.0,9,14,10,11,4,21.4,11,15,7.1,2,117.4,94.25,17,66,0.113,107.6,3.0,91.62,18,12,91.62,0.036,14,107.6,6,0.063,-9.8,14,14,7.4,6,18,0.525,0.136,22.0,1.0,1.0,0.227,24.0,5.0,6.0,11.0,2.0,1.0,0.0,0.0,0.0,1.0,0.0,0.0,2.0,0.0,0.0,1.0,1.0,2.0,0.0,2.0,0.0,0.38,0.0,0.294,0.667,6.0,1.41,0.727,29.0,10.0,34.0,0.0,0.8,11.0,0.125,17.0,5.7,8.0,0.467,5.7,2.0,0.857,5.6,0.0,0.0,0.667,1.0,1.0,6.0,9.0,6.0,0.0,1.0,0.0,0.167,0.667,0.412,2.0,0.0,1.0,,2.0,2.0,0.333,CLE,0.0,1.0,0.333,0.0,2.0,1.0,1.0,2.0,3.0,0.0,1.0,0.333,0.333,,0.0,3.0,0.5,0.5,0.0,1.0,0.333,,0.0,0.0,0.0,0.0,0.0,0.167,1.0,0.0,1.0,0.167,0.0,0.0,,,,,,,,,,,,,,0,0,,,,0,,,8.0,0.5,0.0,0.0,4.0,0.5,0.5,0.0,0.0,1.0,2.0,0.5,0.0,0.0,0.0,0.0,0.0,4.0,2.0,0.0,0.0,0.0,0.0,0.0,0.5,0.0,0.0,0.0,0.0,0.0,0.0,0.0,0.0,C,0.587,-0.07,0.556,0.657,109.0,64.0,0.4,0.0,1.0,0.0,2.0,0.0,0.0,0.0,0.0,0.0,0.0,0.0,0.0,0.0,0.0,0.0,CLE,5.0,1.0,0.0,0.0,0.0,0.0,0.0,0.0,0.0,0.0,1.0,0,,,,0,,0.563,9.0,0.49,16.0,0.072,5.0,1.0,-0.183,0.313,0.2,0.383,11.0,8.0,0.565,0.162,0.727,0.688,0.208,7.0,6.0,0.857,0.649,0.438,7.0,0.563,0.156,9.0,0.621,0.778,0.438,2.0,0.39,-0.105,0.286,7.0,0.0,1.0,1.0,5.0,3.0,0.0,4.0,1.0,0.0,0.0,1.0,1.0,1.0,1.0,0.0,0.0,0.0,1.0,0.0,CLE,1.0,9.0,0.0,0.0,0.0,0.0,0.0,0.0,0.0,0.0,0.0,0.0,0.0,0.0,0.0,CLE,0.0,0.0,34.0,0.0,0.0,3.73,1.1,,2.4,12516.0,3.26,1.2,3.92,2026,20260519,True,42500301,NYK,CLE,1610612752,CLE_NYK_2026
201935,James Harden,James,1610612739,CLE,36.0,1,0,1,0.0,42.08166666666666,5,16,0.313,1,8,0.125,4,6,0.667,1,3,4,3,6,1,1,0,5,5,15,-6,24.3,0,0,27.0,1,11,11,11,3,6,3,15,8,2,14,3,5,10,5,8,11,5,2,5,2,1,14,3,4,12,8,3,1,6,1,108,14,0.5,-5.9,6,12,15,79.37,12,107.1,100.2,12,14,9,0.024,0.13,8,-3.3,103.5,0.344,0.263,15,0.258,16.0,10,12,15,3,12,10.7,16,4,21.4,7,107.1,97.36,15,83,0.051,101.2,5.0,95.24,17,16,95.24,0.083,4,101.2,10,-0.008,-5.9,12,11,21.7,9,17,0.402,0.048,63.0,1.0,2.0,0.095,67.0,6.0,12.0,10.0,0.786,0.75,0.0,0.667,0.286,14.0,4.0,0.0,11.0,2.0,0.143,0.143,2.0,4.0,6.0,3.0,4.0,3.68,0.0,0.167,0.0,0.0,4.54,0.0,36.0,15.0,90.0,0.0,6.8,0.0,0.5,8.0,28.1,6.0,0.667,14.7,1.0,0.0,10.2,0.0,1.0,0.5,4.0,3.0,0.0,2.0,0.0,1.0,0.0,0.0,0.6,1.0,0.5,2.0,,,,,,,,,,,,,,,,5.0,3.0,1.0,0.2,0.125,0.0,0.188,8.0,0.313,0.5,0.0,1.0,0.125,0.333,3.0,0.7,3.0,0.188,0.6,0.313,2.0,1.0,5.0,0.125,2.0,1.0,1.0,0.333,0.125,2.0,1.0,3.0,0.188,1.0,0.0,0.333,0.063,1.0,0.0,3,7,1.0,0.429,0.25,7,0.5,4.0,0.0,0.0,0.0,0.0,0.0,0.0,0.344,0.0,0.0,3.0,5.0,0.5,0.0,1.0,0.125,1.0,0.0,2.0,1.0,0.0,0.0,0.0,0.0,0.0,0.6,0.0,0.0,0.0,8.0,0.0,0.0,0.0,0.0,G,0.578,-0.058,0.366,0.637,83.0,48.0,0.333,0.0,2.0,1.0,1.0,0.0,1.0,0.0,1.0,0.0,0.0,0.0,0.0,0.0,0.0,1.0,CLE,3.0,3.0,0.0,1.0,0.0,7.0,0.0,1.0,1.0,0.0,0.667,4,0.0,0.0,4.0,0,0.0,0.583,14.0,0.476,24.0,0.107,7.0,4.0,0.185,0.292,0.571,0.386,17.0,10.0,0.538,0.05,0.588,0.708,0.115,4.0,3.0,0.75,0.635,0.167,8.0,0.458,0.147,11.0,0.58,0.727,0.333,4.0,0.396,0.104,0.5,8.0,0.0,0.0,0.0,5.0,0.0,0.0,1.0,0.0,1.0,1.0,0.0,0.0,0.0,0.0,0.0,0.0,1.0,0.0,1.0,CLE,3.0,6.0,0.0,0.0,0.0,0.0,0.0,0.0,0.0,0.0,0.0,0.0,0.0,0.0,0.0,CLE,0.0,0.0,90.0,0.0,0.0,3.49,1.3,,2.7,14151.0,3.21,1.4,3.8,2026,20260519,True,42500301,NYK,CLE,1610612752,CLE_NYK_2026
1630596,Evan Mobley,Evan,1610612739,CLE,24.0,1,0,1,0.0,40.15,6,16,0.375,2,8,0.25,1,2,0.5,1,13,14,3,3,0,3,0,2,4,15,-6,42.3,1,0,40.0,1,11,11,11,6,4,3,11,5,2,8,10,6,11,5,1,1,5,4,13,1,1,6,5,4,12,3,1,1,3,1,108,9,1.0,-5.9,4,7,12,86.18,9,94.3,88.9,1,13,15,0.023,0.143,5,-4.9,93.8,0.438,0.22,7,0.213,16.0,8,11,12,3,3,13.0,15,7,13.0,8,94.3,103.36,7,86,0.157,88.4,6.0,103.41,8,6,103.41,0.289,7,88.4,15,0.173,-5.9,11,12,13.1,15,8,0.444,0.044,68.0,1.0,0.0,0.059,54.0,4.0,7.0,9.0,0.2,0.0,0.0,0.333,0.5,10.0,1.0,0.0,2.0,0.0,0.0,0.0,0.0,0.0,3.0,0.0,5.0,1.08,1.0,0.161,0.0,2.0,2.18,1.0,45.0,15.0,93.0,2.0,3.4,4.0,0.684,22.0,6.7,19.0,0.667,6.2,1.0,0.214,6.2,0.231,0.0,0.2,12.0,10.0,3.0,5.0,0.0,2.0,0.0,3.0,0.722,0.2,0.636,1.0,0.0,0.5,,1.0,2.0,0.125,CLE,0.0,0.5,0.125,0.0,1.0,1.0,0.5,2.0,5.0,0.0,3.0,0.6,0.6,,0.0,5.0,0.313,0.313,0.0,3.0,0.6,0.333,1.0,0.375,3.0,0.188,0.25,0.25,1.0,1.0,4.0,0.063,0.0,0.0,0.0,0.2,0.313,5.0,1.0,5.0,0.313,0.0,1.0,0.3,0.0,,0.2,0,0,0.0,0.0,0.0,2,0.0,2.0,4.0,0.0,1.0,6.0,0.0,0.667,0.438,0.25,2.0,1.0,3.0,0.667,1.0,1.0,0.167,2.0,0.0,3.0,2.0,0.0,1.0,1.0,0.0,0.0,0.333,0.5,0.0,1.0,6.0,1.0,0.5,1.0,2.0,C,0.53,-0.131,0.476,0.661,117.0,62.0,0.5,0.0,2.0,0.0,2.0,0.0,1.0,1.0,0.0,1.0,0.0,0.0,0.2,0.0,0.0,0.0,CLE,4.0,2.0,0.0,0.0,0.0,5.0,0.333,3.0,0.0,1.0,1.0,8,0.333,0.375,6.0,2,2.0,0.3,3.0,0.537,10.0,-0.237,4.0,1.0,-0.121,0.4,0.25,0.371,6.0,2.0,0.621,-0.287,0.333,0.6,-0.353,6.0,2.0,0.333,0.687,0.6,2.0,0.6,-0.326,6.0,0.66,0.333,0.4,1.0,0.387,-0.137,0.25,4.0,1.0,2.0,2.0,4.0,4.0,1.0,2.0,1.0,0.0,0.0,2.0,0.5,1.0,0.0,1.0,2.0,0.0,0.0,1.0,CLE,0.0,6.0,0.0,1.0,0.0,0.0,1.0,0.0,0.0,1.0,0.0,0.0,2.0,0.0,2.0,CLE,1.0,0.0,93.0,0.0,0.0,4.2,1.4,,3.1,16228.0,3.68,1.7,4.75,2026,20260519,True,42500301,NYK,CLE,1610612752,CLE_NYK_2026
1628378,Donovan Mitchell,Donovan,1610612739,CLE,29.0,1,0,1,0.0,40.66833333333334,12,23,0.522,4,11,0.364,1,1,1.0,0,5,5,3,4,6,1,1,5,4,29,-13,56.5,0,0,55.0,1,11,11,11,4,2,2,5,1,1,6,10,11,1,9,4,6,5,3,1,2,13,14,5,2,17,2,3,1,2,1,108,16,0.75,-13.9,2,8,13,85.08,13,104.6,90.2,7,6,14,0.0,0.188,6,-16.3,106.5,0.609,0.3,9,0.287,23.0,4,15,13,2,10,10.0,7,2,13.3,9,104.6,101.46,9,86,0.059,90.7,12.0,102.09,15,3,102.09,0.119,2,90.7,13,0.203,-13.9,15,16,13.1,14,15,0.619,0.058,52.0,1.0,2.0,0.115,67.0,6.0,9.0,9.0,0.625,0.0,0.125,0.556,0.375,16.0,5.0,2.0,10.0,1.0,0.063,0.0,0.0,0.0,9.0,0.0,6.0,4.66,0.0,0.33,0.0,0.0,4.85,0.0,32.0,29.0,88.0,0.0,7.1,0.0,0.556,9.0,0.0,9.0,0.556,7.2,0.0,0.6,7.2,0.6,0.0,0.0,2.0,2.0,3.0,1.0,0.0,0.0,0.0,3.0,0.556,0.0,0.556,0.0,,,,,,,,,,,,,,,,10.0,3.0,7.0,0.7,0.654,0.333,0.13,13.0,0.435,0.565,1.0,8.0,0.615,0.25,1.0,0.3,4.0,0.174,0.2,0.217,1.0,1.0,5.0,0.043,0.0,0.0,1.0,0.6,0.174,4.0,3.0,5.0,0.217,1.0,2.0,0.8,0.043,1.0,0.5,1,3,1.0,0.143,0.2,7,0.214,5.0,0.0,0.0,0.0,9.0,0.0,0.0,0.609,0.5,0.0,0.0,0.0,0.8,0.0,4.0,0.444,2.0,0.0,10.0,8.0,0.0,0.0,0.0,0.0,0.0,0.0,0.0,0.0,0.0,9.0,2.0,0.0,0.0,2.0,G,0.489,-0.14,0.283,0.629,45.0,22.0,0.8,0.0,0.0,0.0,8.0,0.0,0.0,0.0,0.0,2.0,0.0,0.0,0.5,0.0,0.0,0.0,CLE,10.0,0.0,0.0,1.0,0.0,8.0,0.0,2.0,0.0,4.0,0.0,6,0.5,0.75,6.0,3,3.0,0.333,4.0,0.484,12.0,-0.15,6.0,1.0,-0.214,0.5,0.167,0.38,6.0,3.0,0.561,-0.061,0.5,0.5,0.028,3.0,2.0,0.667,0.639,0.25,2.0,0.25,0.064,3.0,0.603,0.667,0.667,2.0,0.379,-0.129,0.25,8.0,0.0,0.0,0.0,1.0,0.0,0.0,4.0,0.0,0.0,0.0,0.0,0.0,0.0,0.0,0.0,0.0,0.0,0.0,0.0,CLE,6.0,5.0,0.0,0.0,0.0,0.0,0.0,0.0,0.0,0.0,0.0,0.0,0.0,0.0,0.0,CLE,0.0,0.0,88.0,0.0,0.0,3.76,1.2,,2.8,14970.0,3.16,1.6,4.39,2026,20260519,True,42500301,NYK,CLE,1610612752,CLE_NYK_2026
203471,Dennis Schröder,Dennis,1610612739,CLE,32.0,1,0,1,0.0,18.418333333333333,1,9,0.111,1,4,0.25,0,0,0.0,0,0,0,5,0,1,0,1,3,0,3,1,13.5,0,0,11.0,1,11,11,11,13,15,8,17,8,11,8,14,14,14,9,18,18,2,13,5,7,13,8,16,16,9,13,3,1,15,1,108,6,0.0,0.2,15,4,1,90.13,3,92.7,91.7,18,17,12,0.0,0.385,11,0.8,90.9,0.167,0.202,5,0.2,9.0,1,10,1,8,18,35.7,18,8,0.0,9,92.7,109.87,5,42,0.0,92.9,1.0,108.15,7,17,108.15,0.0,8,92.9,12,-0.042,0.2,10,10,0.0,12,7,0.167,0.139,36.0,0.0,0.0,0.139,42.0,5.0,10.0,14.0,0.0,0.0,0.375,0.0,0.5,8.0,0.0,3.0,0.0,0.0,0.0,0.0,0.0,0.0,4.0,0.0,4.0,3.38,0.0,0.064,0.0,0.0,3.51,0.0,25.0,3.0,47.0,0.0,2.7,0.0,,,,,,,,,,,,,,,,,,,,,,,,,0.0,0.0,,0.0,1.0,0.111,CLE,0.0,0.0,0.111,0.0,0.0,1.0,0.0,1.0,2.0,0.0,0.0,0.0,0.0,,0.0,2.0,0.222,0.222,0.0,0.0,0.0,0.0,0.0,0.0,1.0,0.111,0.0,0.333,2.0,0.0,3.0,0.222,0.0,0.0,0.0,0.333,0.333,3.0,1.0,3.0,0.333,0.0,1.0,0.5,0.0,,0.333,0,0,0.0,0.0,,1,0.0,0.0,0.0,0.0,0.0,3.0,0.0,0.0,0.167,0.25,0.0,0.0,1.0,0.0,1.0,0.0,0.0,0.0,1.0,4.0,0.0,0.0,0.0,2.0,0.5,0.0,0.0,0.0,0.0,0.0,2.0,0.0,0.5,0.0,2.0,G,0.741,0.125,0.333,0.616,27.0,20.0,0.0,0.0,0.0,,0.0,0.0,0.0,1.0,,0.0,0.0,0.0,0.0,0.0,0.0,0.0,CLE,4.0,1.0,0.0,,0.0,2.0,0.5,2.0,0.0,0.0,0.0,4,0.25,0.375,4.0,1,1.0,0.375,3.0,0.51,8.0,-0.135,3.0,0.0,-0.37,0.375,0.0,0.37,5.0,3.0,0.575,0.025,0.6,0.625,-0.003,3.0,2.0,0.667,0.669,0.375,2.0,0.5,-0.118,4.0,0.618,0.5,0.375,0.0,0.389,-0.389,0.0,3.0,0.0,0.0,0.0,2.0,4.0,0.0,2.0,0.0,0.0,0.0,2.0,0.0,0.0,0.0,0.0,0.0,0.0,0.0,0.0,CLE,0.0,4.0,0.0,0.0,0.0,0.0,0.0,0.0,0.0,0.0,0.0,0.0,0.0,0.0,0.0,CLE,0.0,0.0,47.0,0.0,0.0,4.47,0.7,,1.5,8033.0,4.63,0.9,4.87,2026,20260519,True,42500301,NYK,CLE,1610612752,CLE_NYK_2026
1629731,Dean Wade,Dean,1610612739,CLE,29.0,1,0,1,0.0,29.315,3,5,0.6,3,5,0.6,1,1,1.0,2,3,5,3,0,0,0,0,0,1,10,1,20.5,0,0,21.0,1,11,11,11,10,9,13,4,2,8,3,10,11,1,4,8,6,5,13,13,7,1,1,11,10,9,10,3,1,10,1,108,11,0.0,3.7,9,18,1,75.73,2,101.8,104.3,9,2,8,0.069,0.176,11,6.0,98.3,0.9,0.086,18,0.076,5.0,6,9,1,13,6,37.5,3,18,0.0,4,101.8,93.0,18,55,0.089,105.5,3.0,90.87,14,7,90.87,0.111,18,105.5,7,0.169,3.7,9,9,0.0,8,14,0.919,0.111,27.0,0.0,0.0,0.111,16.0,3.0,3.0,7.0,0.0,0.0,0.0,0.0,0.0,0.0,0.0,0.0,0.0,0.0,0.0,0.0,0.0,0.0,0.0,0.0,0.0,0.41,0.0,0.313,0.0,0.0,1.14,0.0,16.0,10.0,32.0,0.0,0.6,2.0,0.429,10.0,6.3,7.0,0.5,6.4,0.0,0.4,6.6,0.0,0.0,0.667,3.0,3.0,2.0,3.0,2.0,0.0,1.0,0.0,0.429,0.667,0.5,0.0,,,,,,,,,,,,,,,,,,,,,,,,,,,,,1.0,1.0,1.5,1.0,0.2,1.0,0.2,0.0,1.0,1.0,0.0,0.0,,0.0,0.5,0.8,4.0,2.0,4.0,0.8,0.0,2.0,0.75,0.0,,0.5,0,0,0.0,,,0,,0.0,0.0,0.0,0.0,9.0,0.0,0.0,0.9,0.6,0.0,0.0,0.0,0.0,3.0,0.0,0.0,0.0,0.0,0.0,0.0,0.0,3.0,2.0,0.0,0.0,0.0,0.0,0.0,1.0,0.0,3.0,0.6,0.0,5.0,F-C,0.558,-0.071,0.426,0.629,52.0,29.0,0.0,0.0,0.0,0.0,0.0,0.0,0.0,3.0,0.0,0.0,0.0,0.0,0.0,0.0,0.0,0.0,CLE,0.0,0.0,0.0,0.0,0.0,0.0,0.6,5.0,0.0,0.0,0.0,5,0.6,0.9,5.0,3,3.0,0.667,6.0,0.494,9.0,0.173,2.0,1.0,0.116,0.222,0.5,0.384,7.0,5.0,0.559,0.155,0.714,0.778,0.147,5.0,4.0,0.8,0.653,0.556,5.0,0.667,0.225,6.0,0.609,0.833,0.222,1.0,0.38,0.12,0.5,2.0,0.0,0.0,0.0,2.0,4.0,0.0,1.0,0.0,0.0,0.0,2.0,0.0,0.0,0.0,0.0,0.0,0.0,0.0,0.0,CLE,1.0,3.0,0.0,0.0,0.0,0.0,0.0,0.0,0.0,0.0,0.0,0.0,0.0,0.0,0.0,CLE,0.0,0.0,32.0,0.0,0.0,4.57,1.2,,2.4,12701.0,4.45,1.2,4.69,2026,20260519,True,42500301,NYK,CLE,1610612752,CLE_NYK_2026
1631165,Keon Ellis,Keon,1610612739,CLE,26.0,1,0,1,0.0,1.25,0,0,0.0,0,0,0.0,0,0,0.0,0,0,0,0,0,0,0,0,0,0,0,2,0.0,0,0,0.0,1,13,13,13,20,19,23,19,12,17,12,12,14,12,11,19,20,14,10,8,7,1,1,16,19,6,22,4,1,22,1,89,1,0.0,100.0,19,20,1,64.0,14,0.0,200.0,19,19,12,0.0,0.0,7,200.0,0.0,0.0,0.0,20,0.0,0.0,14,1,1,23,20,0.0,19,23,0.0,11,0.0,57.6,20,2,0.0,100.0,0.0,76.8,1,18,76.8,0.0,23,100.0,1,0.0,100.0,1,1,0.0,12,1,0.0,0.0,2.0,0.0,0.0,0.0,1.0,0.0,0.0,0.0,0.0,0.0,0.0,0.0,0.0,0.0,0.0,0.0,0.0,0.0,0.0,0.0,0.0,0.0,0.0,0.0,0.0,1.5,0.0,0.0,0.0,0.0,2.0,0.0,0.0,0.0,2.0,0.0,0.1,0.0,,,,,,,,,,,,,,,,,,,,,,,,,,,,,,,,,,,,,,,,,,,,,,,,,,,,,,,,,,,,,,,,,,,,,,,,,,,,,,,0,0,,,,0,,,0.0,0.0,0.0,0.0,0.0,0.0,0.0,0.0,0.0,,,0.0,,0.0,0.0,0.0,,0.0,0.0,,,,,,,0.0,,,0.0,,,0.0,,G,0.444,-0.207,0.5,0.651,9.0,4.0,0.0,0.0,,,0.0,0.0,0.0,,,,,,0.0,0.0,,0.0,CLE,0.0,,,,,0.0,,,0.0,0.0,,0,,,,0,,,,,,,,,,,,,,,,,,,,,,,,,,,,,,,,,,,,,,,,,,,,,,,,,,,,,,,,,,,0.0,0.0,0.0,0.0,0.0,0.0,0.0,0.0,0.0,0.0,0.0,0.0,0.0,CLE,0.0,0.0,2.0,0.0,0.0,4.44,0.0,,0.1,373.0,0.0,0.0,0.0,2026,20260521,True,42500302,NYK,CLE,1610612752,CLE_NYK_2026
1642878,Tyrese Proctor,Tyrese,1610612739,CLE,22.0,1,0,1,0.0,1.25,0,0,0.0,0,0,0.0,0,0,0.0,0,0,0,0,0,0,0,0,0,0,0,2,0.0,0,0,0.0,1,13,13,13,20,19,23,19,12,17,12,12,14,12,11,19,20,14,10,8,7,1,1,16,19,6,22,4,1,22,1,89,1,0.0,100.0,19,20,1,64.0,14,0.0,200.0,19,19,12,0.0,0.0,7,200.0,0.0,0.0,0.0,20,0.0,0.0,14,1,1,23,20,0.0,19,23,0.0,11,0.0,57.6,20,2,0.0,100.0,0.0,76.8,1,18,76.8,0.0,23,100.0,1,0.0,100.0,1,1,0.0,12,1,0.0,0.0,0.0,,0.0,0.0,0.0,0.0,0.0,0.0,0.0,0.0,0.0,0.0,0.0,0.0,0.0,0.0,0.0,0.0,0.0,0.0,0.0,0.0,0.0,0.0,0.0,0.0,0.0,0.0,0.0,0.0,0.0,0.0,0.0,0.0,0.0,0.0,0.0,0.0,,,,,,,,,,,,,,,,,,,,,,,,,,,,,,,,,,,,,,,,,,,,,,,,,,,,,,,,,,,,,,,,,,,,,,,,,,,,,,,0,0,,,,0,,,0.0,0.0,0.0,0.0,0.0,0.0,0.0,0.0,0.0,,,0.0,,0.0,0.0,0.0,,0.0,0.0,,,,,,,0.0,,,0.0,,,0.0,,,,,,,,,0.0,0.0,,,0.0,0.0,0.0,,,,,,0.0,0.0,,0.0,CLE,0.0,,,,,0.0,,,0.0,0.0,,0,,,,0,,,,,,,,,,,,,,,,,,,,,,,,,,,,,,,,,,,,,,,,,,,,,,,,,,,,,,,,,,,0.0,0.0,0.0,0.0,0.0,0.0,0.0,0.0,0.0,0.0,0.0,0.0,0.0,CLE,0.0,0.0,0.0,0.0,0.0,4.45,0.0,,0.1,324.0,0.0,0.0,0.0,2026,20260521,True,42500302,NYK,CLE,1610612752,CLE_NYK_2026
1628418,Thomas Bryant,Thomas,1610612739,CLE,28.0,1,0,1,0.0,1.25,0,1,0.0,0,0,0.0,0,0,0.0,0,1,1,0,0,0,0,0,0,0,0,2,1.2,0,0,1.0,1,13,13,13,20,19,18,19,12,17,12,12,14,12,11,16,17,14,10,8,7,1,1,16,19,6,21,4,1,21,1,89,1,0.0,100.0,19,20,1,64.0,14,0.0,200.0,1,19,12,0.0,0.0,7,200.0,0.0,0.0,0.5,20,0.333,1.0,14,1,1,18,1,0.0,19,1,0.0,11,0.0,57.6,20,2,0.5,100.0,0.0,76.8,1,18,76.8,1.0,2,100.0,1,0.0,100.0,1,1,0.0,12,1,0.0,0.0,2.0,0.0,0.0,0.0,2.0,0.0,0.0,0.0,0.0,0.0,0.0,0.0,0.0,0.0,0.0,0.0,0.0,0.0,0.0,0.0,0.0,0.0,0.0,0.0,0.0,0.0,0.0,0.0,0.0,0.0,1.47,0.0,2.0,0.0,3.0,0.0,0.1,0.0,1.0,1.0,0.0,1.0,1.0,8.1,0.0,0.0,8.1,0.0,0.0,0.0,1.0,1.0,0.0,0.0,0.0,0.0,0.0,0.0,1.0,0.0,1.0,0.0,,,,,,,,,,,,,,,,,,,,,,,,,,,,,,,,,,,,,,,,,,1.0,0.0,0.0,0.0,0.0,1.0,1.0,0.0,0.0,0.0,1.0,0.0,,0,0,,,,0,,,0.0,0.0,0.0,0.0,0.0,0.0,0.0,0.0,0.0,,,0.0,,0.0,0.0,1.0,,0.0,0.0,,,,,,,0.0,,,0.0,,,0.0,,C-F,0.6,-0.046,0.5,0.646,10.0,6.0,0.0,0.0,,,0.0,0.0,1.0,,,,,,0.0,0.0,,0.0,CLE,0.0,,,,,0.0,,,0.0,0.0,,1,,0.0,,0,,,,,,,,,,,,,,,,,,,,,,,,,,,,,,,,,,,,,,,,,,,,,,,,,,,,,,,,,,,0.0,0.0,0.0,0.0,0.0,0.0,0.0,0.0,0.0,0.0,0.0,0.0,0.0,CLE,0.0,0.0,3.0,0.0,0.0,4.45,0.0,,0.1,285.0,0.0,0.0,0.0,2026,20260521,True,42500302,NYK,CLE,1610612752,CLE_NYK_2026
1630241,Sam Merrill,Sam,1610612739,CLE,30.0,1,0,1,0.0,23.2,1,8,0.125,0,7,0.0,2,4,0.5,0,0,0,0,1,0,0,0,2,3,4,-8,3.0,0,0,4.0,1,13,13,13,11,14,9,18,12,2,12,5,3,7,11,19,20,14,4,8,7,1,16,5,12,21,19,4,1,17,1,89,21,0.0,-23.5,14,13,22,75.86,14,127.9,104.6,19,18,10,0.0,0.0,7,-21.7,126.4,0.125,0.207,10,0.204,8.0,14,21,22,9,20,0.0,18,11,9.1,11,127.9,91.49,10,45,0.0,104.4,1.0,91.03,23,25,91.03,0.0,11,104.4,17,-0.097,-23.5,21,19,9.3,10,23,0.205,0.0,22.0,0.0,0.0,0.0,27.0,0.0,0.0,0.0,0.0,0.0,0.0,0.0,1.0,3.0,0.0,0.0,0.0,0.0,0.0,0.0,0.0,0.0,0.0,0.0,3.0,1.3,0.0,0.121,0.0,0.0,1.74,0.0,22.0,4.0,33.0,0.0,1.0,0.0,,,,,,,,,,,,,,,,,,,,,,,,,,,,,,,,,,,,,,,,,,,,,,,,,,,,,0.0,0.0,0.0,1.0,0.125,0.0,0.125,0.0,0.0,1.0,0.0,0.0,,1.0,0.143,0.75,6.0,1.0,7.0,0.875,1.0,0.0,0.143,0.125,1.0,0.0,0,0,0.0,0.0,0.0,1,0.0,1.0,0.0,0.0,0.0,0.0,0.0,0.0,0.125,0.0,0.0,0.0,0.0,1.0,0.0,0.0,0.0,0.0,0.0,1.0,1.0,0.0,0.0,1.0,0.0,0.0,0.0,0.0,0.0,0.0,6.0,0.0,0.0,0.0,1.0,G,0.556,-0.06,0.35,0.615,36.0,20.0,1.0,0.0,0.0,0.0,1.0,0.0,0.0,0.0,0.0,0.0,0.0,0.0,0.0,0.0,0.0,0.0,CLE,1.0,0.0,0.0,0.0,0.0,4.0,0.0,3.0,0.0,0.0,0.0,6,0.0,0.0,6.0,0,0.0,0.444,4.0,0.452,9.0,-0.008,2.0,1.0,0.11,0.222,0.5,0.39,7.0,3.0,0.498,-0.069,0.429,0.778,-0.291,6.0,2.0,0.333,0.624,0.667,2.0,0.667,-0.235,6.0,0.568,0.333,0.222,1.0,0.406,0.094,0.5,2.0,0.0,0.0,0.0,3.0,0.0,0.0,1.0,0.0,0.0,0.0,0.0,0.0,0.0,0.0,0.0,0.0,0.0,0.0,0.0,CLE,1.0,4.0,0.0,0.0,0.0,0.0,0.0,0.0,0.0,0.0,0.0,0.0,0.0,0.0,0.0,CLE,0.0,0.0,33.0,0.0,0.0,4.54,0.9,,1.9,9873.0,4.0,0.9,4.65,2026,20260521,True,42500302,NYK,CLE,1610612752,CLE_NYK_2026
1641854,Craig Porter Jr.,Craig,1610612739,CLE,26.0,1,0,1,0.0,1.25,0,0,0.0,0,0,0.0,0,0,0.0,0,0,0,0,0,0,0,0,0,0,0,2,0.0,0,0,0.0,1,13,13,13,20,19,23,19,12,17,12,12,14,12,11,19,20,14,10,8,7,1,1,16,19,6,22,4,1,22,1,89,1,0.0,100.0,19,20,1,64.0,14,0.0,200.0,19,19,12,0.0,0.0,7,200.0,0.0,0.0,0.0,20,0.0,0.0,14,1,1,23,20,0.0,19,23,0.0,11,0.0,57.6,20,2,0.0,100.0,0.0,76.8,1,18,76.8,0.0,23,100.0,1,0.0,100.0,1,1,0.0,12,1,0.0,0.0,1.0,0.0,0.0,0.0,2.0,0.0,1.0,0.0,0.0,0.0,0.0,0.0,0.0,0.0,0.0,0.0,0.0,0.0,0.0,0.0,0.0,0.0,0.0,0.0,0.0,5.0,0.0,0.0,0.0,0.0,11.82,0.0,1.0,0.0,2.0,0.0,0.4,0.0,,,,,,,,,,,,,,,,,,,,,,,,,,,,,,,,,,,,,,,,,,,,,,,,,,,,,,,,,,,,,,,,,,,,,,,,,,,,,,,0,0,,,,0,,,0.0,0.0,0.0,0.0,0.0,0.0,0.0,0.0,0.0,,,0.0,,0.0,0.0,0.0,,0.0,0.0,,,,,,,0.0,,,0.0,,,0.0,,G,0.0,-0.508,0.667,0.508,2.0,0.0,0.0,0.0,,,0.0,0.0,0.0,,,,,,0.0,0.0,,0.0,CLE,0.0,,,,,0.0,,,0.0,0.0,,0,,,,0,,0.0,0.0,0.373,1.0,-0.373,1.0,0.0,-0.243,1.0,0.0,0.243,,,,,,,,,,,,,,,,,,,1.0,0.0,0.231,-0.231,0.0,1.0,,,,,,,,,,,,,,,,,,,,,,,0.0,0.0,0.0,0.0,0.0,0.0,0.0,0.0,0.0,0.0,0.0,0.0,0.0,CLE,0.0,0.0,2.0,0.0,0.0,4.46,0.0,,0.1,316.0,0.0,0.0,0.0,2026,20260521,True,42500302,NYK,CLE,1610612752,CLE_NYK_2026
1629731,Dean Wade,Dean,1610612739,CLE,29.0,1,0,1,0.0,20.666666666666668,1,3,0.333,1,3,0.333,0,0,0.0,1,2,3,3,2,0,0,0,2,0,3,-10,9.1,0,0,10.0,1,13,13,13,12,14,15,14,7,10,7,12,14,12,5,13,13,3,3,8,7,1,16,16,17,23,14,4,1,13,1,89,16,1.5,-22.7,14,2,25,76.45,3,115.0,91.1,12,9,23,0.037,0.25,4,-19.1,110.2,0.5,0.107,8,0.104,3.0,5,20,25,15,13,37.5,13,20,25.0,9,115.0,94.39,8,39,0.064,92.3,1.0,91.74,20,17,91.74,0.1,20,92.3,23,0.032,-22.7,20,17,25.0,23,20,0.5,0.15,20.0,0.0,0.0,0.15,12.0,3.0,2.0,8.0,0.0,0.0,0.0,0.0,0.0,0.0,0.0,0.0,0.0,0.0,0.0,0.0,0.0,0.0,0.0,0.0,0.0,0.46,0.0,0.125,0.0,1.0,1.56,0.0,12.0,3.0,24.0,0.0,0.6,2.0,0.667,7.0,9.1,3.0,0.5,8.0,1.0,0.333,7.5,0.0,0.0,0.2,2.0,2.0,1.0,5.0,1.0,0.0,1.0,0.0,1.0,0.2,0.429,1.0,,,,,,,,,,,,,,,,,,,,,,,,,,,,,0.0,0.0,0.0,1.0,0.333,0.0,0.333,0.0,0.0,1.0,0.0,0.0,,0.0,0.5,0.667,2.0,1.0,2.0,0.667,0.0,1.0,0.75,0.0,,0.5,0,0,0.0,,,0,,0.0,0.0,0.0,0.0,3.0,0.0,0.0,0.5,0.333,0.0,0.0,0.0,0.0,1.0,0.0,0.0,0.0,1.0,0.0,0.0,0.0,0.0,2.0,0.5,0.0,0.0,0.0,0.0,0.0,1.0,0.0,0.5,0.0,2.0,F-C,0.608,-0.026,0.392,0.634,51.0,31.0,0.0,,0.0,,0.0,,0.0,1.0,,0.0,0.0,0.0,0.0,,0.0,0.0,CLE,0.0,0.0,0.0,,0.0,1.0,0.5,2.0,0.0,0.0,0.0,3,0.333,0.5,3.0,1,1.0,0.375,3.0,0.482,8.0,-0.107,4.0,1.0,-0.119,0.5,0.25,0.369,4.0,2.0,0.552,-0.052,0.5,0.5,0.315,1.0,1.0,1.0,0.685,0.125,1.0,0.25,-0.125,2.0,0.625,0.5,0.625,1.0,0.392,-0.192,0.2,5.0,0.0,0.0,0.0,3.0,2.0,1.0,2.0,0.0,0.0,0.0,1.0,0.0,0.0,0.0,1.0,0.0,0.0,0.0,1.0,CLE,1.0,5.0,0.0,0.0,0.0,0.0,0.0,0.0,0.0,0.0,0.0,0.0,0.0,0.0,0.0,CLE,0.0,0.0,24.0,0.0,0.0,4.39,0.8,,1.6,8451.0,4.36,0.8,4.42,2026,20260521,True,42500302,NYK,CLE,1610612752,CLE_NYK_2026
203471,Dennis Schröder,Dennis,1610612739,CLE,32.0,1,0,1,0.0,17.966666666666665,2,5,0.4,0,1,0.0,0,2,0.0,1,3,4,3,0,0,0,1,1,3,4,0,13.3,0,0,11.0,1,13,13,13,13,10,13,12,12,13,12,12,8,12,5,8,5,3,10,8,7,21,10,5,12,11,12,4,1,12,1,89,14,0.0,0.0,10,17,1,73.47,4,112.1,116.6,8,14,7,0.056,0.273,7,9.8,106.8,0.4,0.16,17,0.154,5.0,4,12,1,13,9,33.3,15,16,0.0,7,112.1,88.64,17,33,0.103,112.1,2.0,88.16,17,13,88.16,0.143,16,112.1,12,0.081,0.0,12,12,0.0,7,17,0.34,0.143,21.0,0.0,1.0,0.19,28.0,4.0,3.0,6.0,0.5,0.0,0.0,0.5,0.5,4.0,1.0,0.0,2.0,0.0,0.0,0.0,0.0,0.0,2.0,0.0,2.0,4.59,0.0,0.125,0.0,1.0,4.66,0.0,14.0,4.0,32.0,0.0,2.5,0.0,1.0,5.0,15.3,3.0,0.8,9.2,0.0,0.25,7.2,0.0,0.0,0.5,3.0,3.0,1.0,2.0,1.0,0.0,1.0,0.0,1.0,0.5,0.8,0.0,0.0,0.5,,1.0,2.0,0.4,CLE,0.0,0.5,0.4,0.0,1.0,1.0,0.5,2.0,1.0,0.0,0.0,0.0,0.0,,0.0,1.0,0.2,0.2,0.0,0.0,0.0,,1.0,1.0,0.0,0.0,1.0,0.2,1.0,0.0,1.0,0.2,1.0,1.0,0.0,0.0,0.2,1.0,0.0,1.0,0.2,0.0,0.0,0.0,0.0,,0.0,1,2,0.0,0.333,,3,0.333,0.0,0.0,0.0,0.0,0.0,0.0,0.0,0.4,0.0,0.0,0.0,2.0,1.0,0.0,0.0,0.0,1.0,0.0,1.0,1.0,0.0,0.0,0.0,0.0,0.0,0.0,1.0,0.0,0.0,1.0,0.0,0.0,1.0,0.0,G,0.724,0.101,0.337,0.623,29.0,21.0,1.0,,0.0,0.0,1.0,,1.0,0.0,0.0,0.0,0.0,0.0,0.0,,0.0,1.0,CLE,1.0,2.0,0.0,0.0,0.0,1.0,0.0,0.0,1.0,0.0,0.0,1,0.0,0.0,1.0,0,0.0,0.25,1.0,0.499,4.0,-0.249,2.0,0.0,-0.388,0.5,0.0,0.388,2.0,1.0,0.631,-0.131,0.5,0.5,0.268,1.0,1.0,1.0,0.732,0.25,1.0,0.5,-0.163,2.0,0.663,0.5,0.5,0.0,0.386,-0.386,0.0,2.0,0.0,0.0,0.0,0.0,0.0,0.0,1.0,0.0,0.0,0.0,0.0,0.0,0.0,0.0,0.0,0.0,0.0,0.0,0.0,CLE,1.0,1.0,0.0,0.0,0.0,0.0,0.0,0.0,0.0,0.0,0.0,0.0,0.0,0.0,0.0,CLE,0.0,0.0,32.0,0.0,0.0,4.32,0.7,,1.4,7188.0,3.69,0.7,5.19,2026,20260521,True,42500302,NYK,CLE,1610612752,CLE_NYK_2026
1641772,Nae'Qwan Tomlin,Nae'Qwan,1610612739,CLE,25.0,1,0,1,0.0,1.25,1,1,1.0,0,0,0.0,0,0,0.0,1,0,1,0,0,0,0,0,0,0,2,2,3.2,0,0,3.0,1,13,13,13,20,14,18,1,12,17,12,12,14,12,5,19,17,14,10,8,7,1,1,16,18,6,18,4,1,20,1,89,1,0.0,100.0,14,20,1,64.0,14,0.0,200.0,19,1,12,1.0,0.0,7,200.0,0.0,1.0,0.5,20,0.333,1.0,14,1,1,18,1,0.0,1,1,0.0,1,0.0,57.6,20,2,0.5,100.0,1.0,76.8,1,1,76.8,0.0,2,100.0,1,5.0,100.0,1,1,0.0,12,1,1.0,0.0,0.0,,0.0,0.0,0.0,0.0,0.0,0.0,0.0,0.0,0.0,0.0,0.0,0.0,0.0,0.0,0.0,0.0,0.0,0.0,0.0,0.0,0.0,0.0,0.0,0.0,0.0,2.0,0.0,0.0,0.08,2.0,1.0,2.0,1.0,0.0,0.0,1.0,0.0,1.0,3.4,0.0,1.0,3.4,0.0,1.0,0.0,0.0,0.0,1.0,0.0,0.0,1.0,1.0,1.0,0.0,1.0,0.0,0.0,1.0,1.0,0.0,0.0,1.0,,1.0,1.0,1.0,CLE,0.0,1.0,1.0,0.0,1.0,1.0,1.0,1.0,,,,,,,,,,,,,,,,,,,,,,,,,,,,,,,,,,,,,,,,0,0,,,,0,,,2.0,0.0,0.0,0.0,0.0,1.0,1.0,0.0,0.0,,,1.0,,0.0,0.0,0.0,,1.0,1.0,,,,,,,0.0,,,0.0,,,0.0,,F,1.0,0.432,0.333,0.569,2.0,2.0,1.0,0.0,,,1.0,0.0,0.0,,,,,,0.0,0.0,,0.0,CLE,1.0,,,,,0.0,,,0.0,0.0,,0,,,,0,,,,,,,,,,,,,,,,,,,,,,,,,,,,,,,,,,,,,,,,,,,,,,,,,,,,,,,,,,,0.0,0.0,0.0,0.0,0.0,0.0,0.0,0.0,0.0,0.0,0.0,0.0,0.0,CLE,0.0,0.0,1.0,0.0,0.0,4.45,0.0,,0.1,311.0,0.0,0.0,0.0,2026,20260521,True,42500302,NYK,CLE,1610612752,CLE_NYK_2026
1630596,Evan Mobley,Evan,1610612739,CLE,24.0,1,0,1,0.0,36.5,5,8,0.625,2,3,0.667,2,4,0.5,2,4,6,3,1,0,2,0,0,2,14,-5,30.7,0,0,29.0,1,13,13,13,4,7,9,5,4,10,2,5,3,7,3,4,3,3,4,8,2,1,1,11,7,19,8,4,1,7,1,89,15,3.0,-7.1,7,3,20,76.71,8,112.9,106.6,9,5,9,0.053,0.158,3,-1.2,107.8,0.75,0.139,7,0.138,8.0,8,15,20,9,12,21.4,5,18,7.1,8,112.9,93.84,7,70,0.079,105.7,5.0,92.05,18,6,92.05,0.105,18,105.7,16,0.138,-7.1,15,15,7.3,9,18,0.717,0.068,44.0,0.0,0.0,0.068,32.0,3.0,5.0,6.0,0.857,1.0,0.0,0.667,0.429,7.0,2.0,0.0,6.0,0.0,0.0,0.143,1.0,2.0,3.0,2.0,3.0,0.89,0.0,0.255,0.0,2.0,2.02,0.667,30.0,14.0,55.0,0.0,1.9,3.0,0.444,14.0,5.8,9.0,0.462,3.2,1.0,0.5,2.0,0.5,0.0,0.4,3.0,2.0,3.0,5.0,1.0,1.0,0.5,2.0,0.5,0.4,0.429,1.0,,,,,,,,,,,,,,,,4.0,0.0,2.0,0.5,0.5,,0.0,4.0,0.5,0.5,0.0,2.0,0.5,,1.0,1.0,0.0,0.0,1.0,0.125,1.0,0.0,1.0,0.125,1.0,1.0,0.0,0.667,0.375,3.0,2.0,3.0,0.375,0.0,2.0,1.0,0.0,,0.667,0,0,0.0,0.0,,1,0.0,0.0,2.0,0.0,0.0,6.0,0.0,1.0,0.75,0.667,0.0,0.0,1.0,1.0,0.0,2.0,0.667,1.0,0.0,3.0,3.0,0.0,0.0,0.0,0.0,0.0,0.0,0.0,0.0,0.0,3.0,0.0,0.0,0.0,0.0,C,0.533,-0.127,0.456,0.661,120.0,64.0,1.0,0.0,0.0,0.0,3.0,0.0,0.0,1.0,0.0,1.0,0.0,0.0,1.0,0.0,0.0,0.0,CLE,3.0,1.0,0.0,0.0,0.0,1.0,0.5,2.0,0.0,1.0,0.0,3,0.667,1.0,3.0,2,2.0,0.471,8.0,0.496,17.0,-0.025,7.0,3.0,0.048,0.412,0.429,0.381,10.0,5.0,0.576,-0.076,0.5,0.588,0.028,3.0,2.0,0.667,0.639,0.176,2.0,0.235,-0.099,4.0,0.599,0.5,0.529,3.0,0.388,-0.055,0.333,9.0,1.0,2.0,2.0,10.0,4.0,0.0,3.0,1.0,1.0,1.0,2.0,0.5,1.0,0.0,0.0,2.0,0.0,0.0,1.0,CLE,0.0,13.0,0.0,0.0,0.0,0.0,0.0,0.0,0.0,0.0,0.0,0.0,0.0,0.0,0.0,CLE,0.0,0.0,55.0,0.0,0.0,4.12,1.3,,2.7,14036.0,3.54,1.4,4.87,2026,20260521,True,42500302,NYK,CLE,1610612752,CLE_NYK_2026
201935,James Harden,James,1610612739,CLE,36.0,1,0,1,0.0,31.9,6,15,0.4,3,7,0.429,3,3,1.0,0,6,6,2,0,2,0,2,2,3,18,-22,34.2,0,0,33.0,1,13,13,13,8,6,4,12,2,2,6,3,7,1,11,2,3,10,10,1,7,23,16,5,5,26,6,4,1,5,1,89,23,0.0,-33.9,6,5,1,77.12,11,132.3,98.0,3,9,20,0.0,0.143,7,-33.2,131.2,0.5,0.236,6,0.225,15.0,9,23,1,4,10,11.1,9,8,0.0,11,132.3,93.11,6,61,0.097,98.4,6.0,92.54,25,8,92.54,0.25,8,98.4,19,0.128,-33.9,23,24,0.0,20,25,0.551,0.047,43.0,2.0,2.0,0.14,49.0,6.0,9.0,6.0,0.667,1.0,0.0,0.333,0.222,9.0,2.0,0.0,6.0,0.0,0.0,0.111,1.0,2.0,6.0,2.0,2.0,4.87,0.0,0.295,0.0,0.0,5.5,0.0,21.0,18.0,61.0,0.0,5.6,1.0,1.0,7.0,0.0,6.0,0.857,7.4,0.0,0.333,7.4,0.333,0.0,0.0,4.0,4.0,2.0,1.0,0.0,0.0,0.0,2.0,1.0,0.0,0.857,0.0,0.0,0.0,,0.0,1.0,0.067,CLE,0.0,0.0,0.067,0.0,0.0,1.0,0.0,1.0,6.0,3.0,3.0,0.5,0.5,0.333,0.2,9.0,0.4,0.6,1.0,4.0,0.444,0.333,1.0,0.375,3.0,0.2,0.25,0.267,1.0,1.0,4.0,0.067,0.0,0.0,0.0,1.0,0.067,1.0,1.0,1.0,0.067,0.0,1.0,1.5,0.0,,1.0,2,5,1.0,0.333,0.2,6,0.417,5.0,0.0,0.0,0.0,6.0,0.0,0.0,0.5,1.0,0.0,2.0,4.0,0.25,1.0,2.0,0.333,0.0,0.0,4.0,1.0,0.0,1.0,0.0,0.0,0.0,0.5,0.0,0.0,1.0,6.0,1.0,1.0,0.0,1.0,G,0.624,-0.016,0.354,0.64,85.0,53.0,0.25,0.0,2.0,0.0,1.0,0.0,0.0,1.0,0.0,0.0,0.0,0.0,0.5,0.0,0.0,0.0,CLE,4.0,4.0,0.0,0.0,0.0,4.0,0.333,3.0,0.0,2.0,0.5,2,1.0,1.5,2.0,2,2.0,0.692,9.0,0.488,13.0,0.205,5.0,2.0,0.02,0.385,0.4,0.38,8.0,7.0,0.558,0.317,0.875,0.615,0.33,5.0,5.0,1.0,0.67,0.385,6.0,0.462,0.361,6.0,0.64,1.0,0.385,2.0,0.391,0.009,0.4,5.0,0.0,0.0,0.0,3.0,0.0,0.0,0.0,0.0,0.0,0.0,0.0,0.0,0.0,0.0,0.0,0.0,0.0,0.0,0.0,CLE,1.0,3.0,0.0,0.0,0.0,0.0,0.0,0.0,0.0,0.0,0.0,0.0,0.0,0.0,0.0,CLE,0.0,0.0,61.0,0.0,0.0,3.52,1.0,,2.0,10488.0,3.27,1.0,3.82,2026,20260521,True,42500302,NYK,CLE,1610612752,CLE_NYK_2026
1628386,Jarrett Allen,Jarrett,1610612739,CLE,28.0,1,0,1,0.0,28.883333333333333,5,10,0.5,0,0,0.0,3,6,0.5,5,5,10,0,0,1,2,2,1,4,13,-20,34.0,1,0,29.0,1,13,13,13,9,7,7,8,12,17,12,3,2,7,1,3,2,14,10,3,2,23,10,3,9,25,7,1,1,7,1,89,22,0.0,-32.2,7,8,1,76.17,14,130.4,98.3,6,9,21,0.143,0.0,7,-28.4,126.6,0.5,0.204,9,0.203,10.0,14,22,1,7,4,0.0,12,12,0.0,3,130.4,92.7,9,54,0.169,98.1,5.0,91.4,24,10,91.4,0.208,12,98.1,18,0.112,-32.2,22,22,0.0,21,24,0.514,0.0,15.0,0.0,0.0,0.0,15.0,0.0,2.0,0.0,0.0,0.0,0.0,0.0,0.0,1.0,0.0,0.0,0.0,0.0,0.0,0.0,0.0,0.0,1.0,0.0,0.0,0.61,0.0,0.464,0.5,2.0,1.63,1.3,20.0,13.0,28.0,0.0,0.8,10.0,0.556,18.0,3.0,9.0,0.588,3.1,1.0,0.7,3.2,0.4,0.0,0.556,3.0,3.0,7.0,9.0,5.0,0.0,1.0,2.0,0.625,0.556,0.556,1.0,0.0,0.667,,2.0,3.0,0.3,CLE,0.0,0.667,0.3,0.0,2.0,1.0,0.667,3.0,6.0,0.0,3.0,0.5,0.5,,0.0,6.0,0.6,0.6,0.0,3.0,0.5,,,,,,,,,,,,,,1.0,0.0,0.0,0.0,0.0,1.0,0.1,0.0,0.0,0.0,0.1,0.0,,0,0,,,,0,,,13.0,0.0,0.0,0.0,1.0,0.833,0.5,0.0,0.0,0.0,2.0,0.625,0.0,0.0,0.0,0.0,0.0,8.0,5.0,0.0,0.0,0.0,0.0,0.0,0.0,0.0,0.0,0.0,0.0,0.0,0.0,0.0,0.0,C,0.591,-0.066,0.535,0.657,115.0,68.0,0.625,,0.0,,5.0,,1.0,0.0,,0.0,0.0,0.0,0.0,,0.0,0.0,CLE,8.0,1.0,0.0,,0.0,0.0,0.0,0.0,0.0,0.0,0.0,1,,0.0,,0,,0.471,8.0,0.513,17.0,-0.042,7.0,3.0,0.038,0.412,0.429,0.391,10.0,5.0,0.593,-0.093,0.5,0.588,-0.017,6.0,4.0,0.667,0.684,0.353,4.0,0.412,-0.075,7.0,0.646,0.571,0.529,3.0,0.391,-0.058,0.333,9.0,0.0,0.0,0.0,5.0,2.0,0.0,1.0,0.0,0.0,0.0,1.0,0.0,0.0,0.0,0.0,0.0,0.0,0.0,0.0,CLE,2.0,6.0,0.0,0.0,0.0,0.0,0.0,0.0,0.0,0.0,0.0,0.0,0.0,0.0,0.0,CLE,0.0,0.0,28.0,0.0,0.0,3.92,1.0,,2.0,10374.0,3.71,1.0,4.15,2026,20260521,True,42500302,NYK,CLE,1610612752,CLE_NYK_2026
1642281,Jaylon Tyson,Jaylon,1610612739,CLE,23.0,1,0,1,0.0,10.483333333333333,1,4,0.25,0,3,0.0,2,2,1.0,1,2,3,0,0,0,0,0,1,1,4,0,7.6,0,0,7.0,1,13,13,13,17,14,14,15,12,10,12,5,8,1,5,13,13,14,10,8,7,1,10,12,12,11,16,4,1,15,1,89,7,0.0,0.0,14,16,1,72.5,14,100.0,96.3,7,16,12,0.077,0.0,7,0.8,95.6,0.25,0.225,19,0.217,4.0,14,12,1,14,8,0.0,14,9,0.0,5,100.0,90.66,19,19,0.115,100.0,1.0,87.0,9,12,87.0,0.154,9,100.0,21,0.104,0.0,12,14,0.0,12,9,0.41,0.0,9.0,0.0,1.0,0.111,8.0,1.0,2.0,0.0,0.0,0.0,0.0,0.0,0.0,0.0,0.0,0.0,0.0,0.0,0.0,0.0,0.0,0.0,0.0,0.0,0.0,0.71,0.0,0.286,0.0,0.0,1.66,0.0,8.0,4.0,14.0,0.0,0.4,0.0,1.0,5.0,22.3,2.0,0.6,10.7,0.0,0.0,4.9,0.0,0.0,0.333,3.0,2.0,0.0,3.0,0.0,1.0,0.0,0.0,1.0,0.333,0.6,0.0,,,,,,,,,,,,,,,,,,,,,,,,,,,,,0.0,1.0,0.5,1.0,0.25,0.5,0.5,1.0,0.0,2.0,0.25,1.0,1.0,0.0,0.0,0.5,2.0,0.0,2.0,0.5,0.0,0.0,0.0,0.0,,0.0,0,0,0.0,,,0,,0.0,0.0,0.0,0.0,0.0,0.0,0.0,0.25,0.0,0.0,0.0,0.0,1.0,0.0,0.0,0.0,0.0,0.0,1.0,1.0,0.0,,2.0,0.0,0.0,0.0,0.0,0.0,,1.0,,0.0,0.0,2.0,G-F,0.625,-0.023,0.348,0.648,24.0,15.0,1.0,,0.0,0.0,1.0,,0.0,0.0,0.0,0.0,0.0,0.0,0.0,,0.0,0.0,CLE,1.0,0.0,0.0,0.0,0.0,0.0,0.0,3.0,0.0,0.0,0.0,3,0.0,0.0,3.0,0,0.0,1.0,1.0,0.495,1.0,0.505,,,,,,,1.0,1.0,0.593,0.407,1.0,1.0,0.315,1.0,1.0,1.0,0.685,1.0,1.0,1.0,0.341,1.0,0.659,1.0,,,,,,,,,,,,,,,,,,,,,,,,,,,,,0.0,0.0,0.0,0.0,0.0,0.0,0.0,0.0,0.0,0.0,0.0,0.0,0.0,CLE,0.0,0.0,14.0,0.0,0.0,4.24,0.4,,0.8,4028.0,3.87,0.4,4.69,2026,20260521,True,42500302,NYK,CLE,1610612752,CLE_NYK_2026
1629622,Max Strus,Max,1610612739,CLE,30.0,1,0,1,0.0,25.5,1,7,0.143,1,4,0.25,2,2,1.0,2,2,4,3,3,1,0,0,6,1,5,-17,14.3,0,0,15.0,1,13,13,13,10,14,12,17,7,8,9,5,8,1,3,13,5,3,1,3,7,1,26,12,10,24,10,4,1,10,1,89,24,1.0,-36.8,14,12,24,77.65,8,138.8,107.1,13,17,11,0.071,0.188,5,-28.1,135.2,0.214,0.203,5,0.196,7.0,7,24,24,12,11,21.4,16,13,21.4,6,138.8,92.12,5,50,0.08,102.0,1.0,93.18,26,24,93.18,0.091,13,102.0,14,-0.028,-36.8,24,21,21.6,11,26,0.317,0.094,32.0,0.0,0.0,0.094,22.0,3.0,4.0,9.0,0.0,0.0,0.0,0.0,0.25,4.0,0.0,0.0,0.0,2.0,0.5,0.0,0.0,0.0,1.0,0.0,1.0,0.95,0.0,0.122,0.0,0.0,1.54,0.0,21.0,5.0,41.0,0.0,1.1,2.0,0.333,9.0,2.1,6.0,0.571,4.7,2.0,0.5,7.3,0.0,0.0,0.5,2.0,2.0,2.0,4.0,2.0,0.0,1.0,0.0,0.5,0.5,0.444,2.0,,,,,,,,,,,,,,,,3.0,0.0,0.0,0.0,0.0,,0.0,3.0,0.429,0.429,0.0,0.0,0.0,0.0,0.0,0.0,3.0,0.429,0.0,0.429,0.0,0.0,3.0,0.0,0.0,,0.0,1.0,0.143,1.0,1.0,1.0,0.143,0.0,1.0,1.5,0.0,,1.0,0,0,0.0,0.0,0.0,1,0.0,1.0,0.0,0.0,0.0,3.0,0.0,0.0,0.214,0.333,0.0,0.0,0.0,0.0,1.0,0.0,0.0,0.0,0.0,3.0,0.0,0.0,1.0,0.0,0.0,0.0,0.0,0.0,0.0,1.0,3.0,1.0,1.0,0.0,1.0,G-F,0.604,-0.029,0.266,0.633,53.0,32.0,0.0,0.0,0.0,0.0,0.0,0.0,0.0,1.0,0.0,0.0,0.0,0.0,0.0,0.0,0.0,0.0,CLE,3.0,0.0,0.0,0.0,0.0,3.0,1.0,1.0,0.0,0.0,0.0,3,0.333,0.5,3.0,1,1.0,0.7,7.0,0.486,10.0,0.214,3.0,2.0,0.279,0.3,0.667,0.387,7.0,5.0,0.537,0.177,0.714,0.7,-0.025,5.0,3.0,0.6,0.625,0.5,4.0,0.6,0.062,6.0,0.605,0.667,0.3,2.0,0.386,0.281,0.667,3.0,1.0,1.0,1.0,0.0,0.0,0.0,0.0,0.0,0.0,0.0,0.0,0.0,1.0,0.0,0.0,1.0,0.0,0.0,0.0,CLE,3.0,0.0,0.0,0.0,0.0,0.0,0.0,0.0,0.0,0.0,0.0,0.0,0.0,0.0,0.0,CLE,0.0,0.0,41.0,0.0,0.0,4.8,1.1,,2.2,11365.0,4.28,1.1,5.46,2026,20260521,True,42500302,NYK,CLE,1610612752,CLE_NYK_2026
1628378,Donovan Mitchell,Donovan,1610612739,CLE,29.0,1,0,1,0.0,38.65,8,18,0.444,2,7,0.286,8,9,0.889,0,4,4,1,1,0,1,0,5,5,26,-8,34.3,0,0,35.0,1,13,13,13,3,3,2,10,4,2,8,1,1,6,11,4,5,11,4,8,4,1,24,1,1,21,5,4,1,3,1,89,17,1.0,-11.0,3,6,19,75.55,13,117.8,107.9,11,9,8,0.0,0.056,5,-3.4,111.3,0.5,0.282,11,0.274,18.0,12,17,19,2,16,4.2,8,6,4.2,11,117.8,92.9,11,73,0.051,106.8,8.0,90.66,21,11,90.66,0.103,5,106.8,13,0.107,-11.0,17,16,4.2,8,21,0.592,0.027,37.0,1.0,1.0,0.081,50.0,3.0,10.0,3.0,0.909,0.0,0.0,0.714,0.364,11.0,5.0,0.0,10.0,0.0,0.0,0.0,0.0,0.0,7.0,0.0,4.0,4.18,0.0,0.419,0.0,0.0,4.37,0.0,31.0,26.0,62.0,0.0,4.5,0.0,0.571,7.0,0.0,7.0,0.571,5.1,0.0,0.0,5.1,0.0,0.0,0.0,4.0,4.0,0.0,1.0,0.0,0.0,0.0,0.0,0.571,0.0,0.571,0.0,0.0,1.0,,2.0,2.0,0.111,CLE,0.0,1.0,0.111,0.0,2.0,1.0,1.0,2.0,6.0,1.0,2.0,0.333,0.286,0.0,0.056,7.0,0.333,0.389,0.0,2.0,0.286,0.333,3.0,0.583,3.0,0.167,0.5,0.333,3.0,1.0,6.0,0.167,2.0,0.667,0.0,0.333,0.167,3.0,1.0,3.0,0.167,0.0,1.0,0.5,0.0,,0.333,3,8,2.0,0.375,0.4,8,0.5,5.0,0.0,0.0,0.0,0.0,0.0,0.0,0.5,0.0,0.0,2.0,5.0,0.75,0.0,2.0,0.286,2.0,0.0,4.0,3.0,0.0,0.0,0.0,0.0,0.0,0.4,0.5,0.0,0.0,7.0,0.0,0.0,1.0,0.0,G,0.51,-0.121,0.292,0.631,49.0,25.0,0.75,0.0,2.0,0.0,3.0,0.0,2.0,0.0,0.0,0.0,0.0,0.0,0.4,0.0,0.0,0.5,CLE,4.0,4.0,0.0,0.0,0.0,5.0,0.0,3.0,1.0,2.0,0.5,2,0.0,0.0,2.0,0,0.0,0.5,4.0,0.448,8.0,0.052,4.0,0.0,-0.413,0.5,0.0,0.413,4.0,4.0,0.555,0.446,1.0,0.5,0.36,3.0,3.0,1.0,0.64,0.375,3.0,0.375,0.405,3.0,0.595,1.0,0.5,0.0,0.414,-0.414,0.0,4.0,0.0,0.0,0.0,1.0,0.0,0.0,3.0,0.0,0.0,0.0,0.0,0.0,0.0,0.0,0.0,0.0,0.0,0.0,0.0,CLE,2.0,4.0,0.0,0.0,0.0,0.0,0.0,0.0,0.0,0.0,0.0,0.0,0.0,0.0,0.0,CLE,0.0,0.0,62.0,0.0,0.0,3.75,1.3,,2.6,13983.0,3.3,1.3,4.33,2026,20260521,True,42500302,NYK,CLE,1610612752,CLE_NYK_2026
201935,James Harden,James,1610612739,CLE,36.0,1,0,1,0.0,40.91666666666666,8,15,0.533,1,7,0.143,2,3,0.667,0,5,5,5,6,1,0,1,2,2,19,-8,29.5,0,0,32.0,1,11,11,11,2,5,4,8,7,3,11,6,7,9,9,2,8,4,1,5,5,15,7,8,6,16,9,1,1,8,1,98,15,0.83,-10.9,5,6,17,82.61,9,126.2,112.0,7,9,11,0.0,0.167,7,-15.9,127.9,0.567,0.231,7,0.229,15.0,8,13,17,4,11,18.5,13,5,22.2,9,126.2,99.93,7,85,0.074,115.3,8.0,99.13,17,12,99.13,0.167,5,115.3,12,0.077,-10.9,13,13,22.0,11,17,0.582,0.093,54.0,1.0,3.0,0.167,55.0,9.0,14.0,14.0,1.0,0.5,0.143,0.857,0.286,14.0,6.0,2.0,14.0,1.0,0.071,0.071,1.0,2.0,7.0,1.0,4.0,4.44,0.0,0.244,0.0,0.0,5.16,0.0,33.0,19.0,78.0,0.0,6.7,0.0,0.714,9.0,0.0,7.0,0.556,4.3,0.0,0.0,4.3,0.0,0.0,0.0,5.0,5.0,0.0,3.0,0.0,0.0,0.0,0.0,0.714,0.0,0.556,0.0,0.067,,0.0,0.0,1.0,0.0,CLE,1.0,0.0,0.067,0.0,0.0,1.0,0.0,0.0,6.0,2.0,5.0,0.833,0.813,0.5,0.133,8.0,0.4,0.533,1.0,6.0,0.75,0.0,2.0,0.4,3.0,0.2,0.4,0.333,2.0,0.0,5.0,0.133,2.0,1.0,0.0,0.0,0.067,1.0,0.0,1.0,0.067,0.0,0.0,0.0,0.0,,0.0,3,7,1.0,0.429,0.2,7,0.5,5.0,0.0,0.0,0.0,0.0,0.0,0.0,0.567,0.0,0.0,2.0,2.0,0.8,0.0,1.0,0.143,1.0,0.0,5.0,4.0,0.0,0.0,0.0,0.0,0.0,1.0,1.0,0.0,0.0,7.0,0.0,0.0,1.0,0.0,G,0.644,0.001,0.349,0.644,90.0,58.0,0.8,0.0,0.0,0.0,4.0,0.0,3.0,0.0,0.0,0.0,0.0,0.0,0.2,0.0,0.0,1.0,CLE,5.0,0.0,0.0,0.0,0.0,5.0,0.0,2.0,3.0,1.0,0.0,2,0.0,0.0,2.0,0,0.0,0.667,12.0,0.488,18.0,0.179,7.0,3.0,0.046,0.389,0.429,0.383,11.0,9.0,0.571,0.247,0.818,0.611,0.291,5.0,5.0,1.0,0.709,0.278,6.0,0.389,0.192,7.0,0.666,0.857,0.556,6.0,0.387,0.213,0.6,10.0,0.0,0.0,0.0,6.0,0.0,0.0,4.0,0.0,0.0,0.0,0.0,0.0,0.0,0.0,0.0,0.0,0.0,0.0,0.0,CLE,4.0,10.0,0.0,0.0,0.0,0.0,0.0,0.0,0.0,0.0,0.0,0.0,0.0,0.0,0.0,CLE,0.0,0.0,78.0,0.0,0.0,3.52,1.3,,2.6,13929.0,3.31,1.4,4.05,2026,20260523,True,42500303,NYK,CLE,1610612752,CLE_NYK_2026
1630241,Sam Merrill,Sam,1610612739,CLE,30.0,1,0,1,0.0,23.516666666666666,2,5,0.4,2,4,0.5,0,0,0.0,0,3,3,1,0,1,0,0,4,3,6,-1,14.1,0,0,14.0,1,11,11,11,12,12,11,14,5,7,4,12,12,12,9,7,9,12,11,5,5,1,16,3,12,10,12,1,1,12,1,98,13,0.0,-4.5,12,9,1,82.49,11,118.8,108.9,4,7,13,0.0,0.053,10,-17.6,126.6,0.6,0.086,8,0.086,5.0,14,10,1,11,12,16.7,12,15,0.0,9,118.8,98.42,8,49,0.071,114.3,2.0,98.99,11,14,98.99,0.188,15,114.3,13,0.043,-4.5,10,14,0.0,13,11,0.6,0.059,17.0,0.0,0.0,0.059,13.0,1.0,4.0,2.0,0.0,0.0,0.0,0.0,0.5,2.0,0.0,0.0,0.0,0.0,0.0,0.0,0.0,0.0,1.0,0.0,1.0,1.22,0.0,0.261,0.0,0.0,1.5,0.0,12.0,6.0,23.0,0.0,0.6,1.0,0.75,5.0,0.0,4.0,0.6,10.5,0.0,0.333,10.5,0.333,0.0,0.0,2.0,2.0,1.0,1.0,0.0,0.0,0.0,1.0,0.75,0.0,0.6,0.0,,,,,,,,,,,,,,,,0.0,1.0,0.0,,1.5,1.0,0.2,1.0,0.0,0.2,1.0,1.0,1.0,0.5,1.0,0.5,2.0,0.4,0.333,0.6,1.0,1.0,3.0,0.2,0.0,0.0,0.0,0.0,0.2,1.0,0.0,1.0,0.2,0.0,0.0,0.0,0.0,,0.0,0,0,0.0,0.0,0.0,1,0.0,1.0,0.0,0.0,0.0,6.0,0.0,0.0,0.6,0.667,0.0,0.0,1.0,0.0,0.0,2.0,0.667,0.0,0.0,0.0,0.0,0.0,0.0,0.0,0.0,0.0,0.0,0.0,0.0,0.0,3.0,1.0,0.0,0.0,1.0,G,0.541,-0.077,0.343,0.617,37.0,20.0,0.0,0.0,0.0,0.0,0.0,0.0,0.0,0.0,0.0,0.0,0.0,0.0,0.667,0.0,0.0,0.0,CLE,0.0,1.0,0.0,0.0,0.0,3.0,0.0,1.0,0.0,2.0,0.0,3,0.667,1.0,3.0,2,2.0,0.2,1.0,0.466,5.0,-0.266,2.0,1.0,0.09,0.4,0.5,0.411,3.0,0.0,0.568,-0.568,0.0,0.6,-0.667,1.0,0.0,0.0,0.667,0.2,0.0,0.4,-0.594,2.0,0.594,0.0,0.6,1.0,0.4,-0.067,0.333,3.0,1.0,1.0,1.0,2.0,0.0,0.0,1.0,0.0,0.0,0.0,0.0,0.0,1.0,0.0,0.0,1.0,0.0,0.0,0.0,CLE,1.0,3.0,0.0,0.0,0.0,0.0,0.0,0.0,0.0,0.0,0.0,0.0,0.0,0.0,0.0,CLE,0.0,0.0,23.0,0.0,0.0,4.36,0.9,,1.9,9936.0,4.2,1.0,4.51,2026,20260523,True,42500303,NYK,CLE,1610612752,CLE_NYK_2026
1629622,Max Strus,Max,1610612739,CLE,30.0,1,0,1,0.0,31.016666666666666,4,12,0.333,4,11,0.364,1,1,1.0,4,3,7,6,0,1,0,1,5,1,13,-3,33.4,0,0,32.0,1,11,11,11,9,9,6,15,1,1,6,10,10,1,1,7,3,2,11,5,5,15,19,11,9,12,7,1,1,8,1,98,14,0.0,-10.2,9,5,1,83.18,4,125.4,112.0,11,11,12,0.118,0.231,10,-15.1,127.2,0.5,0.166,3,0.162,12.0,2,12,1,6,6,33.3,14,10,0.0,3,125.4,100.56,3,66,0.123,115.2,4.0,99.82,14,11,99.82,0.13,9,115.2,11,0.092,-10.2,12,11,0.0,12,14,0.523,0.136,44.0,0.0,0.0,0.136,37.0,6.0,8.0,14.0,0.0,0.0,0.5,0.0,1.0,2.0,0.0,1.0,0.0,0.0,0.0,0.0,0.0,0.0,0.0,0.0,2.0,1.0,0.0,0.224,0.0,2.0,1.67,0.0,29.0,13.0,58.0,0.0,1.6,3.0,0.75,11.0,10.1,4.0,0.636,8.9,0.0,0.286,7.4,0.0,0.0,0.571,5.0,3.0,2.0,7.0,2.0,2.0,0.5,0.0,0.75,0.571,0.636,0.0,,,,,,,,,,,,,,,,1.0,5.0,0.0,0.0,0.75,0.6,0.417,6.0,0.083,0.5,3.0,3.0,0.5,0.0,0.0,0.0,4.0,0.333,0.0,0.333,0.0,0.0,4.0,0.0,0.0,,0.0,0.5,0.167,2.0,1.0,2.0,0.167,0.0,1.0,0.75,0.0,,0.5,1,3,1.0,1.0,1.0,1,1.5,1.0,0.0,0.0,0.0,9.0,0.0,0.0,0.5,0.3,0.0,0.0,0.0,0.0,1.0,3.0,0.429,0.0,1.0,1.0,0.0,0.0,0.0,3.0,0.333,0.0,0.0,0.0,0.0,0.0,7.0,1.0,0.25,0.0,4.0,G-F,0.607,-0.027,0.269,0.634,56.0,34.0,0.0,0.0,0.0,0.0,0.0,0.0,0.0,1.0,0.0,0.0,0.0,0.0,0.6,0.0,0.0,0.0,CLE,1.0,0.0,0.0,0.0,0.0,5.0,0.167,6.0,0.0,3.0,0.0,10,0.3,0.45,10.0,3,3.0,0.333,3.0,0.489,9.0,-0.155,2.0,0.0,-0.377,0.222,0.0,0.377,7.0,3.0,0.564,-0.135,0.429,0.778,0.024,3.0,2.0,0.667,0.643,0.333,2.0,0.556,-0.217,5.0,0.617,0.4,0.444,1.0,0.393,-0.143,0.25,4.0,0.0,1.0,1.0,3.0,0.0,1.0,2.0,1.0,0.0,0.0,0.0,1.0,1.0,1.0,2.0,0.0,0.0,1.0,2.0,CLE,4.0,5.0,0.0,0.0,0.0,0.0,0.0,0.0,0.0,0.0,0.0,0.0,0.0,0.0,0.0,CLE,0.0,0.0,58.0,0.0,0.0,4.73,1.3,,2.7,14301.0,4.37,1.4,5.12,2026,20260523,True,42500303,NYK,CLE,1610612752,CLE_NYK_2026
1642281,Jaylon Tyson,Jaylon,1610612739,CLE,23.0,1,0,1,0.0,8.533333333333333,1,2,0.5,0,1,0.0,1,1,1.0,0,3,3,1,1,0,0,0,1,1,3,3,7.1,0,0,7.0,1,11,11,11,17,13,15,10,12,13,12,10,10,1,9,7,9,12,8,10,5,1,3,11,14,6,14,1,1,14,1,98,2,1.0,23.5,13,2,18,82.03,6,100.0,115.4,1,11,6,0.0,0.143,5,14.7,100.7,0.5,0.17,9,0.15,2.0,10,2,18,15,2,25.0,9,9,25.0,9,100.0,101.48,9,17,0.2,123.5,1.0,98.44,1,7,98.44,0.375,10,123.5,10,0.114,23.5,2,8,22.5,6,1,0.615,0.125,8.0,0.0,0.0,0.125,8.0,1.0,1.0,2.0,3.0,0.0,0.0,1.0,0.0,1.0,1.0,0.0,3.0,0.0,0.0,0.0,0.0,0.0,1.0,0.0,0.0,1.5,0.0,0.25,0.0,1.0,2.7,0.0,8.0,3.0,12.0,0.0,0.5,1.0,0.6,6.0,0.0,5.0,0.75,4.1,2.0,0.333,4.1,0.333,0.0,0.0,2.0,2.0,1.0,1.0,0.0,0.0,0.0,1.0,1.0,0.0,0.5,2.0,,,,,,,,,,,,,,,,1.0,0.0,1.0,1.0,1.0,,0.0,1.0,0.5,0.5,0.0,1.0,1.0,,,,,,,,,,,,,,0.0,0.0,0.5,1.0,0.0,1.0,0.5,0.0,0.0,0.0,0.0,,0.0,0,0,0.0,,,0,,0.0,0.0,0.0,0.0,0.0,0.0,0.0,0.5,0.0,0.0,0.0,0.0,1.0,0.0,0.0,0.0,0.0,0.0,1.0,1.0,,,0.0,0.0,,0.0,0.0,,,1.0,,0.0,0.0,0.0,G-F,0.615,-0.038,0.356,0.653,26.0,16.0,1.0,0.0,0.0,0.0,1.0,0.0,0.0,0.0,0.0,0.0,,0.0,0.0,0.0,0.0,0.0,CLE,1.0,0.0,,0.0,,1.0,0.0,0.0,0.0,0.0,0.0,1,0.0,0.0,1.0,0,0.0,0.5,2.0,0.489,4.0,0.011,1.0,0.0,-0.408,0.25,0.0,0.408,3.0,2.0,0.594,0.073,0.667,0.75,-0.21,2.0,1.0,0.5,0.71,0.5,1.0,0.5,-0.168,2.0,0.668,0.5,0.25,0.0,0.405,-0.405,0.0,1.0,0.0,0.0,0.0,2.0,0.0,0.0,1.0,0.0,0.0,0.0,0.0,0.0,0.0,0.0,0.0,0.0,0.0,0.0,0.0,CLE,0.0,3.0,0.0,0.0,0.0,0.0,0.0,0.0,0.0,0.0,0.0,0.0,0.0,0.0,0.0,CLE,0.0,0.0,12.0,0.0,0.0,4.58,0.3,,0.7,3754.0,3.64,0.4,5.69,2026,20260523,True,42500303,NYK,CLE,1610612752,CLE_NYK_2026
1628386,Jarrett Allen,Jarrett,1610612739,CLE,28.0,1,0,1,0.0,35.9,7,9,0.778,0,0,0.0,3,4,0.75,4,3,7,0,0,0,0,0,2,3,17,-14,25.4,0,0,24.0,1,11,11,11,6,6,9,4,12,17,12,4,4,7,1,7,3,15,11,10,5,1,7,3,7,17,10,1,1,10,1,98,19,0.0,-20.9,6,11,1,80.78,15,129.2,104.5,12,4,14,0.121,0.0,10,-25.8,130.3,0.778,0.132,13,0.134,9.0,15,14,1,9,7,0.0,5,14,0.0,2,129.2,98.25,13,73,0.117,108.2,7.0,96.94,18,9,96.94,0.111,13,108.2,15,0.11,-20.9,14,15,0.0,14,18,0.79,0.0,17.0,0.0,0.0,0.0,18.0,0.0,3.0,0.0,2.0,0.0,0.0,1.0,0.0,1.0,1.0,0.0,2.0,0.0,0.0,0.0,0.0,0.0,1.0,0.0,0.0,0.45,0.0,0.586,1.0,2.0,1.47,1.4,21.0,17.0,29.0,0.0,0.7,10.0,0.5,12.0,7.7,6.0,0.636,7.3,1.0,0.286,6.8,0.0,0.0,0.667,5.0,3.0,2.0,6.0,2.0,2.0,0.5,0.0,0.6,0.667,0.583,1.0,,,,,,,,,,,,,,,,7.0,0.0,7.0,1.0,1.0,,0.0,7.0,0.778,0.778,0.0,7.0,1.0,,0.0,0.0,0.0,0.0,0.0,0.222,2.0,0.0,2.0,0.222,0.0,0.0,,,,,,,,,,,,,,0,0,,,,0,,,14.0,0.0,0.0,0.0,2.0,0.857,0.778,0.0,0.0,0.0,1.0,1.0,0.0,0.0,0.0,1.0,0.0,7.0,7.0,0.0,0.0,0.0,0.0,0.0,0.0,0.0,0.0,0.0,0.0,0.0,0.0,0.0,0.0,C,0.597,-0.06,0.522,0.657,119.0,71.0,1.0,0.0,0.0,0.0,7.0,0.0,1.0,0.0,0.0,0.0,0.0,0.0,0.0,0.0,0.0,0.0,CLE,7.0,1.0,0.0,0.0,0.0,0.0,0.0,0.0,0.0,0.0,0.0,0,,,,0,,0.462,6.0,0.49,13.0,-0.029,6.0,2.0,-0.052,0.462,0.333,0.385,7.0,4.0,0.564,0.008,0.571,0.538,0.114,4.0,3.0,0.75,0.636,0.308,3.0,0.462,-0.105,6.0,0.605,0.5,0.462,2.0,0.392,-0.059,0.333,6.0,1.0,1.0,1.0,6.0,12.0,1.0,6.0,0.0,0.0,0.0,5.0,0.0,1.0,0.0,1.0,1.0,0.0,0.0,1.0,CLE,2.0,12.0,0.0,0.0,0.0,0.0,0.0,0.0,0.0,0.0,0.0,0.0,0.0,0.0,0.0,CLE,0.0,0.0,29.0,0.0,0.0,4.09,1.2,,2.6,13793.0,3.57,1.4,4.66,2026,20260523,True,42500303,NYK,CLE,1610612752,CLE_NYK_2026
1630596,Evan Mobley,Evan,1610612739,CLE,24.0,1,0,1,0.0,35.65,10,18,0.556,1,6,0.167,3,4,0.75,1,5,6,2,5,0,1,1,2,3,24,-21,32.2,0,0,35.0,1,11,11,11,7,2,3,7,7,5,10,4,4,7,5,2,6,9,2,10,2,15,7,3,2,18,8,1,1,6,1,98,12,0.4,-30.5,2,12,15,81.35,14,125.0,94.2,5,8,17,0.031,0.118,9,-31.7,125.9,0.583,0.32,11,0.316,18.0,11,17,15,3,8,7.4,10,3,18.5,8,125.0,97.45,11,73,0.102,94.5,10.0,97.62,13,7,97.62,0.185,3,94.5,17,0.114,-30.5,17,16,18.7,17,13,0.607,0.045,44.0,0.0,0.0,0.045,42.0,2.0,5.0,4.0,0.75,0.5,0.0,0.667,0.25,12.0,4.0,0.0,9.0,2.0,0.167,0.083,1.0,2.0,6.0,1.0,3.0,1.32,1.0,0.353,1.0,4.0,2.31,1.6,38.0,24.0,68.0,0.0,2.6,5.0,0.714,8.0,2.9,7.0,0.75,2.3,0.0,0.333,2.2,0.2,0.0,0.5,4.0,4.0,2.0,2.0,1.0,0.0,1.0,1.0,0.714,0.5,0.75,0.0,0.0,0.0,,0.0,1.0,0.056,CLE,0.0,0.0,0.056,0.0,0.0,1.0,0.0,1.0,8.0,0.0,7.0,0.875,0.875,,0.0,8.0,0.444,0.444,0.0,7.0,0.875,0.0,2.0,0.5,1.0,0.056,0.5,0.222,3.0,0.0,4.0,0.167,2.0,0.667,0.0,0.2,0.278,5.0,1.0,5.0,0.278,0.0,1.0,0.3,0.0,,0.2,1,2,0.0,1.0,,1,1.0,0.0,8.0,1.0,0.0,3.0,4.0,1.0,0.583,0.167,0.0,2.0,5.0,1.0,0.0,1.0,0.167,1.0,0.0,6.0,6.0,0.0,0.0,0.0,0.0,0.0,0.4,1.0,0.0,0.0,6.0,0.0,0.0,1.0,0.0,C,0.536,-0.124,0.453,0.66,125.0,67.0,0.857,0.0,1.0,0.0,6.0,0.0,2.0,1.0,0.0,0.0,0.0,0.0,0.0,0.0,0.0,1.0,CLE,7.0,3.0,0.0,0.0,0.0,5.0,1.0,1.0,2.0,0.0,0.333,6,0.167,0.25,6.0,1,1.0,0.462,6.0,0.514,13.0,-0.052,4.0,1.0,-0.139,0.308,0.25,0.389,9.0,5.0,0.577,-0.022,0.556,0.692,-0.054,5.0,3.0,0.6,0.654,0.385,3.0,0.462,-0.129,6.0,0.629,0.5,0.462,3.0,0.393,0.107,0.5,6.0,1.0,1.0,1.0,6.0,7.0,0.0,3.0,1.0,0.0,0.0,3.0,1.0,1.0,0.0,0.0,1.0,0.0,0.0,0.0,CLE,1.0,9.0,0.0,1.0,0.0,0.0,0.0,1.0,0.0,0.0,1.0,0.0,0.0,0.0,0.0,CLE,0.0,0.0,68.0,0.0,0.0,4.22,1.2,,2.7,14017.0,3.56,1.5,4.95,2026,20260523,True,42500303,NYK,CLE,1610612752,CLE_NYK_2026
1628378,Donovan Mitchell,Donovan,1610612739,CLE,29.0,1,0,1,0.0,38.333333333333336,9,21,0.429,3,10,0.3,2,6,0.333,0,1,1,4,5,3,0,1,4,6,23,-22,34.2,0,0,37.0,1,11,11,11,4,4,1,12,3,2,8,6,2,11,9,14,14,6,2,2,5,15,16,2,3,19,6,1,1,3,1,98,17,0.8,-28.2,4,10,13,81.39,12,125.6,94.4,14,11,16,0.0,0.211,8,-33.7,128.1,0.5,0.335,10,0.337,21.0,5,16,13,1,15,12.1,16,2,15.2,9,125.6,98.27,10,78,0.016,97.4,9.0,97.67,15,15,97.67,0.037,2,97.4,16,0.038,-28.2,16,17,15.3,16,15,0.486,0.103,39.0,0.0,0.0,0.103,62.0,4.0,7.0,12.0,0.706,0.333,0.059,0.5,0.235,17.0,5.0,1.0,12.0,0.0,0.0,0.176,3.0,6.0,10.0,2.0,4.0,4.56,0.0,0.319,0.0,0.0,4.74,0.0,32.0,23.0,72.0,0.0,5.7,0.0,0.5,3.0,0.0,2.0,0.333,6.5,0.0,0.0,6.5,0.0,0.0,0.0,1.0,1.0,0.0,1.0,0.0,0.0,0.0,0.0,0.5,0.0,0.333,0.0,0.0,0.0,,0.0,1.0,0.048,CLE,0.0,0.0,0.048,0.0,0.0,1.0,0.0,1.0,6.0,1.0,2.0,0.333,0.5,1.0,0.048,7.0,0.286,0.333,1.0,3.0,0.429,0.167,4.0,0.5,6.0,0.286,0.444,0.429,3.0,1.0,9.0,0.143,3.0,1.0,1.0,0.5,0.143,3.0,2.0,4.0,0.19,1.0,1.0,0.625,0.048,1.0,0.333,5,11,1.0,0.455,0.143,11,0.5,7.0,0.0,0.0,0.0,6.0,0.0,0.0,0.5,0.667,0.0,1.0,3.0,0.4,1.0,2.0,0.25,3.0,0.0,5.0,2.0,0.0,1.0,0.0,0.0,0.0,0.333,1.0,0.0,0.5,8.0,2.0,0.5,3.0,2.0,G,0.538,-0.098,0.286,0.636,52.0,28.0,0.4,0.0,1.0,0.0,2.0,0.0,2.0,2.0,0.0,0.0,0.0,0.0,0.333,0.0,0.0,1.0,CLE,5.0,3.0,0.0,1.0,0.0,6.0,0.5,4.0,2.0,2.0,0.333,3,0.667,1.0,3.0,2,2.0,0.857,12.0,0.475,14.0,0.383,3.0,3.0,0.596,0.214,1.0,0.404,11.0,9.0,0.56,0.258,0.818,0.786,0.281,3.0,3.0,1.0,0.719,0.214,4.0,0.286,0.36,4.0,0.64,1.0,0.5,7.0,0.399,0.601,1.0,7.0,0.0,0.0,0.0,5.0,3.0,0.0,3.0,0.0,0.0,0.0,1.0,0.0,0.0,0.0,0.0,0.0,0.0,0.0,0.0,CLE,2.0,8.0,0.0,0.0,0.0,0.0,0.0,0.0,0.0,0.0,0.0,0.0,0.0,0.0,0.0,CLE,0.0,0.0,72.0,0.0,0.0,4.08,1.2,,2.8,14667.0,3.36,1.5,4.57,2026,20260523,True,42500303,NYK,CLE,1610612752,CLE_NYK_2026
203471,Dennis Schröder,Dennis,1610612739,CLE,32.0,1,0,1,0.0,9.366666666666667,1,1,1.0,1,1,1.0,0,0,0.0,0,0,0,2,0,0,0,0,1,0,3,2,6.0,0,0,6.0,1,11,11,11,15,13,16,1,7,13,1,12,12,12,9,16,16,9,11,10,5,1,3,16,14,8,16,1,1,15,1,98,8,0.0,4.6,13,19,1,74.73,1,117.6,134.8,16,1,7,0.0,0.25,10,22.2,112.6,1.5,0.055,18,0.05,1.0,1,9,1,16,16,66.7,1,16,0.0,9,117.6,87.32,18,18,0.0,122.2,1.0,89.68,9,4,89.68,0.0,16,122.2,2,0.125,4.6,9,3,0.0,7,9,1.5,0.1,20.0,0.0,1.0,0.15,19.0,3.0,4.0,5.0,0.0,0.0,0.333,0.0,1.0,3.0,0.0,1.0,0.0,0.0,0.0,0.0,0.0,0.0,0.0,0.0,3.0,2.95,0.0,0.136,0.0,0.0,3.89,0.0,10.0,3.0,22.0,0.0,1.4,0.0,,,,,,,,,,,,,,,,,,,,,,,,,,,,,,,,,,,,,,,,,,,,,,,,,,,,,1.0,1.0,1.5,1.0,1.0,1.0,1.0,0.0,1.0,1.0,0.0,0.0,,,,,,,,,,,,,,,0,0,0.0,,,0,,0.0,0.0,0.0,0.0,3.0,0.0,0.0,1.5,1.0,0.0,0.0,0.0,0.0,0.0,1.0,1.0,0.0,0.0,0.0,0.0,,,0.0,0.0,,0.0,0.0,,,1.0,,0.0,0.0,0.0,G,0.724,0.101,0.326,0.623,29.0,21.0,0.0,,0.0,0.0,0.0,,0.0,0.0,0.0,0.0,0.0,0.0,1.0,,0.0,0.0,CLE,0.0,0.0,0.0,0.0,0.0,1.0,0.0,0.0,0.0,1.0,0.0,1,1.0,1.5,1.0,1,1.0,0.333,1.0,0.435,3.0,-0.101,1.0,0.0,-0.359,0.333,0.0,0.359,2.0,1.0,0.468,0.032,0.5,0.667,,,,,,,,,,,,,0.667,1.0,0.378,0.123,0.5,2.0,0.0,0.0,0.0,1.0,0.0,0.0,0.0,0.0,0.0,0.0,0.0,0.0,0.0,0.0,0.0,0.0,0.0,0.0,0.0,CLE,0.0,1.0,0.0,0.0,0.0,0.0,0.0,0.0,0.0,0.0,0.0,0.0,0.0,0.0,0.0,CLE,0.0,0.0,22.0,0.0,0.0,4.04,0.4,,0.7,3896.0,4.67,0.4,4.56,2026,20260523,True,42500303,NYK,CLE,1610612752,CLE_NYK_2026
1629731,Dean Wade,Dean,1610612739,CLE,29.0,1,0,1,0.0,16.766666666666666,0,1,0.0,0,1,0.0,0,0,0.0,0,2,2,1,0,1,0,0,1,0,0,-1,6.9,0,0,5.0,1,11,11,11,13,18,16,18,12,13,12,12,12,12,9,12,13,12,11,5,5,1,3,16,18,10,15,1,1,16,1,98,16,0.0,-6.3,18,3,1,84.69,2,125.7,118.8,9,18,8,0.0,0.056,10,-9.1,127.9,0.0,0.026,2,0.025,1.0,13,11,1,16,10,50.0,18,18,0.0,9,125.7,101.06,2,36,0.077,119.4,0.0,101.63,16,17,101.63,0.143,18,119.4,9,0.025,-6.3,11,10,0.0,8,16,0.0,0.063,16.0,0.0,0.0,0.063,5.0,1.0,0.0,2.0,0.0,0.0,0.0,0.0,0.0,0.0,0.0,0.0,0.0,0.0,0.0,0.0,0.0,0.0,0.0,0.0,0.0,0.53,0.0,0.0,0.0,0.0,1.66,0.0,3.0,0.0,17.0,0.0,0.5,0.0,1.0,2.0,0.0,2.0,1.0,6.7,0.0,0.0,6.7,0.0,0.0,0.0,2.0,2.0,0.0,0.0,0.0,0.0,0.0,0.0,1.0,0.0,1.0,0.0,,,,,,,,,,,,,,,,,,,,,,,,,,,,,0.0,0.0,0.0,1.0,1.0,0.0,1.0,0.0,0.0,1.0,0.0,0.0,,,,,,,,,,,,,,,0,0,0.0,,,0,,0.0,0.0,0.0,0.0,0.0,0.0,0.0,0.0,0.0,0.0,0.0,0.0,0.0,0.0,0.0,0.0,0.0,0.0,0.0,0.0,,0.0,0.0,0.0,,0.0,0.0,,0.0,1.0,0.0,0.0,0.0,0.0,F-C,0.618,-0.02,0.407,0.638,55.0,34.0,0.0,,0.0,0.0,0.0,,0.0,0.0,0.0,0.0,,0.0,0.0,,0.0,0.0,CLE,0.0,0.0,,0.0,,0.0,0.0,1.0,0.0,0.0,0.0,1,0.0,0.0,1.0,0,0.0,0.6,3.0,0.493,5.0,0.107,1.0,0.0,-0.364,0.2,0.0,0.364,4.0,3.0,0.575,0.176,0.75,0.8,0.063,4.0,3.0,0.75,0.688,0.8,3.0,0.8,0.105,4.0,0.645,0.75,0.2,0.0,0.399,-0.399,0.0,1.0,1.0,1.0,1.0,0.0,2.0,0.0,0.0,0.0,0.0,0.0,1.0,0.0,1.0,0.0,0.0,1.0,0.0,0.0,0.0,CLE,1.0,0.0,0.0,0.0,0.0,0.0,0.0,0.0,0.0,0.0,0.0,0.0,0.0,0.0,0.0,CLE,0.0,0.0,17.0,0.0,0.0,5.06,0.7,,1.5,7712.0,4.58,0.7,4.88,2026,20260523,True,42500303,NYK,CLE,1610612752,CLE_NYK_2026
