PLAYER_ID,PLAYER_NAME,NICKNAME,TEAM_ID,TEAM_ABBREVIATION,AGE,GP,W,L,W_PCT,MIN,FGM,FGA,FG_PCT,FG3M,FG3A,FG3_PCT,FTM,FTA,FT_PCT,OREB,DREB,REB,AST,TOV,STL,BLK,BLKA,PF,PFD,PTS,PLUS_MINUS,NBA_FANTASY_PTS,DD2,TD3,WNBA_FANTASY_PTS,GP_RANK,W_RANK,L_RANK,W_PCT_RANK,MIN_RANK,FGM_RANK,FGA_RANK,FG_PCT_RANK,FG3M_RANK,FG3A_RANK,FG3_PCT_RANK,FTM_RANK,FTA_RANK,FT_PCT_RANK,OREB_RANK,DREB_RANK,REB_RANK,AST_RANK,TOV_RANK,STL_RANK,BLK_RANK,BLKA_RANK,PF_RANK,PFD_RANK,PTS_RANK,PLUS_MINUS_RANK,NBA_FANTASY_PTS_RANK,DD2_RANK,TD3_RANK,WNBA_FANTASY_PTS_RANK,E_TOV_PCT,E_PACE_RANK,OFF_RATING,FGM_PG,AST_PCT_RANK,AST_TO,DEF_RATING,REB_PCT,TS_PCT_RANK,AST_PCT,NET_RATING_RANK,sp_work_PACE_RANK,USG_PCT,E_USG_PCT_RANK,OREB_PCT_RANK,sp_work_NET_RATING,sp_work_NET_RATING_RANK,E_USG_PCT,EFG_PCT,PACE,FGA_PG,PIE_RANK,sp_work_DEF_RATING,E_NET_RATING,AST_RATIO,USG_PCT_RANK,E_OFF_RATING_RANK,DREB_PCT,NET_RATING,E_DEF_RATING,sp_work_OFF_RATING,PIE,FGA_PG_RANK,TM_TOV_PCT,PACE_RANK,E_NET_RATING_RANK,PACE_PER40,REB_PCT_RANK,OFF_RATING_RANK,EFG_PCT_RANK,TM_TOV_PCT_RANK,E_TOV_PCT_RANK,AST_TO_RANK,sp_work_PACE,E_DEF_RATING_RANK,OREB_PCT,AST_RATIO_RANK,E_OFF_RATING,sp_work_OFF_RATING_RANK,FGM_PG_RANK,TS_PCT,DREB_PCT_RANK,POSS,sp_work_DEF_RATING_RANK,E_PACE,DEF_RATING_RANK,PASSES_MADE,AST_TO_PASS_PCT,PASSES_RECEIVED,FT_AST,AST_PTS_CREATED,POTENTIAL_AST,AST_TO_PASS_PCT_ADJ,SECONDARY_AST,AST_ADJ,DRIVE_TOV_PCT,DRIVE_PF,DRIVE_FTM,DRIVES,DRIVE_PASSES_PCT,DRIVE_TOV,DRIVE_AST_PCT,DRIVE_FT_PCT,DRIVE_PF_PCT,DRIVE_FG_PCT,DRIVE_FGM,DRIVE_PASSES,DRIVE_FGA,DRIVE_FTA,DRIVE_PTS,DRIVE_AST,DRIVE_PTS_PCT,TOUCHES,PTS_PER_POST_TOUCH,FRONT_CT_TOUCHES,ELBOW_TOUCHES,POINTS,PAINT_TOUCHES,PTS_PER_PAINT_TOUCH,AVG_DRIB_PER_TOUCH,PTS_PER_ELBOW_TOUCH,AVG_SEC_PER_TOUCH,POST_TOUCHES,TIME_OF_POSS,PTS_PER_TOUCH,REB_CHANCE_PCT,OREB_CONTEST,AVG_OREB_DIST,OREB_CONTEST_PCT,OREB_CHANCES,REB_CONTEST_PCT,REB_CHANCE_DEFER,DREB_CONTEST_PCT,DREB_CHANCE_PCT,AVG_REB_DIST,AVG_DREB_DIST,REB_CONTEST,DREB_CHANCE_PCT_ADJ,DREB_CHANCE_DEFER,REB_UNCONTEST,DREB_CONTEST,OREB_CHANCE_PCT,OREB_CHANCE_DEFER,DREB_CHANCES,OREB_UNCONTEST,REB_CHANCE_PCT_ADJ,OREB_CHANCE_PCT_ADJ,DREB_UNCONTEST,REB_CHANCES,very_tight_FG2A_FREQUENCY,very_tight_EFG_PCT,very_tight_FG3A_FREQUENCY,very_tight_FG3A,very_tight_FGM,very_tight_FG2_PCT,PLAYER_LAST_TEAM_ABBREVIATION,very_tight_FGA,very_tight_FG3_PCT,very_tight_FG3M,very_tight_FG2M,G,PLAYER_LAST_TEAM_ID,very_tight_FG2A,very_tight_FGA_FREQUENCY,very_tight_FG_PCT,tight_FGA,tight_FGA_FREQUENCY,tight_FG2_PCT,tight_FG2A_FREQUENCY,tight_FG2A,tight_EFG_PCT,tight_FG3A,tight_FG3_PCT,tight_FGM,tight_FG3M,tight_FG_PCT,tight_FG3A_FREQUENCY,tight_FG2M,open_FGA_FREQUENCY,open_FG3A,open_FGA,open_FG2M,open_EFG_PCT,open_FG2A,open_FG3A_FREQUENCY,open_FG_PCT,open_FG3_PCT,open_FG2_PCT,open_FGM,open_FG3M,open_FG2A_FREQUENCY,wide_open_FG2A,wide_open_FG_PCT,wide_open_FG3A,wide_open_EFG_PCT,wide_open_FG2M,wide_open_FG3M,wide_open_FG2A_FREQUENCY,wide_open_FG3A_FREQUENCY,wide_open_FGM,wide_open_FGA_FREQUENCY,wide_open_FG3_PCT,wide_open_FGA,wide_open_FG2_PCT,PULL_UP_FG3M,PULL_UP_FGM,PULL_UP_FG3A,PULL_UP_FG3_PCT,PULL_UP_PTS,PULL_UP_FG_PCT,PULL_UP_FGA,PULL_UP_EFG_PCT,EFF_FG_PCT,CATCH_SHOOT_FG_PCT,POST_TOUCH_FG_PCT,ELBOW_TOUCH_FG_PCT,POST_TOUCH_PTS,PAINT_TOUCH_FG_PCT,ELBOW_TOUCH_PTS,PAINT_TOUCH_PTS,CATCH_SHOOT_PTS,year,date,HTM,VTM,opp_team,opp_id,team,series_key
2555,Nick Collison,Nick,1610612760,OKC,35.0,1,1,0,1.0,8.333333333333334,0,1,0.0,0,0,0.0,0,0,0.0,2,0,2,1,1,2,0,0,2,1,0,7,8.9,0,0,7.0,1,1,1,1,80,79,83,79,39,65,39,49,56,49,15,79,57,37,37,5,31,1,35,51,82,18,65,9,1,73,33.3,48,126.7,0.0,41,1.0,75.0,0.1,82,0.143,7,83,0.1,84,3,51.7,7,0.098,0.0,89.28,1.0,68,75.0,50.0,33.3,83,8,0.0,51.7,66.4,126.7,0.0,83,33.3,83,6,74.4,31,5,79,87,88,24,89.28,13,0.222,6,116.4,5,79,0.0,79,15,21,99.07,21,9.0,0.111,4.0,0.0,2.0,1.0,0.111,0.0,1.0,0.0,0.0,0.0,0.0,0.0,0.0,0.0,0.0,0.0,0.0,0.0,0.0,0.0,0.0,0.0,0.0,0.0,11.0,0.0,6.0,0.0,0.0,2.0,0.0,0.64,0.0,1.6,0.0,0.3,0.0,0.667,1.0,9.6,0.5,3.0,0.5,0.0,0.0,0.0,9.6,0.0,1.0,0.0,0.0,1.0,0.0,0.667,0.0,0.0,1.0,0.667,0.667,0.0,3.0,,,,,,,,,,,,,,,,,,,,,,,,,,,,,,,,,,,,,,,,,,,1.0,0.0,0.0,0.0,0.0,0.0,1.0,0.0,0.0,1.0,,1.0,0.0,,0,,,0,,0,,0.0,0.0,0.0,0.0,0.0,0.0,0.0,0.0,0.0,2016,20160416,,,DAL,1610612742,OKC,OKC_DAL_2016
201566,Russell Westbrook,Russell,1610612760,OKC,27.0,1,1,0,1.0,29.766666666666666,7,15,0.467,2,7,0.286,8,8,1.0,1,4,5,11,5,1,0,0,1,7,24,39,44.5,1,0,44.0,1,1,1,1,21,5,8,32,8,2,30,3,7,1,24,24,29,2,3,13,31,1,11,4,3,1,6,1,1,3,14.5,27,131.1,7.0,2,2.2,67.2,0.077,20,0.55,1,45,0.353,5,43,63.9,1,0.342,0.533,98.37,15.0,6,67.2,60.8,31.4,3,2,0.098,63.9,62.9,131.1,0.333,8,14.3,45,2,81.97,42,2,23,62,65,9,98.37,6,0.042,7,123.7,2,5,0.648,44,61,12,104.69,12,50.0,0.22,63.0,1.0,28.0,17.0,0.24,0.0,12.0,0.182,2.0,4.0,11.0,0.182,2.0,0.182,1.0,0.182,0.667,2.0,2.0,3.0,4.0,8.0,2.0,0.727,76.0,0.0,27.0,0.0,24.0,1.0,0.0,5.16,0.0,5.33,1.0,6.8,0.316,0.417,0.0,7.5,0.0,2.0,0.0,0.0,0.0,0.4,8.0,8.1,0.0,0.4,0.0,5.0,0.0,0.5,0.0,10.0,1.0,0.417,0.5,4.0,12.0,0.067,0.0,0.0,0.0,0.0,0.0,OKC,1.0,,0.0,0.0,1.0,1610612760.0,1.0,0.067,0.0,6.0,0.4,0.8,0.333,5.0,0.667,1.0,0.0,4.0,0.0,0.667,0.067,4.0,0.133,1.0,2.0,0.0,0.0,1.0,0.067,0.0,0.0,0.0,0.0,0.0,0.067,1.0,0.5,5.0,0.667,1.0,2.0,0.067,0.333,3.0,0.4,0.4,6.0,1.0,0.0,2,2.0,0.0,4,0.333,6,0.333,0.533,0.4,0.0,0.0,0.0,0.0,0.0,0.0,6.0,2016,20160416,,,DAL,1610612742,OKC,OKC_DAL_2016
201586,Serge Ibaka,Serge,1610612760,OKC,26.0,1,1,0,1.0,27.75,7,8,0.875,3,3,1.0,0,0,0.0,1,8,9,0,0,1,3,0,1,3,17,36,39.8,0,0,37.0,1,1,1,1,28,5,36,3,4,21,1,49,56,49,24,4,8,62,61,13,3,1,11,20,12,2,9,9,1,9,0.0,20,129.3,7.0,62,0.0,68.4,0.148,1,0.0,4,41,0.125,79,39,60.9,4,0.124,1.063,99.46,8.0,5,68.4,60.0,0.0,75,3,0.205,60.9,63.6,129.3,0.34,36,0.0,41,3,82.88,15,3,1,1,1,48,99.46,8,0.045,62,123.6,3,5,1.063,20,58,13,105.48,13,17.0,0.0,16.0,0.0,0.0,1.0,0.0,0.0,0.0,0.0,0.0,0.0,0.0,0.0,0.0,0.0,0.0,0.0,0.0,0.0,0.0,0.0,0.0,0.0,0.0,0.0,28.0,2.0,18.0,0.0,17.0,4.0,0.5,0.25,0.0,1.13,1.0,0.5,0.607,0.9,1.0,9.5,1.0,2.0,0.222,0.0,0.125,1.0,5.0,4.4,2.0,1.0,0.0,7.0,1.0,0.5,0.0,8.0,0.0,0.9,0.5,7.0,10.0,,,,,,,,,,,,,,,,,1.0,0.125,1.0,0.125,1.0,1.0,0.0,,1.0,0.0,1.0,0.0,1.0,0.25,0.0,2.0,2.0,1.0,2.0,0.0,1.0,,1.0,2.0,0.0,0.25,2.0,0.8,3.0,1.1,1.0,3.0,0.25,0.375,4.0,0.625,1.0,5.0,0.5,0.0,0,0.0,,0,,0,,1.063,0.833,1.0,0.0,2.0,1.0,0.0,2.0,13.0,2016,20160416,,,DAL,1610612742,OKC,OKC_DAL_2016
203500,Steven Adams,Steven,1610612760,OKC,22.0,1,1,0,1.0,22.5,2,4,0.5,0,0,0.0,0,1,0.0,2,5,7,0,2,1,1,0,4,1,4,24,16.4,0,0,15.0,1,1,1,1,39,42,60,19,39,65,39,49,49,49,15,19,15,62,15,13,11,1,72,51,57,6,44,9,1,42,31.1,78,127.5,2.0,62,0.0,65.9,0.137,44,0.0,3,88,0.128,71,15,61.6,3,0.134,0.5,86.4,4.0,58,65.9,61.1,0.0,73,4,0.161,61.6,60.5,127.5,0.045,60,33.3,88,1,72.0,17,4,25,87,87,48,86.4,5,0.1,62,121.5,4,42,0.45,29,40,7,92.37,7,21.0,0.0,9.0,0.0,0.0,1.0,0.0,0.0,0.0,0.0,0.0,0.0,0.0,0.0,0.0,0.0,0.0,0.0,0.0,0.0,0.0,0.0,0.0,0.0,0.0,0.0,27.0,0.0,10.0,0.0,4.0,6.0,0.667,0.3,0.0,1.35,0.0,0.6,0.148,0.583,1.0,1.7,0.5,4.0,0.571,1.0,0.6,0.625,5.7,7.2,4.0,0.714,1.0,3.0,3.0,0.5,0.0,8.0,1.0,0.636,0.5,2.0,12.0,0.75,0.667,0.0,0.0,2.0,0.667,OKC,3.0,,0.0,2.0,1.0,1610612760.0,3.0,0.75,0.667,1.0,0.25,0.0,0.25,1.0,0.0,0.0,,0.0,0.0,0.0,0.0,0.0,,,,,,,,,,,,,,,,,,,,,,,,,,,,0,,,0,,0,,0.5,0.0,0.0,0.0,0.0,0.5,0.0,4.0,0.0,2016,20160416,,,DAL,1610612742,OKC,OKC_DAL_2016
200751,Randy Foye,Randy,1610612760,OKC,32.0,1,1,0,1.0,17.866666666666667,1,6,0.167,1,4,0.25,0,0,0.0,0,2,2,1,3,0,1,0,3,0,3,-1,6.9,0,0,9.0,1,1,1,1,57,57,45,69,15,17,32,49,56,49,57,44,57,37,7,42,11,1,59,71,63,47,70,9,1,64,30.0,90,87.5,1.0,43,0.33,90.6,0.048,70,0.125,50,89,0.214,33,57,-3.1,50,0.216,0.25,85.97,6.0,84,90.6,1.4,10.0,30,55,0.1,-3.1,87.1,87.5,-0.141,45,30.0,89,40,71.64,62,54,63,83,82,44,85.97,36,0.0,48,88.5,54,57,0.25,42,32,38,87.21,38,20.0,0.05,28.0,0.0,3.0,1.0,0.05,0.0,1.0,0.333,0.0,0.0,3.0,0.333,1.0,0.0,0.0,0.0,0.0,0.0,1.0,1.0,0.0,0.0,0.0,0.0,30.0,0.0,11.0,0.0,3.0,0.0,0.0,6.8,0.0,7.07,0.0,3.5,0.1,0.5,0.0,0.0,0.0,0.0,0.0,0.0,0.0,0.5,5.2,5.2,0.0,0.5,0.0,2.0,0.0,0.0,0.0,4.0,0.0,0.5,0.0,2.0,4.0,0.167,0.0,0.0,0.0,0.0,0.0,OKC,1.0,,0.0,0.0,1.0,1610612760.0,1.0,0.167,0.0,1.0,0.167,0.0,0.167,1.0,0.0,0.0,,0.0,0.0,0.0,0.0,0.0,0.5,3.0,3.0,0.0,0.5,0.0,0.5,0.333,0.333,,1.0,1.0,0.0,0.0,0.0,1.0,0.0,0.0,0.0,0.0,0.167,0.0,0.167,0.0,1.0,,1.0,1,3.0,0.333,3,0.25,4,0.375,0.25,0.0,0.0,0.0,0.0,0.0,0.0,0.0,0.0,2016,20160416,,,DAL,1610612742,OKC,OKC_DAL_2016
203460,Andre Roberson,Andre,1610612760,OKC,24.0,1,1,0,1.0,19.516666666666666,1,4,0.25,0,3,0.0,2,4,0.5,0,5,5,1,1,0,1,0,2,2,4,21,13.5,0,0,12.0,1,1,1,1,49,57,60,60,39,21,39,24,17,36,57,19,29,37,37,42,11,1,35,31,57,9,54,9,1,53,12.9,35,125.6,1.0,57,1.0,70.0,0.119,57,0.063,5,49,0.163,60,57,55.6,5,0.153,0.25,97.15,4.0,56,70.0,53.0,12.5,52,6,0.2,55.6,66.0,125.6,0.05,60,12.5,49,5,80.96,26,6,63,57,59,24,97.15,10,0.0,45,119.0,6,57,0.347,21,39,16,102.76,16,11.0,0.091,9.0,0.0,2.0,1.0,0.091,0.0,1.0,0.0,0.0,0.0,3.0,0.333,0.0,0.333,0.0,0.0,1.0,1.0,1.0,1.0,0.0,2.0,1.0,0.667,16.0,0.0,11.0,0.0,4.0,0.0,0.0,0.5,0.0,1.24,0.0,0.3,0.25,0.385,0.0,0.0,0.0,3.0,0.0,0.0,0.0,0.5,5.2,5.2,0.0,0.5,0.0,5.0,0.0,0.0,0.0,10.0,0.0,0.385,0.0,5.0,13.0,,,,,,,,,,,,,,,,,1.0,0.25,1.0,0.25,1.0,1.0,0.0,,1.0,0.0,1.0,0.0,1.0,0.25,1.0,1.0,0.0,0.0,0.0,0.25,0.0,0.0,,0.0,0.0,0.0,0.0,0.0,2.0,0.0,0.0,0.0,0.0,0.5,0.0,0.5,0.0,2.0,,0.0,0,0.0,,0,,0,,0.25,0.0,0.0,0.0,0.0,0.0,0.0,0.0,0.0,2016,20160416,,,DAL,1610612742,OKC,OKC_DAL_2016
201627,Anthony Morrow,Anthony,1610612760,OKC,30.0,1,1,0,1.0,10.84,1,3,0.333,1,3,0.333,3,3,1.0,0,1,1,0,0,0,0,0,1,1,6,2,7.2,0,0,8.0,1,1,1,1,76,57,68,46,15,21,21,18,26,1,57,62,67,62,61,42,31,1,11,51,46,33,69,9,1,70,0.0,57,85.7,1.0,62,0.0,76.2,0.045,14,0.0,26,73,0.16,44,57,9.5,26,0.179,0.5,92.99,3.0,3,76.2,15.3,0.0,57,58,0.091,9.5,70.1,85.7,0.421,68,0.0,73,24,77.49,64,58,25,1,1,48,92.99,16,0.0,62,85.4,58,57,0.694,47,21,22,97.24,22,3.0,0.0,7.0,0.0,0.0,1.0,0.0,0.0,0.0,0.0,0.0,0.0,0.0,0.0,0.0,0.0,0.0,0.0,0.0,0.0,0.0,0.0,0.0,0.0,0.0,0.0,8.0,0.0,7.0,0.0,6.0,0.0,0.0,1.38,0.0,1.75,0.0,0.2,0.75,0.5,0.0,0.0,0.0,0.0,0.0,0.0,0.0,0.5,2.4,2.4,0.0,0.5,0.0,1.0,0.0,0.0,0.0,2.0,0.0,0.5,0.0,1.0,2.0,,,,,,,,,,,,,,,,,1.0,0.333,,0.0,0.0,0.0,1.0,0.0,0.0,0.0,0.0,0.333,0.0,,,,,,,,,,,,,,0.0,0.5,2.0,0.75,0.0,1.0,0.0,0.667,1.0,0.667,0.5,2.0,,0.0,0,1.0,0.0,0,0.0,1,0.0,0.5,0.5,0.0,0.0,0.0,0.0,0.0,0.0,3.0,2016,20160416,,,DAL,1610612742,OKC,OKC_DAL_2016
203079,Dion Waiters,Dion,1610612760,OKC,24.0,1,1,0,1.0,27.9,1,9,0.111,1,5,0.2,2,2,1.0,0,2,2,3,0,2,0,0,1,2,5,17,17.9,0,0,15.0,1,1,1,1,26,57,31,76,15,13,34,24,34,1,57,44,57,15,61,5,31,1,11,31,50,10,40,9,1,42,0.0,71,109.3,1.0,31,0.0,76.4,0.032,69,0.167,14,65,0.152,59,57,32.9,14,0.154,0.167,93.76,9.0,57,76.4,36.0,23.1,60,16,0.056,32.9,74.9,109.3,0.047,31,0.0,65,13,78.14,76,19,70,1,1,48,93.76,22,0.0,17,111.0,19,57,0.253,69,54,23,93.94,23,25.0,0.12,33.0,1.0,10.0,8.0,0.16,0.0,4.0,0.0,1.0,2.0,11.0,0.455,0.0,0.182,1.0,0.091,0.0,0.0,5.0,3.0,2.0,2.0,2.0,0.182,38.0,0.0,19.0,0.0,5.0,0.0,0.0,4.58,0.0,5.54,1.0,3.5,0.132,0.5,0.0,0.0,0.0,1.0,0.0,0.0,0.0,0.667,7.4,7.4,0.0,0.667,0.0,2.0,0.0,0.0,0.0,3.0,0.0,0.5,0.0,2.0,4.0,0.111,0.0,0.0,0.0,0.0,0.0,OKC,1.0,,0.0,0.0,1.0,1610612760.0,1.0,0.111,0.0,3.0,0.333,0.0,0.333,3.0,0.0,0.0,,0.0,0.0,0.0,0.0,0.0,0.111,1.0,1.0,0.0,0.0,0.0,0.111,0.0,0.0,,0.0,0.0,0.0,0.0,0.25,4.0,0.375,0.0,1.0,0.0,0.444,1.0,0.444,0.25,4.0,,0.0,0,0.0,,0,0.0,1,0.0,0.167,0.2,0.0,0.0,0.0,0.0,0.0,0.0,3.0,2016,20160416,,,DAL,1610612742,OKC,OKC_DAL_2016
202683,Enes Freedom,Enes,1610612760,OKC,24.0,1,1,0,1.0,23.795,7,10,0.7,0,1,0.0,2,3,0.667,4,9,13,1,2,0,0,0,3,2,16,15,31.1,1,0,30.0,1,1,1,1,37,5,24,9,39,48,39,24,26,29,3,2,2,37,15,42,31,1,59,31,14,12,16,1,1,15,14.0,63,124.4,7.0,51,0.5,91.1,0.241,13,0.091,13,79,0.236,24,7,33.3,13,0.24,0.7,90.78,10.0,9,91.1,31.7,7.1,22,7,0.281,33.3,85.9,124.4,0.277,24,14.3,79,14,75.65,3,7,13,62,62,37,90.78,34,0.182,58,117.6,7,5,0.707,7,45,39,96.14,39,35.0,0.029,18.0,0.0,3.0,5.0,0.029,0.0,1.0,0.0,0.0,0.0,1.0,0.0,0.0,0.0,0.0,0.0,1.0,1.0,0.0,1.0,0.0,2.0,0.0,2.0,47.0,1.0,21.0,2.0,16.0,9.0,0.778,0.43,1.0,1.91,4.0,1.5,0.34,0.481,3.0,3.0,0.75,10.0,0.846,1.0,0.889,0.529,2.9,2.9,11.0,0.563,1.0,2.0,8.0,0.4,0.0,17.0,1.0,0.5,0.4,1.0,27.0,0.3,1.0,0.0,0.0,3.0,1.0,OKC,3.0,,0.0,3.0,1.0,1610612760.0,3.0,0.3,1.0,5.0,0.5,0.6,0.5,5.0,0.6,0.0,,3.0,0.0,0.6,0.0,3.0,,,,,,,,,,,,,,1.0,0.5,1.0,0.5,1.0,0.0,0.1,0.1,1.0,0.2,0.0,2.0,1.0,0.0,0,0.0,,0,,0,,0.7,0.5,1.0,1.0,4.0,0.5,2.0,7.0,2.0,2016,20160416,,,DAL,1610612742,OKC,OKC_DAL_2016
203962,Josh Huestis,Josh,1610612760,OKC,24.0,1,1,0,1.0,7.766666666666667,0,2,0.0,0,1,0.0,0,0,0.0,1,0,1,0,0,0,0,0,1,1,0,1,1.2,0,0,1.0,1,1,1,1,82,79,75,79,39,48,39,49,56,49,24,79,67,62,61,42,31,1,11,51,82,35,85,9,1,86,0.0,73,68.8,0.0,62,0.0,66.7,0.059,82,0.0,38,56,0.105,82,13,2.1,38,0.11,0.0,95.79,2.0,92,66.7,6.1,0.0,81,69,0.0,2.1,66.3,68.8,-0.714,75,0.0,56,35,79.83,55,77,79,1,1,48,95.79,11,0.111,62,72.4,77,79,0.0,79,16,8,93.57,8,3.0,0.0,2.0,0.0,0.0,0.0,0.0,0.0,0.0,0.0,0.0,0.0,1.0,0.0,0.0,0.0,0.0,0.0,0.0,0.0,0.0,1.0,0.0,0.0,0.0,0.0,5.0,0.0,3.0,0.0,0.0,1.0,0.0,0.4,0.0,1.75,0.0,0.1,0.0,0.143,1.0,4.1,1.0,2.0,1.0,3.0,0.0,0.0,4.1,0.0,1.0,0.0,3.0,0.0,0.0,0.5,0.0,5.0,0.0,0.25,0.5,0.0,7.0,,,,,,,,,,,,,,,,,1.0,0.5,0.0,0.5,1.0,0.0,0.0,,0.0,0.0,0.0,0.0,0.0,,,,,,,,,,,,,,0.0,0.0,1.0,0.0,0.0,0.0,0.0,0.5,0.0,0.5,0.0,1.0,,0.0,0,0.0,,0,,0,,0.0,0.0,0.0,0.0,0.0,0.0,0.0,0.0,0.0,2016,20160416,,,DAL,1610612742,OKC,OKC_DAL_2016
201142,Kevin Durant,Kevin,1610612760,OKC,27.0,1,1,0,1.0,26.58,7,15,0.467,2,6,0.333,7,7,1.0,1,4,5,5,3,0,0,0,3,5,23,28,33.5,0,0,35.0,1,1,1,1,30,5,8,32,8,8,21,5,10,1,24,24,29,8,7,42,31,1,59,9,6,3,13,9,1,10,11.5,32,118.5,7.0,10,1.67,66.7,0.078,22,0.357,6,48,0.308,7,47,51.9,6,0.318,0.533,97.52,15.0,7,66.7,45.6,20.0,8,20,0.114,51.9,64.1,118.5,0.33,8,12.0,48,8,81.26,41,10,23,56,54,17,97.52,9,0.034,25,109.7,10,5,0.636,36,54,8,103.4,8,32.0,0.156,44.0,0.0,14.0,8.0,0.156,0.0,5.0,0.0,0.0,0.0,6.0,0.0,0.0,0.333,0.0,0.0,0.667,2.0,0.0,3.0,0.0,5.0,2.0,0.833,56.0,0.667,36.0,2.0,23.0,1.0,2.0,2.41,0.0,3.05,3.0,2.8,0.411,0.556,1.0,12.8,1.0,3.0,0.2,1.0,0.0,0.667,7.7,6.4,1.0,0.8,1.0,4.0,0.0,0.333,0.0,6.0,0.0,0.625,0.333,4.0,9.0,0.2,0.7,0.133,2.0,3.0,0.667,OKC,5.0,0.5,1.0,2.0,1.0,1610612760.0,3.0,0.333,0.6,7.0,0.467,0.75,0.267,4.0,0.643,3.0,0.333,4.0,1.0,0.571,0.2,3.0,0.133,0.0,2.0,0.0,0.0,2.0,0.0,0.0,,0.0,0.0,0.0,0.133,0.0,0.0,1.0,0.0,0.0,0.0,0.0,0.067,0.0,0.067,0.0,1.0,,1.0,3,2.0,0.5,7,0.375,8,0.438,0.533,0.25,0.5,0.0,2.0,1.0,0.0,2.0,3.0,2016,20160416,,,DAL,1610612742,OKC,OKC_DAL_2016
202713,Kyle Singler,Kyle,1610612760,OKC,28.0,1,1,0,1.0,13.785,2,3,0.667,2,2,1.0,0,0,0.0,1,2,3,0,0,0,0,0,2,0,6,1,9.6,0,0,11.0,1,1,1,1,71,42,68,10,8,33,1,49,56,49,24,44,44,62,61,42,31,1,35,71,46,35,64,9,1,56,0.0,86,100.0,2.0,62,0.0,100.0,0.097,2,0.0,41,77,0.097,83,19,0.0,41,0.108,1.0,92.27,3.0,34,100.0,19.6,0.0,84,13,0.111,0.0,94.1,100.0,0.126,68,0.0,77,21,76.9,36,38,2,1,1,48,92.27,45,0.077,62,113.6,38,42,1.0,37,27,53,89.49,53,11.0,0.0,7.0,0.0,0.0,0.0,0.0,0.0,0.0,0.0,0.0,0.0,1.0,0.0,0.0,0.0,0.0,0.0,0.0,0.0,0.0,1.0,0.0,0.0,0.0,0.0,14.0,0.0,9.0,0.0,6.0,0.0,0.0,0.64,0.0,1.86,0.0,0.4,0.429,0.75,0.0,22.5,0.0,1.0,0.333,0.0,0.5,0.667,10.4,4.3,1.0,0.667,0.0,2.0,1.0,1.0,0.0,3.0,1.0,0.75,1.0,1.0,4.0,,,,,,,,,,,,,,,,,1.0,0.333,0.0,0.333,1.0,0.0,0.0,,0.0,0.0,0.0,0.0,0.0,0.667,2.0,2.0,0.0,1.5,0.0,0.667,1.0,1.0,,2.0,2.0,0.0,,,,,,,,,,,,,,1.0,1,1.0,1.0,3,1.0,1,1.5,1.0,1.0,0.0,0.0,0.0,0.0,0.0,0.0,3.0,2016,20160416,,,DAL,1610612742,OKC,OKC_DAL_2016
1737,Nazr Mohammed,Nazr,1610612760,OKC,38.0,1,1,0,1.0,3.6,0,0,0.0,0,0,0.0,0,0,0.0,1,0,1,0,1,0,0,0,1,0,0,0,0.2,0,0,1.0,1,1,1,1,89,79,87,79,39,65,39,49,56,49,24,79,67,62,37,42,31,1,11,71,82,43,90,9,1,86,100.0,91,42.9,0.0,62,0.0,42.9,0.125,82,0.0,41,66,0.111,77,5,0.0,41,0.125,0.0,93.33,0.0,68,42.9,6.4,0.0,78,87,0.0,0.0,43.6,42.9,0.0,87,100.0,66,34,77.78,19,89,79,92,92,48,93.33,2,0.2,62,50.0,89,79,0.0,79,7,2,85.87,2,3.0,0.0,0.0,0.0,0.0,0.0,0.0,0.0,0.0,0.0,0.0,0.0,0.0,0.0,0.0,0.0,0.0,0.0,0.0,0.0,0.0,0.0,0.0,0.0,0.0,0.0,3.0,0.0,1.0,0.0,0.0,1.0,0.0,0.0,0.0,1.95,0.0,0.1,0.0,1.0,1.0,5.4,1.0,1.0,1.0,0.0,0.0,0.0,5.4,0.0,1.0,0.0,0.0,0.0,0.0,1.0,0.0,0.0,0.0,1.0,1.0,0.0,1.0,,,,,,,,,,,,,,,,,,,,,,,,,,,,,,,,,,,,,,,,,,,,,,,,,,,,,,,,,0,,,0,,0,,0.0,0.0,0.0,0.0,0.0,0.0,0.0,0.0,0.0,2016,20160416,,,DAL,1610612742,OKC,OKC_DAL_2016
2555,Nick Collison,Nick,1610612760,OKC,35.0,1,0,1,0.0,7.006666666666667,0,0,0.0,0,0,0.0,0,0,0.0,0,1,1,1,0,1,0,0,2,1,0,-2,5.7,0,0,4.0,1,33,33,33,57,56,64,56,24,43,24,35,39,35,35,41,48,20,42,11,20,1,22,33,58,38,52,7,1,54,0.0,66,57.1,0.0,2,0.0,76.9,0.067,58,0.5,51,44,0.0,64,35,-19.8,51,0.0,0.0,92.48,0.0,29,76.9,-23.3,100.0,64,65,0.167,-19.8,83.3,57.1,0.125,64,0.0,44,55,77.07,36,65,56,1,1,32,92.48,9,0.0,1,60.1,65,56,0.0,19,14,7,86.73,7,8.0,0.125,5.0,1.0,4.0,2.0,0.25,0.0,2.0,0.0,0.0,0.0,0.0,0.0,0.0,0.0,0.0,0.0,0.0,0.0,0.0,0.0,0.0,0.0,0.0,0.0,8.0,0.0,4.0,0.0,0.0,1.0,0.0,0.63,0.0,1.4,0.0,0.2,0.0,1.0,0.0,0.0,0.0,0.0,0.0,1.0,0.0,1.0,6.0,6.0,0.0,0.0,1.0,1.0,0.0,0.0,0.0,1.0,0.0,0.0,0.0,1.0,1.0,,,,,,,,,,,,,,,,,,,,,,,,,,,,,,,,,,,,,,,,,,,,,,,,,,,,,,,,,0,,,0,,0,,0.0,0.0,0.0,0.0,0.0,0.0,0.0,0.0,0.0,2016,20160418,,,DAL,1610612742,OKC,OKC_DAL_2016
203500,Steven Adams,Steven,1610612760,OKC,22.0,1,0,1,0.0,30.316666666666663,4,6,0.667,0,0,0.0,1,2,0.5,5,2,7,1,0,0,1,0,2,2,9,0,21.9,0,0,19.0,1,33,33,33,22,20,30,12,24,43,24,32,23,26,2,27,9,20,42,37,7,1,22,22,25,29,21,7,1,23,0.0,43,89.7,4.0,37,0.0,92.9,0.096,22,0.063,36,56,0.095,57,11,-3.2,36,0.095,0.667,90.25,6.0,21,92.9,-7.0,12.5,56,56,0.069,-3.2,93.1,89.7,0.145,30,0.0,56,36,75.21,24,50,18,1,1,32,90.25,24,0.114,27,86.1,50,20,0.654,44,58,22,92.02,22,38.0,0.026,14.0,0.0,3.0,6.0,0.026,0.0,1.0,0.0,0.0,0.0,0.0,0.0,0.0,0.0,0.0,0.0,0.0,0.0,0.0,0.0,0.0,0.0,0.0,0.0,45.0,0.0,20.0,3.0,9.0,15.0,0.467,0.24,0.667,1.11,0.0,0.8,0.2,0.35,2.0,6.6,0.4,11.0,0.429,2.0,0.5,0.222,5.6,3.6,3.0,0.25,1.0,3.0,1.0,0.455,1.0,9.0,2.0,0.389,0.5,1.0,20.0,0.5,0.667,0.0,0.0,2.0,0.667,OKC,3.0,,0.0,2.0,1.0,1610612760.0,3.0,0.5,0.667,3.0,0.5,0.667,0.5,3.0,0.667,0.0,,2.0,0.0,0.667,0.0,2.0,,,,,,,,,,,,,,,,,,,,,,,,,,,,0,,,0,,0,,0.667,0.0,0.0,1.0,0.0,0.6,2.0,7.0,0.0,2016,20160418,,,DAL,1610612742,OKC,OKC_DAL_2016
201566,Russell Westbrook,Russell,1610612760,OKC,27.0,1,0,1,0.0,38.266666666666666,8,22,0.364,1,6,0.167,2,4,0.5,6,8,14,6,4,2,0,0,4,5,19,5,46.8,1,0,44.0,1,33,33,33,7,2,2,38,11,5,22,14,11,26,1,4,2,4,3,1,20,1,55,7,7,18,3,1,1,2,11.8,26,97.3,8.0,8,1.5,90.5,0.147,43,0.3,22,42,0.298,11,12,6.8,22,0.296,0.386,92.82,22.0,18,90.5,2.5,17.6,11,46,0.195,6.8,90.1,97.3,0.149,2,11.8,42,27,77.35,9,37,39,43,43,8,92.82,17,0.111,20,92.6,37,2,0.4,10,74,19,95.38,19,53.0,0.113,65.0,0.0,15.0,21.0,0.151,2.0,8.0,0.071,0.0,0.0,14.0,0.429,1.0,0.071,0.0,0.0,0.167,1.0,6.0,6.0,0.0,2.0,1.0,0.143,87.0,2.0,25.0,1.0,19.0,4.0,1.0,6.3,0.0,6.47,2.0,9.4,0.218,0.609,2.0,7.2,0.333,10.0,0.286,0.0,0.25,0.615,6.5,6.1,4.0,0.615,0.0,9.0,2.0,0.6,0.0,13.0,3.0,0.609,0.6,6.0,23.0,0.227,0.333,0.045,1.0,2.0,0.4,OKC,6.0,0.0,0.0,2.0,1.0,1610612760.0,5.0,0.273,0.333,9.0,0.409,0.375,0.364,8.0,0.333,1.0,0.0,3.0,0.0,0.333,0.045,3.0,0.136,0.0,3.0,2.0,0.667,3.0,0.0,0.667,,0.667,2.0,0.0,0.136,0.0,0.25,4.0,0.375,0.0,1.0,0.0,0.182,1.0,0.182,0.25,4.0,,1.0,5,5.0,0.2,11,0.455,11,0.5,0.386,0.0,1.0,0.0,4.0,0.5,0.0,4.0,0.0,2016,20160418,,,DAL,1610612742,OKC,OKC_DAL_2016
200751,Randy Foye,Randy,1610612760,OKC,32.0,1,0,1,0.0,9.933333333333334,0,1,0.0,0,1,0.0,0,0,0.0,1,0,1,1,0,0,0,0,0,0,0,0,2.7,0,0,2.0,1,33,33,33,54,56,55,56,24,30,24,35,39,35,16,53,48,20,42,37,20,1,1,49,58,29,57,7,1,58,0.0,21,85.7,0.0,15,0.0,94.7,0.043,58,0.167,39,21,0.042,62,14,-9.0,39,0.041,0.0,96.64,1.0,49,94.7,-11.7,50.0,62,58,0.0,-9.0,96.6,85.7,0.019,55,0.0,21,44,80.54,47,54,56,1,1,32,96.64,31,0.091,2,84.9,54,56,0.0,53,21,26,96.26,26,8.0,0.125,8.0,0.0,3.0,1.0,0.125,0.0,1.0,0.0,0.0,0.0,0.0,0.0,0.0,0.0,0.0,0.0,0.0,0.0,0.0,0.0,0.0,0.0,0.0,0.0,9.0,0.0,3.0,0.0,0.0,0.0,0.0,4.33,0.0,4.62,0.0,0.7,0.0,1.0,0.0,20.3,0.0,1.0,0.0,0.0,0.0,0.0,20.3,0.0,0.0,0.0,0.0,1.0,0.0,1.0,0.0,0.0,1.0,1.0,1.0,0.0,1.0,,,,,,,,,,,,,,,,,,,,,,,,,,,,,,,,,,,,,,,,,,,0.0,0.0,1.0,0.0,0.0,0.0,0.0,1.0,0.0,1.0,0.0,1.0,,0.0,0,1.0,0.0,0,0.0,1,0.0,0.0,0.0,0.0,0.0,0.0,0.0,0.0,0.0,0.0,2016,20160418,,,DAL,1610612742,OKC,OKC_DAL_2016
202713,Kyle Singler,Kyle,1610612760,OKC,28.0,1,0,1,0.0,5.033333333333333,0,1,0.0,0,0,0.0,0,0,0.0,0,0,0,0,0,0,0,0,0,0,0,-4,0.0,0,0,0.0,1,33,33,33,59,56,55,56,24,43,24,35,39,35,35,53,57,44,42,37,20,1,1,49,58,43,63,7,1,63,0.0,37,50.0,0.0,44,0.0,90.0,0.0,58,0.0,61,30,0.083,58,35,-40.0,61,0.088,0.0,95.36,1.0,66,90.0,-33.6,0.0,58,66,0.0,-40.0,87.2,50.0,-0.5,55,0.0,29,60,79.47,57,66,56,1,1,32,95.36,14,0.0,44,53.6,66,56,0.0,53,10,17,93.65,17,1.0,0.0,3.0,0.0,0.0,0.0,0.0,0.0,0.0,0.0,0.0,0.0,0.0,0.0,0.0,0.0,0.0,0.0,0.0,0.0,0.0,0.0,0.0,0.0,0.0,0.0,3.0,0.0,1.0,0.0,0.0,0.0,0.0,2.0,0.0,1.99,0.0,0.1,0.0,,,,,,,,,,,,,,,,,,,,,,,,,,,,,,,,,,,,,,,,,1.0,1.0,0.0,1.0,1.0,0.0,0.0,,0.0,0.0,0.0,0.0,0.0,,,,,,,,,,,,,,,,,,,,,,,,,,,,0,,,0,0.0,1,0.0,0.0,0.0,0.0,0.0,0.0,0.0,0.0,0.0,0.0,2016,20160418,,,DAL,1610612742,OKC,OKC_DAL_2016
201142,Kevin Durant,Kevin,1610612760,OKC,27.0,1,0,1,0.0,44.36666666666667,7,33,0.212,2,11,0.182,5,5,1.0,1,8,9,2,7,0,1,2,2,4,21,-1,30.8,0,0,36.0,1,33,33,33,1,6,1,51,6,1,21,6,9,1,16,4,6,14,1,37,7,62,22,10,5,33,14,7,1,8,15.8,39,92.9,7.0,31,0.29,94.1,0.087,50,0.091,33,47,0.383,3,34,-1.2,33,0.4,0.242,91.96,33.0,58,94.1,-3.6,4.7,3,52,0.174,-1.2,93.9,92.9,-0.026,1,16.3,47,34,76.63,30,45,52,51,51,31,91.96,26,0.017,41,90.3,45,6,0.298,17,85,25,93.39,25,35.0,0.057,65.0,0.0,5.0,6.0,0.114,2.0,4.0,0.0,0.0,0.0,11.0,0.273,0.0,0.091,0.0,0.0,0.286,2.0,3.0,7.0,0.0,4.0,1.0,0.364,78.0,0.0,56.0,4.0,21.0,4.0,0.5,1.94,0.5,2.82,10.0,3.7,0.269,0.75,1.0,1.0,1.0,3.0,0.333,0.0,0.25,0.889,5.6,6.2,3.0,0.889,0.0,6.0,2.0,0.333,0.0,9.0,0.0,0.75,0.333,6.0,12.0,0.161,0.333,0.032,1.0,2.0,0.4,OKC,6.0,0.0,0.0,2.0,1.0,1610612760.0,5.0,0.194,0.333,18.0,0.581,0.231,0.419,13.0,0.25,5.0,0.2,4.0,1.0,0.222,0.161,3.0,0.129,3.0,4.0,0.0,0.0,1.0,0.097,0.0,0.0,0.0,0.0,0.0,0.032,1.0,0.333,2.0,0.5,0.0,1.0,0.032,0.065,1.0,0.097,0.5,3.0,0.0,0.0,0,3.0,0.0,0,0.0,10,0.0,0.242,0.273,0.0,0.333,0.0,0.5,2.0,2.0,8.0,2016,20160418,,,DAL,1610612742,OKC,OKC_DAL_2016
201586,Serge Ibaka,Serge,1610612760,OKC,26.0,1,0,1,0.0,33.218333333333334,4,7,0.571,2,4,0.5,2,2,1.0,1,7,8,0,0,2,1,0,4,1,12,5,30.6,0,0,28.0,1,33,33,33,14,20,25,17,6,13,11,14,23,1,16,6,7,44,42,1,7,1,55,33,18,18,15,7,1,12,0.0,27,106.5,4.0,44,0.0,95.3,0.103,9,0.0,19,54,0.104,55,33,11.1,19,0.101,0.714,91.03,7.0,16,95.3,5.3,0.0,54,33,0.194,11.1,93.6,106.5,0.158,25,0.0,54,24,75.86,21,24,14,1,1,32,91.03,25,0.024,44,98.9,24,20,0.761,11,62,29,95.28,29,21.0,0.0,15.0,0.0,0.0,3.0,0.0,0.0,0.0,0.0,0.0,0.0,0.0,0.0,0.0,0.0,0.0,0.0,0.0,0.0,0.0,0.0,0.0,0.0,0.0,0.0,29.0,0.0,15.0,1.0,12.0,0.0,0.0,0.34,0.0,1.46,1.0,0.7,0.414,0.615,0.0,17.1,0.0,2.0,0.375,0.0,0.429,0.636,9.6,8.5,3.0,0.636,0.0,5.0,3.0,0.5,0.0,11.0,1.0,0.615,0.5,4.0,13.0,,,,,,,,,,,,,,,,,1.0,0.143,1.0,0.143,1.0,1.0,0.0,,1.0,0.0,1.0,0.0,1.0,0.143,0.0,1.0,1.0,1.0,1.0,0.0,1.0,,1.0,1.0,0.0,0.143,1.0,0.4,4.0,0.6,0.0,2.0,0.143,0.571,2.0,0.714,0.5,5.0,0.0,0.0,1,0.0,,2,1.0,1,1.0,0.714,0.5,0.0,0.0,0.0,0.0,0.0,0.0,8.0,2016,20160418,,,DAL,1610612742,OKC,OKC_DAL_2016
203460,Andre Roberson,Andre,1610612760,OKC,24.0,1,0,1,0.0,16.023333333333333,1,3,0.333,0,1,0.0,0,0,0.0,0,3,3,0,0,2,1,0,1,0,2,1,14.6,0,0,11.0,1,33,33,33,43,42,48,39,24,30,24,35,39,35,35,20,29,44,42,1,7,1,9,49,50,25,33,7,1,39,0.0,31,100.0,1.0,44,0.0,93.5,0.088,47,0.0,23,53,0.083,59,35,6.5,23,0.083,0.333,91.37,3.0,32,93.5,0.6,0.0,58,43,0.214,6.5,92.9,100.0,0.115,48,0.0,53,30,76.14,29,30,41,1,1,32,91.37,22,0.0,44,93.5,30,42,0.333,7,30,24,94.78,24,11.0,0.0,7.0,0.0,0.0,1.0,0.0,0.0,0.0,0.0,0.0,0.0,0.0,0.0,0.0,0.0,0.0,0.0,0.0,0.0,0.0,0.0,0.0,0.0,0.0,0.0,14.0,0.0,9.0,0.0,2.0,2.0,0.0,0.79,0.0,1.36,0.0,0.3,0.143,0.429,0.0,0.0,0.0,2.0,0.0,0.0,0.0,0.6,15.3,15.3,0.0,0.6,0.0,3.0,0.0,0.0,0.0,5.0,0.0,0.429,0.0,3.0,7.0,0.333,0.0,0.0,0.0,0.0,0.0,OKC,1.0,,0.0,0.0,1.0,1610612760.0,1.0,0.333,0.0,,,,,,,,,,,,,,,,,,,,,,,,,,,1.0,0.5,1.0,0.5,1.0,0.0,0.333,0.333,1.0,0.667,0.0,2.0,1.0,0.0,0,0.0,,0,,0,,0.333,0.0,0.0,0.0,0.0,0.0,0.0,0.0,0.0,2016,20160418,,,DAL,1610612742,OKC,OKC_DAL_2016
201627,Anthony Morrow,Anthony,1610612760,OKC,30.0,1,0,1,0.0,10.868333333333334,2,4,0.5,1,3,0.333,2,2,1.0,0,0,0,0,2,1,0,0,1,2,7,1,8.0,0,0,10.0,1,33,33,33,51,36,45,22,11,17,15,14,23,1,35,53,57,44,12,11,20,1,9,22,31,25,48,7,1,41,29.1,51,78.3,2.0,44,0.0,81.0,0.0,16,0.0,35,18,0.226,18,35,-2.7,35,0.248,0.625,97.16,4.0,30,81.0,-7.3,0.0,23,60,0.0,-2.7,90.0,78.3,0.122,45,28.6,18,37,80.97,57,60,19,64,64,32,97.16,16,0.0,44,82.7,60,36,0.717,53,23,10,89.74,10,1.0,0.0,6.0,0.0,0.0,0.0,0.0,0.0,0.0,0.0,1.0,2.0,1.0,0.0,0.0,0.0,1.0,1.0,0.0,0.0,0.0,0.0,2.0,2.0,0.0,2.0,8.0,0.0,6.0,1.0,7.0,1.0,2.0,1.5,2.0,1.85,0.0,0.2,0.875,,,,,,,,,,,,,,,,,,,,,,,,,,,,,,,,,,,,,,,,,,,,,,,,,,,,,,0.25,0.0,1.0,1.0,1.0,1.0,0.0,1.0,,1.0,1.0,0.0,0.25,0.0,0.333,3.0,0.5,0.0,1.0,0.0,0.75,1.0,0.75,0.333,3.0,,0.0,0,0.0,,0,,0,,0.625,0.333,0.0,1.0,0.0,1.0,2.0,2.0,3.0,2016,20160418,,,DAL,1610612742,OKC,OKC_DAL_2016
203079,Dion Waiters,Dion,1610612760,OKC,24.0,1,0,1,0.0,26.166666666666668,3,8,0.375,1,5,0.2,1,1,1.0,0,3,3,0,1,0,0,0,1,1,8,-6,10.6,0,0,12.0,1,33,33,33,28,27,21,34,11,7,19,32,37,1,35,20,29,44,23,37,20,1,9,33,28,47,42,7,1,38,10.6,35,75.5,3.0,44,0.0,92.0,0.048,37,0.0,47,33,0.136,38,35,-16.5,47,0.147,0.438,94.47,8.0,37,92.0,-11.4,0.0,44,63,0.111,-16.5,89.7,75.5,0.07,21,11.1,33,43,78.73,45,62,33,38,37,32,94.47,15,0.0,44,78.3,62,27,0.474,32,53,21,93.88,21,17.0,0.0,20.0,0.0,0.0,2.0,0.0,0.0,0.0,0.2,0.0,0.0,5.0,0.2,1.0,0.0,0.0,0.0,0.667,2.0,1.0,3.0,0.0,5.0,0.0,1.0,27.0,0.0,12.0,0.0,8.0,0.0,0.0,4.15,0.0,4.68,0.0,2.1,0.296,0.75,0.0,0.0,0.0,0.0,0.667,0.0,0.667,0.75,5.6,5.6,2.0,0.75,0.0,1.0,2.0,0.0,0.0,4.0,0.0,0.75,0.0,1.0,4.0,0.125,1.0,0.0,0.0,1.0,1.0,OKC,1.0,,0.0,1.0,1.0,1610612760.0,1.0,0.125,1.0,5.0,0.625,0.5,0.25,2.0,0.5,3.0,0.333,2.0,1.0,0.4,0.375,1.0,,,,,,,,,,,,,,0.0,0.0,2.0,0.0,0.0,0.0,0.0,0.25,0.0,0.25,0.0,2.0,,0.0,1,2.0,0.0,2,0.333,3,0.333,0.438,0.333,0.0,0.0,0.0,0.0,0.0,0.0,3.0,2016,20160418,,,DAL,1610612742,OKC,OKC_DAL_2016
202683,Enes Freedom,Enes,1610612760,OKC,24.0,1,0,1,0.0,18.8,2,7,0.286,0,1,0.0,2,2,1.0,5,3,8,0,1,1,0,2,2,1,6,-4,17.6,0,0,16.0,1,33,33,33,38,36,25,46,24,30,24,14,23,1,2,20,7,44,23,11,20,62,22,33,35,43,28,7,1,28,11.3,11,82.1,2.0,44,0.0,94.7,0.182,44,0.0,44,13,0.196,30,1,-12.7,44,0.195,0.286,98.3,7.0,33,94.7,-9.3,0.0,30,59,0.136,-12.7,92.4,82.1,0.1,25,11.1,13,42,81.91,5,58,46,38,40,32,98.3,20,0.227,44,83.1,58,36,0.381,27,39,26,98.91,26,19.0,0.0,4.0,0.0,0.0,0.0,0.0,0.0,0.0,0.0,0.0,0.0,0.0,0.0,0.0,0.0,0.0,0.0,0.0,0.0,0.0,0.0,0.0,0.0,0.0,0.0,28.0,0.0,9.0,1.0,6.0,7.0,0.857,0.18,2.0,1.33,0.0,0.6,0.214,0.5,5.0,4.9,1.0,11.0,0.875,0.0,0.667,0.6,4.8,4.6,7.0,0.6,0.0,1.0,2.0,0.455,0.0,5.0,0.0,0.5,0.455,1.0,16.0,0.4,0.5,0.0,0.0,1.0,0.5,OKC,2.0,,0.0,1.0,1.0,1610612760.0,2.0,0.4,0.5,1.0,0.2,1.0,0.2,1.0,1.0,0.0,,1.0,0.0,1.0,0.0,1.0,,,,,,,,,,,,,,1.0,0.0,1.0,0.0,0.0,0.0,0.2,0.2,0.0,0.4,0.0,2.0,0.0,0.0,1,0.0,,2,1.0,1,1.0,0.286,0.0,0.0,1.0,0.0,0.4,2.0,6.0,0.0,2016,20160418,,,DAL,1610612742,OKC,OKC_DAL_2016
203500,Steven Adams,Steven,1610612760,OKC,22.0,1,1,0,1.0,22.631666666666668,2,4,0.5,0,0,0.0,0,0,0.0,4,2,6,1,0,1,0,0,2,2,4,11,15.7,0,0,13.0,1,1,1,1,33,35,39,18,31,44,31,37,40,37,4,32,12,29,40,11,22,1,23,23,44,12,36,5,1,38,0.0,34,131.1,2.0,39,0.0,102.1,0.15,36,0.05,10,38,0.08,60,5,29.0,10,0.079,0.5,97.56,4.0,42,102.1,18.5,20.0,59,11,0.105,29.0,107.8,131.1,0.061,39,0.0,38,14,81.3,13,8,24,1,1,27,97.56,43,0.19,18,126.3,8,35,0.5,35,45,31,96.76,31,32.0,0.031,8.0,0.0,2.0,1.0,0.031,0.0,1.0,0.0,0.0,0.0,0.0,0.0,0.0,0.0,0.0,0.0,0.0,0.0,0.0,0.0,0.0,0.0,0.0,0.0,38.0,0.0,10.0,2.0,4.0,5.0,0.8,0.18,0.0,1.23,0.0,0.8,0.105,0.316,4.0,4.1,1.0,12.0,0.833,0.0,0.5,0.286,4.4,4.8,5.0,0.286,0.0,1.0,1.0,0.333,0.0,7.0,0.0,0.316,0.333,1.0,19.0,0.5,1.0,0.0,0.0,2.0,1.0,OKC,2.0,,0.0,2.0,1.0,1610612760.0,2.0,0.5,1.0,2.0,0.5,0.0,0.5,2.0,0.0,0.0,,0.0,0.0,0.0,0.0,0.0,,,,,,,,,,,,,,,,,,,,,,,,,,,,0,,,0,,0,,0.5,0.0,0.0,0.0,0.0,0.667,0.0,4.0,0.0,2016,20160421,,,DAL,1610612742,OKC,OKC_DAL_2016
200751,Randy Foye,Randy,1610612760,OKC,32.0,1,1,0,1.0,13.683333333333334,1,3,0.333,1,2,0.5,0,0,0.0,0,3,3,1,2,0,0,0,1,0,3,0,6.1,0,0,8.0,1,1,1,1,47,42,42,42,15,26,8,37,40,37,30,22,32,29,12,30,22,1,16,48,45,30,47,5,1,44,33.3,63,107.7,1.0,25,0.5,103.7,0.111,36,0.125,29,49,0.167,36,30,4.0,29,0.182,0.5,92.96,3.0,45,103.7,10.0,16.7,36,19,0.2,4.0,104.8,107.7,0.049,42,33.3,49,24,77.47,20,25,24,62,62,25,92.96,41,0.0,25,114.8,25,42,0.5,15,26,34,89.66,34,13.0,0.077,12.0,0.0,2.0,1.0,0.077,0.0,1.0,0.5,0.0,0.0,2.0,0.5,1.0,0.0,0.0,0.0,0.0,0.0,1.0,0.0,0.0,0.0,0.0,0.0,18.0,0.0,7.0,0.0,3.0,0.0,0.0,5.11,0.0,5.74,0.0,1.7,0.167,0.5,0.0,0.0,0.0,1.0,0.333,0.0,0.333,0.6,3.9,3.9,1.0,0.6,0.0,2.0,1.0,0.0,0.0,5.0,0.0,0.5,0.0,2.0,6.0,,,,,,,,,,,,,,,,,1.0,0.333,0.0,0.333,1.0,0.0,0.0,,0.0,0.0,0.0,0.0,0.0,0.667,2.0,2.0,0.0,0.75,0.0,0.667,0.5,0.5,,1.0,1.0,0.0,,,,,,,,,,,,,,0.0,0,0.0,,0,0.0,1,0.0,0.5,0.5,0.0,0.0,0.0,0.0,0.0,0.0,3.0,2016,20160421,,,DAL,1610612742,OKC,OKC_DAL_2016
201566,Russell Westbrook,Russell,1610612760,OKC,27.0,1,1,0,1.0,34.31666666666667,9,16,0.563,2,3,0.667,6,9,0.667,0,0,0,15,6,2,1,1,4,7,26,29,51.5,1,0,49.0,1,1,1,1,13,3,7,16,8,17,5,7,6,25,30,56,57,1,2,4,7,48,57,3,3,1,2,1,1,2,14.6,10,143.1,9.0,1,2.5,102.8,0.0,16,0.556,4,20,0.329,8,30,40.3,4,0.325,0.625,100.71,16.0,12,102.8,34.5,36.6,8,6,0.0,40.3,104.7,143.1,0.149,7,14.6,20,6,83.92,57,4,13,51,51,6,100.71,40,0.0,4,139.2,4,3,0.651,56,72,32,101.18,32,54.0,0.278,73.0,0.0,37.0,14.0,0.315,2.0,17.0,0.063,2.0,3.0,16.0,0.188,1.0,0.25,0.75,0.125,0.333,2.0,3.0,6.0,4.0,8.0,4.0,0.5,86.0,2.0,28.0,2.0,26.0,1.0,0.0,5.98,0.0,6.18,2.0,8.9,0.302,,,,,,,,,,,,,,,,,,,,,,,,,0.267,0.5,0.0,0.0,2.0,0.5,OKC,4.0,,0.0,2.0,1.0,1610612760.0,4.0,0.267,0.5,2.0,0.133,0.0,0.133,2.0,0.0,0.0,,0.0,0.0,0.0,0.0,0.0,0.467,2.0,7.0,4.0,0.786,5.0,0.133,0.714,0.5,0.8,5.0,1.0,0.333,1.0,1.0,1.0,1.25,1.0,1.0,0.067,0.067,2.0,0.133,1.0,2.0,1.0,1.0,4,2.0,0.5,9,0.571,7,0.643,0.625,1.0,1.0,0.0,4.0,0.0,0.0,0.0,3.0,2016,20160421,,,DAL,1610612742,OKC,OKC_DAL_2016
201586,Serge Ibaka,Serge,1610612760,OKC,26.0,1,1,0,1.0,37.02166666666667,7,9,0.778,2,2,1.0,0,0,0.0,0,6,6,2,0,1,2,0,3,0,16,27,35.2,0,0,32.0,1,1,1,1,8,6,23,6,8,26,1,37,40,37,30,8,12,19,40,11,2,1,42,48,15,2,13,5,1,11,0.0,18,135.5,7.0,35,0.0,100.0,0.095,6,0.071,7,32,0.106,52,30,35.5,7,0.105,0.889,98.54,9.0,17,100.0,31.7,18.2,52,7,0.188,35.5,100.7,135.5,0.135,23,0.0,32,8,82.11,25,5,6,1,1,27,98.54,30,0.0,22,132.5,5,6,0.889,19,76,27,99.31,27,18.0,0.111,19.0,0.0,6.0,4.0,0.111,0.0,2.0,0.0,0.0,0.0,1.0,1.0,0.0,0.0,0.0,0.0,0.0,0.0,1.0,0.0,0.0,0.0,0.0,0.0,27.0,0.0,17.0,0.0,16.0,0.0,0.0,0.59,0.0,1.69,0.0,0.8,0.593,0.6,0.0,0.0,0.0,2.0,0.167,2.0,0.167,0.75,7.6,7.6,1.0,1.0,2.0,5.0,1.0,0.0,0.0,8.0,0.0,0.75,0.0,5.0,10.0,,,,,,,,,,,,,,,,,2.0,0.222,0.5,0.222,2.0,0.5,0.0,,1.0,0.0,0.5,0.0,1.0,0.444,0.0,4.0,3.0,0.75,4.0,0.0,0.75,,0.75,3.0,0.0,0.444,1.0,1.0,2.0,1.333,1.0,2.0,0.111,0.222,3.0,0.333,1.0,3.0,1.0,0.0,2,0.0,,4,1.0,2,1.0,0.889,0.667,0.0,0.0,0.0,0.0,0.0,0.0,10.0,2016,20160421,,,DAL,1610612742,OKC,OKC_DAL_2016
1626166,Cameron Payne,Cameron,1610612760,OKC,21.0,1,1,0,1.0,3.8,0,1,0.0,0,0,0.0,0,2,0.0,0,0,0,1,0,0,0,1,2,1,0,1,1.5,0,0,1.0,1,1,1,1,60,52,51,52,31,44,31,37,21,37,30,56,57,29,40,30,22,48,23,33,55,26,59,5,1,61,0.0,31,87.5,0.0,5,0.0,75.0,0.0,55,0.333,22,15,0.222,20,30,12.5,22,0.239,0.0,101.05,1.0,68,75.0,9.0,33.3,22,53,0.0,12.5,79.8,87.5,-0.571,51,0.0,15,25,84.21,57,55,52,1,1,27,101.05,5,0.0,6,88.8,55,52,0.0,56,8,5,97.26,5,5.0,0.2,7.0,0.0,2.0,1.0,0.4,1.0,2.0,0.0,1.0,0.0,1.0,0.0,0.0,0.0,0.0,1.0,0.0,0.0,0.0,0.0,2.0,0.0,0.0,0.0,8.0,0.0,2.0,0.0,0.0,0.0,0.0,7.63,0.0,8.58,0.0,1.1,0.0,,,,,,,,,,,,,,,,,,,,,,,,,,,,,,,,,,,,,,,,,,,,,,,,,,,,,,,,,,,,,,,,,,,,,,,,,,,,,,,,,0,,,0,,0,,0.0,0.0,0.0,0.0,0.0,0.0,0.0,0.0,0.0,2016,20160421,,,DAL,1610612742,OKC,OKC_DAL_2016
201627,Anthony Morrow,Anthony,1610612760,OKC,30.0,1,1,0,1.0,3.4916666666666667,0,0,0.0,0,0,0.0,0,0,0.0,0,1,1,0,0,0,0,0,1,0,0,9,1.2,0,0,1.0,1,1,1,1,62,52,64,52,31,44,31,37,40,37,30,44,49,41,40,30,22,1,16,48,55,16,61,5,1,61,0.0,2,150.0,0.0,41,0.0,37.5,0.125,55,0.0,1,2,0.0,65,30,112.5,1,0.0,0.0,109.98,0.0,48,37.5,110.4,0.0,65,4,0.167,112.5,38.1,150.0,0.0,64,0.0,2,1,91.65,14,2,52,1,1,27,109.98,1,0.0,41,148.5,2,52,0.0,22,8,1,109.7,1,2.0,0.0,1.0,0.0,0.0,0.0,0.0,0.0,0.0,0.0,0.0,0.0,0.0,0.0,0.0,0.0,0.0,0.0,0.0,0.0,0.0,0.0,0.0,0.0,0.0,0.0,2.0,0.0,1.0,0.0,0.0,0.0,0.0,1.0,0.0,1.36,0.0,0.0,0.0,1.0,0.0,0.0,0.0,0.0,0.0,0.0,0.0,1.0,5.3,5.3,0.0,1.0,0.0,1.0,0.0,0.0,0.0,1.0,0.0,1.0,0.0,1.0,1.0,,,,,,,,,,,,,,,,,,,,,,,,,,,,,,,,,,,,,,,,,,,,,,,,,,,,,,,,,0,,,0,,0,,0.0,0.0,0.0,0.0,0.0,0.0,0.0,0.0,0.0,2016,20160421,,,DAL,1610612742,OKC,OKC_DAL_2016
203460,Andre Roberson,Andre,1610612760,OKC,24.0,1,1,0,1.0,23.73,1,1,1.0,1,1,1.0,2,2,1.0,0,5,5,0,0,2,1,0,3,1,5,10,20.0,0,0,17.0,1,1,1,1,30,42,51,1,15,34,1,18,21,1,30,11,17,41,40,4,7,1,42,33,39,13,27,5,1,30,0.0,25,129.8,1.0,41,0.0,104.1,0.116,2,0.0,11,41,0.039,64,30,25.7,11,0.037,1.5,97.09,1.0,33,104.1,22.4,0.0,64,10,0.238,25.7,104.3,129.8,0.098,51,0.0,41,12,80.91,17,9,1,1,1,27,97.09,39,0.0,41,126.7,9,42,1.33,10,47,35,98.18,35,9.0,0.0,4.0,0.0,0.0,0.0,0.0,0.0,0.0,0.0,0.0,0.0,0.0,0.0,0.0,0.0,0.0,0.0,0.0,0.0,0.0,0.0,0.0,0.0,0.0,0.0,11.0,0.0,3.0,0.0,5.0,0.0,0.0,0.27,0.0,1.01,0.0,0.2,0.455,0.833,0.0,0.0,0.0,1.0,0.4,0.0,0.4,1.0,5.8,5.8,2.0,1.0,0.0,3.0,2.0,0.0,0.0,5.0,0.0,0.833,0.0,3.0,6.0,,,,,,,,,,,,,,,,,,,,,,,,,,,,,,1.0,1.0,1.0,0.0,1.5,0.0,1.0,1.0,1.0,,1.0,1.0,0.0,,,,,,,,,,,,,,0.0,0,0.0,,0,,0,,1.5,1.0,0.0,0.0,0.0,0.0,0.0,0.0,3.0,2016,20160421,,,DAL,1610612742,OKC,OKC_DAL_2016
203079,Dion Waiters,Dion,1610612760,OKC,24.0,1,1,0,1.0,28.23333333333333,7,11,0.636,4,8,0.5,1,1,1.0,1,3,4,3,2,1,0,0,2,1,19,27,29.3,0,0,32.0,1,1,1,1,25,6,17,9,1,5,8,28,39,1,15,22,24,12,12,11,22,1,23,33,10,2,17,5,1,11,12.2,40,153.6,7.0,22,1.5,105.4,0.093,8,0.136,2,45,0.206,26,15,48.2,2,0.216,0.818,95.21,11.0,14,105.4,49.0,18.8,27,3,0.12,48.2,103.9,153.6,0.147,17,12.5,45,3,79.34,26,1,8,49,49,12,95.21,37,0.056,20,152.9,1,6,0.83,31,56,39,96.09,39,20.0,0.15,27.0,0.0,9.0,4.0,0.2,1.0,4.0,0.0,0.0,0.0,4.0,0.25,0.0,0.0,0.0,0.0,0.667,2.0,1.0,3.0,0.0,5.0,0.0,1.25,33.0,0.0,19.0,0.0,19.0,0.0,0.0,3.24,0.0,3.91,0.0,2.2,0.576,0.667,0.0,16.9,0.0,1.0,0.0,0.0,0.0,0.6,9.7,7.3,0.0,0.6,0.0,4.0,0.0,1.0,0.0,5.0,1.0,0.667,1.0,3.0,6.0,,,,,,,,,,,,,,,,,5.0,0.455,1.0,0.182,2.0,0.7,3.0,0.333,3.0,1.0,0.6,0.273,2.0,0.364,3.0,4.0,1.0,1.0,1.0,0.273,0.75,0.667,1.0,3.0,2.0,0.091,0.0,0.5,2.0,0.75,0.0,1.0,0.0,0.182,1.0,0.182,0.5,2.0,,1.0,2,3.0,0.333,5,0.5,4,0.625,0.818,0.6,0.0,0.0,0.0,0.0,0.0,0.0,9.0,2016,20160421,,,DAL,1610612742,OKC,OKC_DAL_2016
202683,Enes Freedom,Enes,1610612760,OKC,24.0,1,1,0,1.0,21.56833333333333,6,7,0.857,1,1,1.0,8,10,0.8,4,4,8,1,0,1,1,1,4,5,21,17,38.1,0,0,35.0,1,1,1,1,35,14,29,5,15,34,1,4,4,21,4,14,5,29,40,11,7,48,57,7,7,5,9,5,1,8,0.0,19,147.7,6.0,35,0.0,109.1,0.229,5,0.071,5,36,0.245,21,2,38.6,5,0.234,0.929,97.92,7.0,5,109.1,42.6,7.7,17,5,0.19,38.6,105.8,147.7,0.241,29,0.0,36,5,81.6,5,3,5,1,1,27,97.92,42,0.286,38,148.4,3,14,0.921,18,44,43,99.21,43,28.0,0.036,12.0,0.0,2.0,2.0,0.071,1.0,2.0,0.0,0.0,0.0,0.0,0.0,0.0,0.0,0.0,0.0,0.0,0.0,0.0,0.0,0.0,0.0,0.0,0.0,40.0,0.5,16.0,0.0,21.0,7.0,1.571,0.5,0.0,1.93,6.0,1.3,0.525,0.615,3.0,3.1,0.75,6.0,0.375,0.0,0.0,0.571,4.4,5.8,3.0,0.571,0.0,5.0,0.0,0.667,0.0,7.0,1.0,0.615,0.667,4.0,13.0,0.667,1.0,0.0,0.0,4.0,1.0,OKC,4.0,,0.0,4.0,1.0,1610612760.0,4.0,0.667,1.0,,,,,,,,,,,,,,0.167,0.0,1.0,1.0,1.0,1.0,0.0,1.0,,1.0,1.0,0.0,0.167,0.0,1.0,1.0,1.5,0.0,1.0,0.0,0.167,1.0,0.167,1.0,1.0,,0.0,0,0.0,,0,,0,,0.929,1.0,1.0,0.0,3.0,0.75,0.0,11.0,3.0,2016,20160421,,,DAL,1610612742,OKC,OKC_DAL_2016
203962,Josh Huestis,Josh,1610612760,OKC,24.0,1,1,0,1.0,2.45,1,1,1.0,1,1,1.0,0,0,0.0,0,2,2,0,0,0,0,0,0,0,3,1,5.4,0,0,6.0,1,1,1,1,65,42,51,1,15,34,1,37,40,37,30,32,38,41,40,30,22,1,1,48,45,26,49,5,1,48,0.0,51,100.0,1.0,41,0.0,80.0,0.286,1,0.0,15,35,0.167,28,30,20.0,15,0.205,1.5,97.96,1.0,1,80.0,16.3,0.0,36,31,0.5,20.0,86.2,100.0,1.667,51,0.0,35,16,81.63,2,34,1,1,1,27,97.96,10,0.0,41,102.5,34,42,1.5,1,5,6,93.26,6,3.0,0.0,2.0,0.0,0.0,0.0,0.0,0.0,0.0,0.0,0.0,0.0,0.0,0.0,0.0,0.0,0.0,0.0,0.0,0.0,0.0,0.0,0.0,0.0,0.0,0.0,4.0,0.0,2.0,0.0,3.0,0.0,0.0,0.0,0.0,0.96,0.0,0.1,0.75,2.0,0.0,0.0,0.0,1.0,0.0,0.0,0.0,0.0,7.2,7.2,0.0,0.0,0.0,2.0,0.0,0.0,0.0,0.0,0.0,2.0,0.0,2.0,1.0,,,,,,,,,,,,,,,,,,,,,,,,,,,,,,,,,,,,,,,,,,,0.0,1.0,1.0,1.5,0.0,1.0,0.0,1.0,1.0,1.0,1.0,1.0,,0.0,0,0.0,,0,,0,,1.5,1.0,0.0,0.0,0.0,0.0,0.0,0.0,3.0,2016,20160421,,,DAL,1610612742,OKC,OKC_DAL_2016
201142,Kevin Durant,Kevin,1610612760,OKC,27.0,1,1,0,1.0,37.05,11,25,0.44,3,9,0.333,9,11,0.818,0,7,7,3,4,1,0,0,3,10,34,13,45.9,0,0,49.0,1,1,1,1,7,1,2,28,4,3,18,2,2,19,30,4,10,12,4,11,22,1,42,1,2,8,4,5,1,2,10.9,20,127.3,11.0,22,0.75,110.4,0.104,24,0.136,19,24,0.388,2,30,16.9,19,0.397,0.5,99.76,25.0,16,110.4,14.4,8.3,2,9,0.2,16.9,112.3,127.3,0.141,2,11.1,24,18,83.13,23,10,24,45,45,23,99.76,46,0.0,35,126.7,10,1,0.57,15,77,44,99.11,44,33.0,0.091,56.0,1.0,9.0,6.0,0.152,1.0,5.0,0.0,1.0,2.0,8.0,0.125,0.0,0.125,1.0,0.125,0.2,1.0,1.0,5.0,2.0,4.0,1.0,0.5,69.0,0.286,51.0,2.0,34.0,1.0,3.0,1.59,0.0,2.86,14.0,3.3,0.493,0.636,0.0,0.0,0.0,1.0,0.143,1.0,0.143,0.7,7.3,7.3,1.0,0.778,1.0,6.0,1.0,0.0,0.0,10.0,0.0,0.7,0.0,6.0,11.0,0.2,0.286,0.08,2.0,2.0,0.4,OKC,7.0,0.0,0.0,2.0,1.0,1610612760.0,5.0,0.28,0.286,15.0,0.6,0.5,0.4,10.0,0.433,5.0,0.2,6.0,1.0,0.4,0.2,5.0,0.12,2.0,3.0,1.0,1.333,1.0,0.08,1.0,1.0,1.0,3.0,2.0,0.04,,,,,,,,,,,,,,2.0,6,5.0,0.4,14,0.4,15,0.467,0.5,0.5,0.4,0.0,4.0,1.0,0.0,3.0,7.0,2016,20160421,,,DAL,1610612742,OKC,OKC_DAL_2016
2555,Nick Collison,Nick,1610612760,OKC,35.0,1,1,0,1.0,12.023333333333332,0,0,0.0,0,0,0.0,0,0,0.0,0,0,0,1,0,1,0,0,2,0,0,0,4.5,0,0,3.0,1,1,1,1,48,52,64,52,31,44,31,37,40,37,30,56,57,29,40,11,22,1,23,48,55,30,53,5,1,54,0.0,60,121.7,0.0,31,0.0,116.7,0.0,55,0.091,28,48,0.0,65,30,5.1,28,0.0,0.0,93.82,0.0,48,116.7,0.4,100.0,65,12,0.0,5.1,122.6,121.7,0.0,64,0.0,48,31,78.18,57,14,52,1,1,27,93.82,52,0.0,1,123.0,14,52,0.0,56,23,49,91.02,49,6.0,0.167,2.0,0.0,3.0,1.0,0.167,0.0,1.0,0.0,0.0,0.0,0.0,0.0,0.0,0.0,0.0,0.0,0.0,0.0,0.0,0.0,0.0,0.0,0.0,0.0,6.0,0.0,2.0,1.0,0.0,0.0,0.0,0.33,0.0,1.52,0.0,0.2,0.0,,,,,,,,,,,,,,,,,,,,,,,,,,,,,,,,,,,,,,,,,,,,,,,,,,,,,,,,,,,,,,,,,,,,,,,,,,,,,,,,,0,,,0,,0,,0.0,0.0,0.0,0.0,0.0,0.0,0.0,0.0,0.0,2016,20160421,,,DAL,1610612742,OKC,OKC_DAL_2016
201627,Anthony Morrow,Anthony,1610612760,OKC,30.0,1,1,0,1.0,0.0283333333333333,0,0,0.0,0,0,0.0,0,0,0.0,0,0,0,0,0,0,0,0,0,0,0,2,0.0,0,0,0.0,1,1,1,1,92,71,85,71,29,52,29,48,51,48,48,75,79,50,49,34,26,1,1,60,74,36,85,7,1,85,0.0,1,200.0,0.0,50,0.0,0.0,0.0,74,0.0,1,1,0.0,87,48,200.0,1,0.0,0.0,847.06,0.0,64,0.0,227.3,0.0,87,1,0.0,200.0,0.0,200.0,0.0,85,0.0,1,1,705.88,79,1,71,1,1,33,847.07,1,0.0,50,227.3,1,71,0.0,75,1,1,745.41,1,0.0,0.0,0.0,,0.0,0.0,0.0,0.0,0.0,0.0,0.0,0.0,0.0,0.0,0.0,0.0,0.0,0.0,0.0,0.0,0.0,0.0,0.0,0.0,0.0,0.0,0.0,0.0,0.0,0.0,0.0,0.0,0.0,0.0,0.0,0.0,0.0,0.0,0.0,,,,,,,,,,,,,,,,,,,,,,,,,,,,,,,,,,,,,,,,,,,,,,,,,,,,,,,,,,,,,,,,,,,,,,,,,,,,,,,,,0,,,0,,0,,0.0,0.0,0.0,0.0,0.0,0.0,0.0,0.0,0.0,2016,20160423,,,DAL,1610612742,OKC,OKC_DAL_2016
201142,Kevin Durant,Kevin,1610612760,OKC,27.0,1,1,0,1.0,42.59,7,20,0.35,1,4,0.25,4,8,0.5,0,4,4,4,1,1,1,0,2,7,19,7,34.8,0,0,32.0,1,1,1,1,1,10,4,52,14,11,19,8,5,34,48,20,32,9,28,14,6,1,46,2,9,16,12,7,1,13,3.5,46,126.5,7.0,31,4.0,115.3,0.053,52,0.121,33,52,0.253,25,48,11.2,33,0.26,0.375,94.67,20.0,60,115.3,7.9,14.3,24,13,0.114,11.2,116.4,126.5,0.046,4,3.6,52,37,78.89,54,9,51,45,45,6,94.67,72,0.0,33,124.3,9,10,0.404,41,83,70,95.01,70,29.0,0.138,49.0,0.0,9.0,7.0,0.138,0.0,4.0,0.0,0.0,0.0,3.0,0.0,0.0,0.0,0.0,0.0,0.667,2.0,0.0,3.0,0.0,4.0,0.0,1.333,57.0,0.571,37.0,3.0,19.0,0.0,0.0,2.02,1.333,3.1,7.0,2.9,0.333,0.571,0.0,0.0,0.0,0.0,0.5,1.0,0.5,0.571,6.6,6.6,2.0,0.667,1.0,2.0,2.0,0.0,0.0,7.0,0.0,0.667,0.0,2.0,7.0,0.2,0.5,0.0,0.0,2.0,0.5,OKC,4.0,,0.0,2.0,1.0,1610612760.0,4.0,0.2,0.5,16.0,0.8,0.333,0.6,12.0,0.344,4.0,0.25,5.0,1.0,0.313,0.2,4.0,,,,,,,,,,,,,,,,,,,,,,,,,,,0.0,6,1.0,0.0,12,0.429,14,0.429,0.375,0.25,0.667,1.0,4.0,0.0,4.0,0.0,3.0,2016,20160423,,,DAL,1610612742,OKC,OKC_DAL_2016
2555,Nick Collison,Nick,1610612760,OKC,35.0,1,1,0,1.0,11.415,0,1,0.0,0,0,0.0,0,0,0.0,0,1,1,0,0,2,0,0,2,1,0,14,7.2,0,0,5.0,1,1,1,1,68,71,76,71,29,52,29,48,51,48,48,58,61,50,49,4,26,1,46,42,74,7,65,7,1,68,0.0,82,134.8,0.0,50,0.0,73.9,0.056,74,0.0,6,36,0.04,86,48,60.9,6,0.045,0.0,96.71,1.0,64,73.9,77.1,0.0,86,5,0.083,60.9,77.3,134.8,0.0,76,0.0,36,5,80.6,51,2,71,1,1,33,96.71,11,0.0,50,154.4,2,71,0.0,48,23,11,88.47,11,8.0,0.0,4.0,0.0,0.0,0.0,0.0,0.0,0.0,0.0,0.0,0.0,0.0,0.0,0.0,0.0,0.0,0.0,0.0,0.0,0.0,0.0,0.0,0.0,0.0,0.0,9.0,0.0,3.0,0.0,0.0,0.0,0.0,1.0,0.0,1.74,0.0,0.3,0.0,0.5,0.0,0.0,0.0,1.0,0.0,0.0,0.0,1.0,3.5,3.5,0.0,1.0,0.0,1.0,0.0,0.0,0.0,1.0,0.0,0.5,0.0,1.0,2.0,1.0,0.0,0.0,0.0,0.0,0.0,OKC,1.0,,0.0,0.0,1.0,1610612760.0,1.0,1.0,0.0,,,,,,,,,,,,,,,,,,,,,,,,,,,,,,,,,,,,,,,,,0,,,0,,0,,0.0,0.0,0.0,0.0,0.0,0.0,0.0,0.0,0.0,2016,20160423,,,DAL,1610612742,OKC,OKC_DAL_2016
200751,Randy Foye,Randy,1610612760,OKC,32.0,1,1,0,1.0,9.166666666666666,1,4,0.25,1,3,0.333,0,0,0.0,0,1,1,0,1,0,0,0,0,0,3,7,3.2,0,0,5.0,1,1,1,1,70,58,55,62,14,22,16,48,51,48,48,58,61,50,28,34,26,1,1,60,61,16,73,7,1,68,20.0,75,127.8,1.0,50,0.0,88.9,0.067,56,0.0,9,58,0.25,24,48,38.9,9,0.262,0.375,94.25,4.0,64,88.9,45.8,0.0,25,6,0.1,38.9,88.9,127.8,0.0,55,20.0,58,7,78.55,47,7,51,77,77,33,94.25,25,0.0,50,134.7,7,58,0.375,44,18,26,91.85,26,10.0,0.0,15.0,1.0,2.0,2.0,0.1,0.0,1.0,0.0,0.0,0.0,2.0,0.5,0.0,0.0,0.0,0.0,0.0,0.0,1.0,1.0,0.0,0.0,0.0,0.0,17.0,0.0,7.0,0.0,3.0,1.0,0.0,5.29,0.0,5.96,0.0,1.7,0.176,0.5,0.0,0.0,0.0,1.0,1.0,0.0,1.0,1.0,3.0,3.0,1.0,1.0,0.0,0.0,1.0,0.0,0.0,1.0,0.0,0.5,0.0,0.0,2.0,,,,,,,,,,,,,,,,,1.0,0.25,0.0,0.25,1.0,0.0,0.0,,0.0,0.0,0.0,0.0,0.0,0.25,1.0,1.0,0.0,0.0,0.0,0.25,0.0,0.0,,0.0,0.0,0.0,0.0,0.5,2.0,0.75,0.0,1.0,0.0,0.5,1.0,0.5,0.5,2.0,,0.0,0,1.0,0.0,0,0.0,1,0.0,0.375,0.5,0.0,0.0,0.0,0.0,0.0,0.0,3.0,2016,20160423,,,DAL,1610612742,OKC,OKC_DAL_2016
201566,Russell Westbrook,Russell,1610612760,OKC,27.0,1,1,0,1.0,38.833333333333336,7,19,0.368,3,5,0.6,8,12,0.667,3,2,5,15,2,2,0,0,0,6,25,4,57.5,1,0,52.0,1,1,1,1,5,10,7,51,3,7,9,2,1,29,6,41,26,1,10,4,26,1,1,5,6,29,1,1,1,1,4.8,33,124.7,7.0,4,7.5,121.1,0.072,42,0.517,41,53,0.303,14,19,3.6,41,0.299,0.447,94.56,19.0,25,121.1,4.5,35.7,10,15,0.065,3.6,118.7,124.7,0.166,7,4.8,53,43,78.8,43,11,46,48,48,2,94.56,76,0.079,8,123.3,11,10,0.515,60,77,79,96.02,79,60.0,0.25,73.0,0.0,34.0,27.0,0.25,0.0,15.0,0.056,2.0,2.0,18.0,0.278,1.0,0.222,0.5,0.111,0.167,1.0,5.0,6.0,4.0,4.0,4.0,0.222,89.0,0.0,25.0,2.0,25.0,5.0,0.4,6.48,0.0,6.76,2.0,10.0,0.281,0.417,2.0,7.5,0.667,9.0,0.4,1.0,0.0,0.667,13.3,21.9,2.0,0.667,0.0,3.0,0.0,0.333,1.0,3.0,1.0,0.455,0.375,2.0,12.0,0.263,0.4,0.0,0.0,2.0,0.4,OKC,5.0,,0.0,2.0,1.0,1610612760.0,5.0,0.263,0.4,6.0,0.316,0.0,0.316,6.0,0.0,0.0,,0.0,0.0,0.0,0.0,0.0,0.263,3.0,5.0,1.0,0.8,2.0,0.158,0.6,0.667,0.5,3.0,2.0,0.105,1.0,0.667,2.0,0.833,1.0,1.0,0.053,0.105,2.0,0.158,0.5,3.0,1.0,1.0,2,3.0,0.333,5,0.25,8,0.313,0.447,1.0,0.0,0.0,0.0,0.333,0.0,2.0,6.0,2016,20160423,,,DAL,1610612742,OKC,OKC_DAL_2016
201586,Serge Ibaka,Serge,1610612760,OKC,26.0,1,1,0,1.0,33.82,7,11,0.636,1,3,0.333,1,1,1.0,2,3,5,0,0,1,0,0,4,1,16,-2,25.0,0,0,24.0,1,1,1,1,20,10,24,19,14,22,16,37,46,1,14,29,26,50,49,14,26,1,75,42,18,57,25,7,1,23,0.0,24,123.9,7.0,50,0.0,125.0,0.083,17,0.0,56,39,0.143,58,27,-1.1,56,0.146,0.682,95.8,11.0,48,125.0,-7.4,0.0,57,20,0.12,-1.1,125.7,123.9,0.085,24,0.0,39,55,79.83,40,13,18,1,1,33,95.8,80,0.057,50,118.4,13,10,0.699,40,67,81,97.73,81,9.0,0.0,12.0,0.0,0.0,0.0,0.0,0.0,0.0,0.0,0.0,0.0,0.0,0.0,0.0,0.0,0.0,0.0,0.0,0.0,0.0,0.0,0.0,0.0,0.0,0.0,20.0,0.0,14.0,2.0,16.0,3.0,2.0,0.05,1.0,1.24,0.0,0.4,0.8,0.556,2.0,3.6,1.0,3.0,0.6,1.0,0.333,0.5,3.2,2.9,3.0,0.6,1.0,2.0,1.0,0.667,0.0,6.0,0.0,0.625,0.667,2.0,9.0,0.182,1.0,0.0,0.0,2.0,1.0,OKC,2.0,,0.0,2.0,1.0,1610612760.0,2.0,0.182,1.0,3.0,0.273,0.667,0.273,3.0,0.667,0.0,,2.0,0.0,0.667,0.0,2.0,0.091,0.0,1.0,1.0,1.0,1.0,0.0,1.0,,1.0,1.0,0.0,0.091,2.0,0.4,3.0,0.5,1.0,1.0,0.182,0.273,2.0,0.455,0.333,5.0,0.5,0.0,0,0.0,,0,,0,,0.682,0.5,0.0,0.5,0.0,1.0,2.0,6.0,9.0,2016,20160423,,,DAL,1610612742,OKC,OKC_DAL_2016
203500,Steven Adams,Steven,1610612760,OKC,22.0,1,1,0,1.0,24.816666666666663,5,7,0.714,0,0,0.0,4,6,0.667,3,5,8,2,1,0,0,0,2,6,14,4,25.6,0,0,24.0,1,1,1,1,43,18,37,14,29,52,29,8,10,29,6,14,7,19,28,34,26,1,46,5,21,29,23,7,1,23,7.9,67,118.8,5.0,28,2.0,112.8,0.17,15,0.125,39,77,0.19,46,10,6.0,39,0.187,0.714,91.87,7.0,26,112.8,7.4,15.4,43,19,0.238,6.0,111.3,118.8,0.159,37,7.7,77,39,76.56,13,16,16,57,58,9,91.87,67,0.115,31,118.7,16,18,0.726,13,48,66,92.53,66,36.0,0.056,16.0,0.0,6.0,2.0,0.056,0.0,2.0,0.0,0.0,0.0,0.0,0.0,0.0,0.0,0.0,0.0,0.0,0.0,0.0,0.0,0.0,0.0,0.0,0.0,49.0,2.0,17.0,1.0,14.0,12.0,1.083,0.18,0.0,1.04,1.0,0.8,0.286,0.5,1.0,4.9,0.333,7.0,0.5,1.0,0.6,0.556,4.3,3.9,4.0,0.625,1.0,4.0,3.0,0.429,0.0,9.0,2.0,0.533,0.429,2.0,16.0,0.286,0.5,0.0,0.0,1.0,0.5,OKC,2.0,,0.0,1.0,1.0,1610612760.0,2.0,0.286,0.5,3.0,0.429,0.667,0.429,3.0,0.667,0.0,,2.0,0.0,0.667,0.0,2.0,0.143,0.0,1.0,1.0,1.0,1.0,0.0,1.0,,1.0,1.0,0.0,0.143,1.0,1.0,0.0,1.0,1.0,0.0,0.143,0.0,1.0,0.143,,1.0,1.0,,0,,,0,,0,,0.714,0.0,1.0,0.0,2.0,0.714,0.0,13.0,0.0,2016,20160423,,,DAL,1610612742,OKC,OKC_DAL_2016
203460,Andre Roberson,Andre,1610612760,OKC,24.0,1,1,0,1.0,26.081666666666667,1,3,0.333,0,0,0.0,0,0,0.0,2,6,8,1,1,0,1,1,1,0,2,-1,15.1,0,0,13.0,1,1,1,1,39,58,60,54,29,52,29,48,51,48,14,8,7,33,28,34,6,70,26,60,65,53,46,7,1,46,20.0,58,115.1,1.0,48,1.0,114.8,0.19,63,0.042,47,23,0.063,84,17,0.3,47,0.069,0.333,98.46,3.0,58,114.8,11.7,20.0,84,11,0.316,0.3,115.8,115.1,0.056,60,20.0,23,35,82.05,10,24,56,77,77,18,98.46,71,0.087,22,127.5,24,58,0.333,9,53,69,93.27,69,16.0,0.063,11.0,1.0,4.0,2.0,0.125,0.0,2.0,0.0,0.0,0.0,0.0,0.0,0.0,0.0,0.0,0.0,0.0,0.0,0.0,0.0,0.0,0.0,0.0,0.0,21.0,0.0,8.0,0.0,2.0,2.0,0.0,0.86,0.0,1.59,0.0,0.6,0.095,0.727,2.0,3.2,1.0,3.0,0.5,1.0,0.333,0.75,6.5,7.6,4.0,0.857,1.0,4.0,2.0,0.667,0.0,8.0,0.0,0.8,0.667,4.0,11.0,0.5,0.0,0.0,0.0,0.0,0.0,OKC,1.0,,0.0,0.0,1.0,1610612760.0,1.0,0.5,0.0,1.0,0.5,1.0,0.5,1.0,1.0,0.0,,1.0,0.0,1.0,0.0,1.0,,,,,,,,,,,,,,,,,,,,,,,,,,,,0,,,0,,0,,0.333,0.0,0.0,0.0,0.0,0.0,0.0,0.0,0.0,2016,20160423,,,DAL,1610612742,OKC,OKC_DAL_2016
203079,Dion Waiters,Dion,1610612760,OKC,24.0,1,1,0,1.0,27.3,4,5,0.8,1,1,1.0,3,3,1.0,0,4,4,4,2,0,1,0,4,3,12,14,23.8,0,0,23.0,1,1,1,1,35,25,45,12,14,40,1,16,25,1,48,20,32,9,10,34,6,1,75,17,23,7,28,7,1,27,16.2,27,127.3,4.0,19,2.0,103.7,0.078,10,0.211,17,38,0.131,62,48,23.6,17,0.137,0.9,95.82,5.0,28,103.7,18.2,33.3,64,14,0.143,23.6,105.1,127.3,0.148,45,16.7,38,24,79.85,41,8,12,72,73,9,95.82,55,0.0,9,123.3,8,25,0.949,34,55,56,96.74,56,23.0,0.174,24.0,0.0,10.0,6.0,0.174,0.0,4.0,0.125,0.0,0.0,8.0,0.25,1.0,0.125,0.0,0.0,0.667,2.0,2.0,3.0,0.0,4.0,1.0,0.5,32.0,0.0,17.0,0.0,12.0,0.0,0.0,3.41,0.0,4.38,0.0,2.3,0.375,0.667,0.0,0.0,0.0,1.0,0.25,0.0,0.25,0.8,9.4,9.4,1.0,0.8,0.0,3.0,1.0,0.0,0.0,5.0,0.0,0.667,0.0,3.0,6.0,,,,,,,,,,,,,,,,,3.0,0.6,0.667,0.6,3.0,0.667,0.0,,2.0,0.0,0.667,0.0,2.0,0.2,0.0,1.0,1.0,1.0,1.0,0.0,1.0,,1.0,1.0,0.0,0.2,0.0,1.0,1.0,1.5,0.0,1.0,0.0,0.2,1.0,0.2,1.0,1.0,,0.0,1,0.0,,2,1.0,1,1.0,0.9,1.0,0.0,0.0,0.0,0.0,0.0,0.0,3.0,2016,20160423,,,DAL,1610612742,OKC,OKC_DAL_2016
202683,Enes Freedom,Enes,1610612760,OKC,24.0,1,1,0,1.0,25.94833333333333,12,13,0.923,0,0,0.0,4,4,1.0,2,4,6,0,1,0,0,1,4,3,28,6,34.2,0,0,34.0,1,1,1,1,42,1,16,9,29,52,29,8,14,1,14,20,21,50,28,34,26,70,75,17,2,21,13,7,1,9,6.3,25,124.1,12.0,50,0.0,113.0,0.14,11,0.0,34,19,0.25,19,13,11.1,34,0.278,0.923,99.89,13.0,9,113.0,16.1,0.0,25,10,0.167,11.1,113.6,124.1,0.261,16,6.7,19,28,83.24,16,12,10,51,51,33,99.89,70,0.105,50,129.6,12,1,0.949,26,54,67,97.49,67,31.0,0.0,18.0,0.0,0.0,0.0,0.0,0.0,0.0,1.0,0.0,0.0,1.0,0.0,1.0,0.0,0.0,0.0,0.0,0.0,0.0,0.0,0.0,0.0,0.0,0.0,46.0,0.0,19.0,4.0,28.0,8.0,2.0,0.15,2.0,1.5,0.0,1.2,0.609,0.4,2.0,2.2,1.0,5.0,1.0,0.0,1.0,0.4,2.9,3.3,6.0,0.4,0.0,0.0,4.0,0.4,0.0,10.0,0.0,0.4,0.4,0.0,15.0,0.167,1.0,0.0,0.0,2.0,1.0,OKC,2.0,,0.0,2.0,1.0,1610612760.0,2.0,0.167,1.0,7.0,0.583,1.0,0.583,7.0,1.0,0.0,,7.0,0.0,1.0,0.0,7.0,0.25,0.0,3.0,3.0,1.0,3.0,0.0,1.0,,1.0,3.0,0.0,0.25,,,,,,,,,,,,,,,0,,,0,,0,,0.923,1.0,0.0,0.75,0.0,0.875,8.0,16.0,2.0,2016,20160423,,,DAL,1610612742,OKC,OKC_DAL_2016
1626166,Cameron Payne,Cameron,1610612760,OKC,21.0,1,1,0,1.0,6.185,2,2,1.0,1,1,1.0,0,0,0.0,0,0,0,0,0,0,0,0,1,0,5,-6,5.0,0,0,6.0,1,1,1,1,54,36,48,1,17,31,1,39,40,39,33,51,53,42,37,23,23,1,14,50,36,47,52,6,1,50,0.0,64,108.3,2.0,42,0.0,158.3,0.0,2,0.0,63,35,0.154,34,33,-50.0,63,0.168,1.25,93.13,2.0,22,158.3,-64.6,0.0,37,17,0.0,-50.0,184.1,108.3,0.127,48,0.0,35,62,77.61,53,24,2,1,1,28,93.13,64,0.0,42,119.5,24,36,1.25,51,12,65,82.26,65,8.0,0.0,10.0,0.0,0.0,2.0,0.125,1.0,1.0,0.0,0.0,0.0,2.0,1.0,0.0,0.0,0.0,0.0,0.0,0.0,2.0,0.0,0.0,0.0,0.0,0.0,11.0,0.0,4.0,0.0,5.0,0.0,0.0,5.45,0.0,5.09,0.0,0.9,0.455,,,,,,,,,,,,,,,,,,,,,,,,,,,,,,,,,,,,,,,,,1.0,0.5,1.0,0.5,1.0,1.0,0.0,,1.0,0.0,1.0,0.0,1.0,,,,,,,,,,,,,,0.0,1.0,1.0,1.5,0.0,1.0,0.0,0.5,1.0,0.5,1.0,1.0,,0.0,1,0.0,,2,1.0,1,1.0,1.25,1.0,0.0,0.0,0.0,0.0,0.0,0.0,3.0,2016,20160425,,,DAL,1610612742,OKC,OKC_DAL_2016
203079,Dion Waiters,Dion,1610612760,OKC,24.0,1,1,0,1.0,22.436666666666667,4,8,0.5,3,6,0.5,0,0,0.0,1,1,2,1,2,0,0,0,2,1,11,-6,12.9,0,0,17.0,1,1,1,1,40,19,24,17,3,9,7,39,40,39,19,42,41,26,11,23,23,1,25,32,23,47,39,6,1,30,18.2,25,117.8,4.0,33,0.5,134.1,0.048,11,0.083,48,24,0.185,31,22,-16.3,48,0.184,0.688,95.2,8.0,38,134.1,-24.3,9.1,28,20,0.063,-16.3,138.9,117.8,0.061,24,18.2,24,53,79.33,41,17,10,55,55,25,95.2,57,0.038,32,114.6,17,19,0.688,46,45,53,94.9,53,9.0,0.111,19.0,1.0,5.0,5.0,0.222,0.0,2.0,0.4,0.0,0.0,5.0,0.4,2.0,0.0,0.0,0.0,0.0,0.0,2.0,0.0,0.0,0.0,0.0,0.0,22.0,0.0,16.0,0.0,11.0,0.0,0.0,2.05,0.0,3.41,0.0,1.3,0.5,0.25,0.0,8.5,0.0,5.0,0.0,0.0,0.0,0.333,8.9,9.3,0.0,0.333,0.0,2.0,0.0,0.2,0.0,3.0,1.0,0.25,0.2,1.0,8.0,,,,,,,,,,,,,,,,,3.0,0.375,0.0,0.125,1.0,0.0,2.0,0.0,0.0,0.0,0.0,0.25,0.0,0.375,3.0,3.0,0.0,1.0,0.0,0.375,0.667,0.667,,2.0,2.0,0.0,1.0,1.0,1.0,1.25,1.0,1.0,0.125,0.125,2.0,0.25,1.0,2.0,1.0,0.0,1,0.0,,2,1.0,1,1.0,0.688,0.5,0.0,0.0,0.0,0.0,0.0,0.0,9.0,2016,20160425,,,DAL,1610612742,OKC,OKC_DAL_2016
202683,Enes Freedom,Enes,1610612760,OKC,24.0,1,1,0,1.0,12.368333333333334,2,4,0.5,0,1,0.0,1,1,1.0,0,0,0,1,0,0,0,0,2,1,5,0,6.5,0,0,6.0,1,1,1,1,45,36,42,17,26,31,26,30,36,1,33,51,53,26,37,23,23,1,25,32,36,25,50,6,1,50,0.0,65,131.8,2.0,24,0.0,138.1,0.0,26,0.125,38,64,0.154,36,33,-6.3,38,0.167,0.5,83.44,4.0,44,138.1,-18.0,20.0,37,10,0.0,-6.3,146.8,131.8,0.04,42,0.0,64,48,69.53,53,11,26,1,1,28,83.44,60,0.0,21,128.8,11,36,0.563,51,22,54,82.04,54,11.0,0.091,7.0,0.0,2.0,3.0,0.091,0.0,1.0,0.0,0.0,0.0,0.0,0.0,0.0,0.0,0.0,0.0,0.0,0.0,0.0,0.0,0.0,0.0,0.0,0.0,15.0,0.0,7.0,1.0,5.0,1.0,3.0,0.27,3.0,1.75,2.0,0.4,0.333,,,,,,,,,,,,,,,,,,,,,,,,,,,,,,,,,,,,,,,,,1.0,0.25,1.0,0.25,1.0,1.0,0.0,,1.0,0.0,1.0,0.0,1.0,,,,,,,,,,,,,,2.0,0.333,1.0,0.333,1.0,0.0,0.5,0.25,1.0,0.75,0.0,3.0,0.5,0.0,0,0.0,,0,,0,,0.5,0.333,0.0,1.0,0.0,1.0,3.0,3.0,2.0,2016,20160425,,,DAL,1610612742,OKC,OKC_DAL_2016
203460,Andre Roberson,Andre,1610612760,OKC,24.0,1,1,0,1.0,31.15,3,6,0.5,0,2,0.0,0,0,0.0,3,0,3,0,0,2,2,0,2,1,6,26,21.6,0,0,17.0,1,1,1,1,20,27,35,17,26,23,26,39,40,39,6,51,31,42,37,4,5,1,25,32,35,1,25,6,1,30,0.0,63,150.0,3.0,42,0.0,100.0,0.053,31,0.0,2,65,0.097,53,8,50.0,2,0.094,0.5,80.13,6.0,43,100.0,41.6,0.0,52,6,0.0,50.0,100.1,150.0,0.05,35,0.0,65,6,66.77,37,1,26,1,1,28,80.13,28,0.13,42,141.7,1,27,0.5,51,52,29,82.44,29,12.0,0.0,11.0,0.0,0.0,0.0,0.0,0.0,0.0,0.0,0.0,0.0,0.0,0.0,0.0,0.0,0.0,0.0,0.0,0.0,0.0,0.0,0.0,0.0,0.0,0.0,18.0,0.0,16.0,1.0,6.0,4.0,1.0,0.83,0.0,1.44,0.0,0.4,0.333,0.6,2.0,9.7,0.667,4.0,0.667,0.0,0.0,0.0,9.7,0.0,2.0,0.0,0.0,1.0,0.0,0.75,0.0,1.0,1.0,0.6,0.75,0.0,5.0,0.167,1.0,0.0,0.0,1.0,1.0,OKC,1.0,,0.0,1.0,1.0,1610612760.0,1.0,0.167,1.0,2.0,0.333,0.5,0.333,2.0,0.5,0.0,,1.0,0.0,0.5,0.0,1.0,,,,,,,,,,,,,,1.0,0.333,2.0,0.333,1.0,0.0,0.167,0.333,1.0,0.5,0.0,3.0,1.0,0.0,0,0.0,,0,,0,,0.5,0.0,0.0,0.0,0.0,1.0,0.0,4.0,0.0,2016,20160425,,,DAL,1610612742,OKC,OKC_DAL_2016
2555,Nick Collison,Nick,1610612760,OKC,35.0,1,1,0,1.0,10.485,1,1,1.0,0,0,0.0,1,2,0.5,0,1,1,1,0,1,0,0,5,1,3,-3,8.7,0,0,7.0,1,1,1,1,50,41,52,1,26,41,26,30,20,31,33,42,47,26,37,10,23,1,64,32,44,39,45,6,1,48,0.0,11,95.5,1.0,17,0.0,104.3,0.045,8,0.2,40,11,0.08,56,33,-8.9,40,0.077,1.0,103.0,1.0,51,104.3,-18.3,33.3,56,44,0.1,-8.9,111.5,95.5,0.0,52,0.0,11,49,85.84,43,41,4,1,1,28,103.0,42,0.0,8,93.3,41,41,0.798,33,22,33,100.81,33,6.0,0.167,5.0,1.0,4.0,2.0,0.333,0.0,2.0,0.0,0.0,0.0,0.0,0.0,0.0,0.0,0.0,0.0,0.0,0.0,0.0,0.0,0.0,0.0,0.0,0.0,8.0,0.0,5.0,1.0,3.0,1.0,0.0,0.25,0.0,1.17,0.0,0.2,0.375,0.2,0.0,0.0,0.0,4.0,0.0,0.0,0.0,1.0,6.7,6.7,0.0,1.0,0.0,1.0,0.0,0.0,0.0,1.0,0.0,0.2,0.0,1.0,5.0,,,,,,,,,,,,,,,,,,,,,,,,,,,,,,,,,,,,,,,,,,,1.0,1.0,0.0,1.0,1.0,0.0,1.0,0.0,1.0,1.0,,1.0,1.0,,0,,,0,,0,,1.0,1.0,0.0,0.0,0.0,0.0,0.0,0.0,2.0,2016,20160425,,,DAL,1610612742,OKC,OKC_DAL_2016
200751,Randy Foye,Randy,1610612760,OKC,32.0,1,1,0,1.0,10.35,0,1,0.0,0,0,0.0,2,2,1.0,0,4,4,4,0,0,0,0,0,1,2,-7,12.8,0,0,10.0,1,1,1,1,51,49,52,49,26,41,26,16,20,1,33,19,23,6,37,23,23,1,1,32,48,49,41,6,1,44,0.0,29,100.0,0.0,3,0.0,126.1,0.2,30,0.571,55,10,0.083,54,33,-26.1,55,0.081,0.0,104.35,1.0,9,126.1,-44.2,66.7,54,28,0.4,-26.1,148.6,100.0,0.212,52,0.0,10,61,86.96,5,31,49,1,1,28,104.35,61,0.0,4,104.4,31,49,0.532,1,22,49,94.14,49,16.0,0.25,13.0,0.0,10.0,5.0,0.25,0.0,4.0,0.0,0.0,0.0,1.0,0.0,0.0,1.0,0.0,0.0,0.0,0.0,0.0,0.0,0.0,0.0,1.0,0.0,17.0,0.0,2.0,0.0,2.0,0.0,0.0,6.06,0.0,6.11,0.0,1.7,0.118,1.0,0.0,0.0,0.0,0.0,0.5,0.0,0.5,1.0,4.4,4.4,2.0,1.0,0.0,2.0,2.0,0.0,0.0,4.0,0.0,1.0,0.0,2.0,4.0,,,,,,,,,,,,,,,,,1.0,1.0,0.0,1.0,1.0,0.0,0.0,,0.0,0.0,0.0,0.0,0.0,,,,,,,,,,,,,,,,,,,,,,,,,,,,0,,,0,0.0,1,0.0,0.0,0.0,0.0,0.0,0.0,0.0,0.0,0.0,0.0,2016,20160425,,,DAL,1610612742,OKC,OKC_DAL_2016
201566,Russell Westbrook,Russell,1610612760,OKC,27.0,1,1,0,1.0,38.465,13,23,0.565,3,8,0.375,7,8,0.875,3,9,12,9,3,1,0,0,1,4,36,24,63.9,1,0,62.0,1,1,1,1,4,1,3,15,3,3,16,3,3,22,6,2,3,3,4,10,23,1,14,9,1,2,1,1,1,1,7.8,47,142.9,13.0,6,3.0,107.0,0.164,12,0.429,4,56,0.361,4,10,35.8,4,0.351,0.63,87.98,23.0,3,107.0,32.8,23.1,4,7,0.231,35.8,105.7,142.9,0.29,3,7.7,56,8,73.31,7,7,14,43,44,3,87.98,36,0.088,17,138.5,7,1,0.679,8,70,37,89.92,37,45.0,0.2,60.0,0.0,20.0,12.0,0.178,0.0,8.0,0.059,2.0,3.0,17.0,0.176,1.0,0.176,0.75,0.118,0.625,5.0,3.0,8.0,4.0,11.0,3.0,0.647,80.0,0.0,18.0,0.0,36.0,1.0,2.0,7.23,0.0,7.12,0.0,9.5,0.45,0.48,2.0,19.7,0.667,9.0,0.333,4.0,0.222,0.563,9.5,6.1,4.0,0.643,2.0,8.0,2.0,0.333,2.0,16.0,1.0,0.571,0.429,7.0,25.0,0.087,0.0,0.0,0.0,0.0,0.0,OKC,2.0,,0.0,0.0,1.0,1610612760.0,2.0,0.087,0.0,10.0,0.435,0.8,0.435,10.0,0.8,0.0,,8.0,0.0,0.8,0.0,8.0,0.304,4.0,7.0,2.0,0.714,3.0,0.174,0.571,0.5,0.667,4.0,2.0,0.13,0.0,0.25,4.0,0.375,0.0,1.0,0.0,0.174,1.0,0.174,0.25,4.0,,3.0,8,7.0,0.429,19,0.571,14,0.679,0.63,0.0,0.0,0.0,0.0,0.0,0.0,2.0,0.0,2016,20160425,,,DAL,1610612742,OKC,OKC_DAL_2016
201586,Serge Ibaka,Serge,1610612760,OKC,26.0,1,1,0,1.0,29.828333333333333,0,4,0.0,0,1,0.0,2,2,1.0,0,3,3,0,0,2,1,0,4,1,2,14,14.6,0,0,11.0,1,1,1,1,23,49,42,49,26,31,26,16,20,1,33,24,31,42,37,4,8,1,52,32,48,8,35,6,1,42,0.0,59,138.9,0.0,42,0.0,113.0,0.059,50,0.0,9,60,0.081,55,33,25.9,9,0.08,0.0,86.9,4.0,57,113.0,31.1,0.0,55,5,0.107,25.9,110.6,138.9,-0.004,42,0.0,60,10,72.41,34,9,49,1,1,28,86.9,40,0.0,42,141.7,9,49,0.205,31,54,42,86.96,42,21.0,0.0,14.0,0.0,0.0,3.0,0.0,0.0,0.0,0.0,0.0,0.0,1.0,0.0,0.0,0.0,0.0,0.0,0.0,0.0,0.0,1.0,0.0,0.0,0.0,0.0,26.0,2.0,13.0,0.0,2.0,0.0,0.0,0.42,0.0,1.53,1.0,0.7,0.077,0.375,0.0,0.0,0.0,3.0,0.333,1.0,0.333,0.6,2.6,2.6,1.0,0.6,0.0,2.0,1.0,0.0,1.0,5.0,0.0,0.429,0.0,2.0,8.0,,,,,,,,,,,,,,,,,1.0,0.25,0.0,0.25,1.0,0.0,0.0,,0.0,0.0,0.0,0.0,0.0,0.5,0.0,2.0,0.0,0.0,2.0,0.0,0.0,,0.0,0.0,0.0,0.5,0.0,0.0,1.0,0.0,0.0,0.0,0.0,0.25,0.0,0.25,0.0,1.0,,0.0,0,0.0,,0,0.0,1,0.0,0.0,0.0,0.0,0.0,2.0,0.0,0.0,0.0,0.0,2016,20160425,,,DAL,1610612742,OKC,OKC_DAL_2016
203500,Steven Adams,Steven,1610612760,OKC,22.0,1,1,0,1.0,37.91666666666666,5,8,0.625,0,0,0.0,5,9,0.556,5,5,10,1,1,0,1,2,4,7,15,15,30.5,1,0,28.0,1,1,1,1,5,12,24,9,26,41,26,6,1,30,2,13,5,26,18,23,8,58,52,3,13,6,13,1,1,14,7.2,56,139.1,5.0,41,1.0,119.1,0.145,17,0.033,11,61,0.155,39,6,20.0,11,0.153,0.625,86.72,8.0,33,119.1,18.3,7.1,36,9,0.156,20.0,117.7,139.1,0.081,24,7.1,61,16,72.26,9,8,15,40,40,14,86.72,44,0.135,36,136.1,8,12,0.627,18,69,47,88.21,47,44.0,0.023,13.0,0.0,3.0,2.0,0.045,0.0,2.0,0.0,0.0,0.0,0.0,0.0,0.0,0.0,0.0,0.0,0.0,0.0,0.0,0.0,0.0,0.0,0.0,0.0,55.0,1.0,15.0,0.0,15.0,7.0,1.0,0.27,0.0,1.31,2.0,1.2,0.273,0.4,3.0,7.8,0.6,12.0,0.5,1.0,0.4,0.385,5.4,3.0,5.0,0.417,1.0,5.0,2.0,0.417,0.0,13.0,2.0,0.417,0.417,3.0,25.0,0.5,0.667,0.0,0.0,2.0,0.667,OKC,3.0,,0.0,2.0,1.0,1610612760.0,3.0,0.5,0.667,2.0,0.333,1.0,0.333,2.0,1.0,0.0,,2.0,0.0,1.0,0.0,2.0,0.167,0.0,1.0,1.0,1.0,1.0,0.0,1.0,,1.0,1.0,0.0,0.167,,,,,,,,,,,,,,,0,,,0,,0,,0.625,0.0,0.5,0.0,2.0,0.75,0.0,7.0,0.0,2016,20160425,,,DAL,1610612742,OKC,OKC_DAL_2016
201142,Kevin Durant,Kevin,1610612760,OKC,27.0,1,1,0,1.0,40.763333333333335,11,24,0.458,3,11,0.273,8,8,1.0,2,5,7,2,2,0,1,1,1,7,33,13,45.4,0,0,47.0,1,1,1,1,2,3,2,29,3,1,18,1,3,1,10,13,9,18,11,23,8,44,14,3,3,9,4,6,1,4,6.3,50,132.1,11.0,35,1.0,116.9,0.093,21,0.08,12,42,0.318,5,17,15.2,12,0.346,0.521,91.26,24.0,18,116.9,18.7,6.7,5,8,0.125,15.2,117.9,132.1,0.151,2,6.7,42,15,76.05,24,10,25,38,38,14,91.26,45,0.057,38,136.5,10,3,0.6,28,78,44,89.37,44,26.0,0.077,46.0,1.0,6.0,9.0,0.115,0.0,3.0,0.0,0.0,0.0,5.0,0.4,0.0,0.2,0.0,0.0,1.0,2.0,2.0,2.0,0.0,4.0,1.0,0.8,57.0,1.0,39.0,1.0,33.0,3.0,0.667,1.91,0.0,2.65,4.0,2.5,0.579,0.583,1.0,3.2,0.5,3.0,0.286,0.0,0.2,0.556,9.6,12.1,2.0,0.556,0.0,5.0,1.0,0.667,0.0,9.0,1.0,0.583,0.667,4.0,12.0,0.13,0.625,0.043,1.0,2.0,0.333,OKC,4.0,1.0,1.0,1.0,1.0,1610612760.0,3.0,0.174,0.5,9.0,0.391,0.667,0.261,6.0,0.444,3.0,0.0,4.0,0.0,0.444,0.13,4.0,0.304,5.0,7.0,2.0,0.5,2.0,0.217,0.429,0.2,1.0,3.0,1.0,0.087,1.0,0.667,2.0,0.833,1.0,1.0,0.043,0.087,2.0,0.13,0.5,3.0,1.0,1.0,3,5.0,0.2,7,0.375,8,0.438,0.521,0.286,0.333,0.0,4.0,0.5,0.0,2.0,6.0,2016,20160425,,,DAL,1610612742,OKC,OKC_DAL_2016
201627,Anthony Morrow,Anthony,1610612760,OKC,30.0,1,1,0,1.0,0.0516666666666666,0,0,0.0,0,0,0.0,0,0,0.0,0,0,0,0,0,0,0,0,0,0,0,0,0.0,0,0,0.0,1,1,1,1,65,49,59,49,26,41,26,39,40,39,33,51,53,42,37,23,23,1,1,50,53,25,60,6,1,60,0.0,1,0.0,0.0,42,0.0,0.0,0.0,53,0.0,25,1,0.0,59,33,0.0,25,0.0,0.0,464.52,0.0,51,0.0,0.0,0.0,59,65,0.0,0.0,0.0,0.0,0.0,59,0.0,1,31,387.1,53,65,49,1,1,28,464.52,1,0.0,42,0.0,65,49,0.0,51,1,1,464.52,1,0.0,0.0,0.0,,0.0,0.0,0.0,0.0,0.0,0.0,0.0,0.0,0.0,0.0,0.0,0.0,0.0,0.0,0.0,0.0,0.0,0.0,0.0,0.0,0.0,0.0,0.0,0.0,0.0,0.0,0.0,0.0,0.0,0.0,0.0,0.0,0.0,0.0,0.0,,,,,,,,,,,,,,,,,,,,,,,,,,,,,,,,,,,,,,,,,,,,,,,,,,,,,,,,,,,,,,,,,,,,,,,,,,,,,,,,,0,,,0,,0,,0.0,0.0,0.0,0.0,0.0,0.0,0.0,0.0,0.0,2016,20160425,,,DAL,1610612742,OKC,OKC_DAL_2016
