PLAYER_ID,PLAYER_NAME,NICKNAME,TEAM_ID,TEAM_ABBREVIATION,AGE,GP,W,L,W_PCT,MIN,FGM,FGA,FG_PCT,FG3M,FG3A,FG3_PCT,FTM,FTA,FT_PCT,OREB,DREB,REB,AST,TOV,STL,BLK,BLKA,PF,PFD,PTS,PLUS_MINUS,NBA_FANTASY_PTS,DD2,TD3,WNBA_FANTASY_PTS,GP_RANK,W_RANK,L_RANK,W_PCT_RANK,MIN_RANK,FGM_RANK,FGA_RANK,FG_PCT_RANK,FG3M_RANK,FG3A_RANK,FG3_PCT_RANK,FTM_RANK,FTA_RANK,FT_PCT_RANK,OREB_RANK,DREB_RANK,REB_RANK,AST_RANK,TOV_RANK,STL_RANK,BLK_RANK,BLKA_RANK,PF_RANK,PFD_RANK,PTS_RANK,PLUS_MINUS_RANK,NBA_FANTASY_PTS_RANK,DD2_RANK,TD3_RANK,WNBA_FANTASY_PTS_RANK,team_poss,USG_PCT_RANK,DREB_PCT_RANK,sp_work_NET_RATING_RANK,E_NET_RATING_RANK,AST_PCT,PACE_PER40,DEF_RATING_RANK,OREB_PCT,AST_RATIO_RANK,OFF_RATING_RANK,PACE_RANK,E_DEF_RATING,OFF_RATING,REB_PCT_RANK,FGA_PG,EFG_PCT_RANK,FGM_PG,PACE,sp_work_PACE,FGA_PG_RANK,E_TOV_PCT_RANK,DREB_PCT,E_NET_RATING,OREB_PCT_RANK,sp_work_PACE_RANK,sp_work_OFF_RATING_RANK,POSS,USG_PCT,E_USG_PCT,E_TOV_PCT,E_DEF_RATING_RANK,REB_PCT,PIE,TM_TOV_PCT,TS_PCT_RANK,E_OFF_RATING,sp_work_DEF_RATING,sp_work_OFF_RATING,PIE_RANK,AST_TO,FGM_PG_RANK,NET_RATING,E_PACE_RANK,EFG_PCT,AST_RATIO,NET_RATING_RANK,E_OFF_RATING_RANK,E_PACE,sp_work_DEF_RATING_RANK,AST_PCT_RANK,TS_PCT,AST_TO_RANK,DEF_RATING,E_USG_PCT_RANK,TM_TOV_PCT_RANK,sp_work_NET_RATING,AST_ADJ,POTENTIAL_AST,PASSES_RECEIVED,FT_AST,AST_TO_PASS_PCT,AST_PTS_CREATED,PASSES_MADE,SECONDARY_AST,AST_TO_PASS_PCT_ADJ,DRIVE_AST_PCT,DRIVE_PF_PCT,DRIVE_PASSES,DRIVE_PTS,DRIVE_PTS_PCT,DRIVE_FGM,DRIVE_PASSES_PCT,DRIVE_TOV,DRIVE_FT_PCT,DRIVES,DRIVE_AST,DRIVE_FTM,DRIVE_FG_PCT,DRIVE_PF,DRIVE_FGA,DRIVE_FTA,DRIVE_TOV_PCT,TIME_OF_POSS,POINTS,ELBOW_TOUCHES,AVG_SEC_PER_TOUCH,FRONT_CT_TOUCHES,PTS_PER_TOUCH,PTS_PER_ELBOW_TOUCH,POST_TOUCHES,PTS_PER_PAINT_TOUCH,AVG_DRIB_PER_TOUCH,PTS_PER_POST_TOUCH,TOUCHES,PAINT_TOUCHES,DREB_CHANCE_DEFER,AVG_OREB_DIST,DREB_CHANCE_PCT_ADJ,DREB_CHANCES,OREB_CHANCE_PCT,REB_CHANCE_DEFER,DREB_CONTEST,OREB_CONTEST,OREB_CHANCE_DEFER,DREB_CONTEST_PCT,OREB_CHANCE_PCT_ADJ,DREB_CHANCE_PCT,OREB_UNCONTEST,REB_CONTEST,AVG_REB_DIST,REB_CHANCE_PCT_ADJ,DREB_UNCONTEST,REB_CONTEST_PCT,REB_CHANCES,OREB_CHANCES,REB_CHANCE_PCT,OREB_CONTEST_PCT,REB_UNCONTEST,AVG_DREB_DIST,PLAYER_LAST_TEAM_ABBREVIATION,G,very_tight_FG3_PCT,very_tight_FG2A_FREQUENCY,very_tight_FGA,very_tight_FG3A,very_tight_FG2A,very_tight_FG2_PCT,very_tight_FG_PCT,very_tight_FG3A_FREQUENCY,very_tight_FG3M,very_tight_FG2M,very_tight_FGA_FREQUENCY,very_tight_FGM,very_tight_EFG_PCT,tight_FG3A_FREQUENCY,tight_FG3A,tight_FG3M,tight_FG2A_FREQUENCY,tight_FGA,tight_EFG_PCT,tight_FG2A,tight_FG2_PCT,tight_FG2M,tight_FG_PCT,tight_FGM,tight_FG3_PCT,tight_FGA_FREQUENCY,open_FG_PCT,open_FG2_PCT,open_FG2M,open_EFG_PCT,open_FGA,open_FG2A,open_FG2A_FREQUENCY,open_FGA_FREQUENCY,open_FGM,open_FG3M,open_FG3A,open_FG3_PCT,open_FG3A_FREQUENCY,wide_open_FG_PCT,wide_open_FGA,wide_open_FG2A,wide_open_FG3A,wide_open_FG3_PCT,wide_open_FG3M,wide_open_FG2A_FREQUENCY,wide_open_FG2M,wide_open_FG2_PCT,wide_open_EFG_PCT,wide_open_FGA_FREQUENCY,wide_open_FGM,wide_open_FG3A_FREQUENCY,PULL_UP_FG_PCT,PULL_UP_PTS,PULL_UP_FG3_PCT,PULL_UP_EFG_PCT,PULL_UP_FG3M,PULL_UP_FGM,PULL_UP_FG3A,PULL_UP_FGA,CATCH_SHOOT_FG_PCT,PAINT_TOUCH_FG_PCT,EFF_FG_PCT,ELBOW_TOUCH_FG_PCT,POST_TOUCH_FG_PCT,POST_TOUCH_PTS,PAINT_TOUCH_PTS,ELBOW_TOUCH_PTS,CATCH_SHOOT_PTS,RIGHT_CORNER_3_FG_PCT,ABOVE_BREAK_3_FGA,LEFT_CORNER_3_FG_PCT,ABOVE_BREAK_3_FGM,CORNER_3_FG_PCT,RA_FG_PCT,BACKCOURT_FG_PCT,BACKCOURT_FGA,ITP_FGA,MID_FGA,RIGHT_CORNER_3_FGM,RA_FGA,MID_FG_PCT,LEFT_CORNER_3_FGA,MID_FGM,ITP_FGM,RA_FGM,CORNER_3_FGA,ABOVE_BREAK_3_FG_PCT,ITP_FG_PCT,RIGHT_CORNER_3_FGA,BACKCOURT_FGM,CORNER_3_FGM,LEFT_CORNER_3_FGM,PLAYER_POSITION,FGA_LT_06,FGM_LT_06,PLUSMINUS,NS_LT_06_PCT,FREQ,LT_06_PCT,FGP_35_39,FGA_LT_5,FGA_30_34,FGM_25_29,FGM_15_19,FGA_25_29,FGP_LT_5,FGM_10_14,FGA_35_39,FGP_30_34,FGP_10_14,FGA_5_9,FGP_15_19,FGM_LT_5,FGM_20_24,FGA_15_19,FGA_20_24,FGP_40_PLUS,FGM_30_34,TEAM_ABBR,FGP_20_24,FGA_10_14,FGP_5_9,FGM_5_9,FGP_25_29,FGM_40_PLUS,FGA_40_PLUS,FGM_35_39,CATCH_SHOOT_FG3A,CATCH_SHOOT_FGA,CATCH_SHOOT_FG3M,CATCH_SHOOT_FGM,CATCH_SHOOT_FG3_PCT,CATCH_SHOOT_EFG_PCT,PCT_PLUSMINUS,D_FGM,NORMAL_FG_PCT,D_FGA,D_FG_PCT,three_pt_def_FG3M,three_pt_def_NS_FG3_PCT,three_pt_def_PLUSMINUS,three_pt_def_FREQ,three_pt_def_FG3_PCT,three_pt_def_FG3A,two_pt_def_FG2M,two_pt_def_NS_FG2_PCT,two_pt_def_FREQ,two_pt_def_FG2A,two_pt_def_FG2_PCT,two_pt_def_PLUSMINUS,less_6ft_def_LT_06_PCT,less_6ft_def_FREQ,less_6ft_def_NS_LT_06_PCT,less_6ft_def_PLUSMINUS,less_6ft_def_FGM_LT_06,less_6ft_def_FGA_LT_06,less_10ft_def_FREQ,less_10ft_def_LT_10_PCT,less_10ft_def_FGM_LT_10,less_10ft_def_PLUSMINUS,less_10ft_def_FGA_LT_10,less_10ft_def_NS_LT_10_PCT,more_15ft_def_DREB_CHANCE_DEFER,more_15ft_def_OREB_CHANCE_PCT,more_15ft_def_OREB_CONTEST,more_15ft_def_REB_CONTEST_PCT,more_15ft_def_REB,more_15ft_def_AVG_DREB_DIST,more_15ft_def_REB_CHANCE_DEFER,more_15ft_def_OREB_CONTEST_PCT,more_15ft_def_DREB,more_15ft_def_REB_CHANCE_PCT,more_15ft_def_DREB_CHANCES,more_15ft_def_OREB_CHANCE_DEFER,more_15ft_def_REB_CHANCES,more_15ft_def_OREB_UNCONTEST,more_15ft_def_AVG_OREB_DIST,more_15ft_def_OREB,more_15ft_def_REB_CHANCE_PCT_ADJ,more_15ft_def_REB_CONTEST,more_15ft_def_DREB_CONTEST,more_15ft_def_DREB_CONTEST_PCT,more_15ft_def_DREB_CHANCE_PCT_ADJ,more_15ft_def_OREB_CHANCES,more_15ft_def_TEAM_ABBREVIATION,more_15ft_def_DREB_UNCONTEST,more_15ft_def_DREB_CHANCE_PCT,more_15ft_def_REB_UNCONTEST,more_15ft_def_AVG_REB_DIST,more_15ft_def_OREB_CHANCE_PCT_ADJ,hustle_CHARGES_DRAWN,hustle_BOX_OUT_PLAYER_REBS,hustle_CONTESTED_SHOTS,hustle_TEAM_ABBREVIATION,hustle_BOX_OUTS,hustle_PCT_LOOSE_BALLS_RECOVERED_OFF,hustle_DEF_BOXOUTS,hustle_DEFLECTIONS,hustle_PCT_BOX_OUTS_OFF,hustle_PCT_BOX_OUTS_DEF,hustle_SCREEN_ASSISTS,hustle_PCT_BOX_OUTS_TEAM_REB,hustle_DEF_LOOSE_BALLS_RECOVERED,hustle_BOX_OUT_PLAYER_TEAM_REBS,hustle_OFF_BOXOUTS,hustle_SCREEN_AST_PTS,hustle_OFF_LOOSE_BALLS_RECOVERED,hustle_PCT_BOX_OUTS_REB,hustle_PCT_LOOSE_BALLS_RECOVERED_DEF,hustle_CONTESTED_SHOTS_2PT,hustle_CONTESTED_SHOTS_3PT,hustle_LOOSE_BALLS_RECOVERED,post_touch_POST_TOUCH_FTA,post_touch_TEAM_ABBREVIATION,post_touch_POST_TOUCH_FOULS,post_touch_POST_TOUCH_PASSES,post_touch_POST_TOUCH_FTM,post_touch_POST_TOUCH_FG_PCT,post_touch_POST_TOUCHES,post_touch_POST_TOUCH_FT_PCT,post_touch_POST_TOUCH_AST_PCT,post_touch_POST_TOUCH_TOV_PCT,post_touch_POST_TOUCH_AST,post_touch_POST_TOUCH_FGA,post_touch_TOUCHES,post_touch_POST_TOUCH_PTS_PCT,post_touch_POST_TOUCH_PASSES_PCT,post_touch_POST_TOUCH_FOULS_PCT,post_touch_POST_TOUCH_FGM,post_touch_POST_TOUCH_PTS,post_touch_POST_TOUCH_TOV,AVG_SPEED_DEF,DIST_FEET,DIST_MILES,DIST_MILES_DEF,DIST_MILES_OFF,AVG_SPEED,MIN1,AVG_SPEED_OFF,year,date,playoffs,GAME_ID
1631260,AJ Green,AJ,1610612749,MIL,25.0,1,0,1,0.0,12.383333333333333,0,2,0.0,0,1,0.0,0,0,0.0,0,2,2,1,0,0,0,0,1,0,0,3,3.9,0,0,3.0,1,30,30,30,46,49,48,49,34,41,34,30,32,30,33,31,35,26,39,21,22,1,8,44,49,25,50,9,1,50,97,51,26,12,21,0.077,90.44,16,0.0,6,27,9,99.3,111.1,35,2.0,49,0.0,108.53,108.53,48,1,0.111,10.5,33,9,27,27,0.069,0.068,0.0,24,0.063,0.0,0.0,49,109.8,93.1,111.1,47,0.0,49,18.0,11,0.0,33.3,12,27,105.66,16,29,0.0,30,93.1,52,1,18.0,1,0,7,0.0,0.091,2,11,0,0.091,0.0,0.0,0,0,0.0,0,0.0,0,0.0,1,0,0,0.0,0,1,0,0.0,0.5,0,0,2.36,6,0.0,0.0,0,0.0,1.54,0.0,13,0,0.0,0.0,0.5,4.0,0.0,0.0,1.0,0.0,0.0,0.5,0.0,0.5,0.0,1.0,7.9,0.5,1.0,0.5,4.0,0.0,0.5,0.0,1.0,7.9,,,,,,,,,,,,,,,,0.5,1.0,0.0,0.5,2.0,0.0,1.0,0.0,0.0,0.0,0.0,0.0,1.0,,,,,,,,,,,,,,,,,,,,,,,,,,,0.0,0,,0.0,0.0,0,0.0,1,0.0,0.0,0.0,0.0,0.0,0,0,0,0,0.0,1.0,0.0,0.0,0.0,0.0,0.0,0.0,0.0,1.0,0.0,0.0,0.0,0.0,0.0,0.0,0.0,0.0,0.0,0.0,0.0,0.0,0.0,0.0,G,7.0,5.0,0.024,0.69,0.412,0.714,,0.0,0.0,0.0,0.0,1.0,0.0,0.0,,0.0,0.0,0.0,0.0,0.0,0.0,0.0,0.0,0.0,0.0,MIL,0.0,1.0,0.0,0.0,0.0,0.0,0.0,,1.0,1,0.0,0,0.0,0.0,-0.066,3.0,0.495,7.0,0.429,1.0,0.373,0.127,0.286,0.5,2.0,2.0,0.553,0.714,5.0,0.4,-0.153,0.333,0.429,0.639,-0.306,1.0,3.0,0.571,0.5,2.0,-0.106,4.0,0.606,0.0,0.0,0.0,0.5,2.0,7.9,0.0,0.0,2.0,0.5,4.0,0.0,4.0,0.0,0.0,0.0,0.5,1.0,1.0,0.5,0.5,0.0,MIL,1.0,0.5,1.0,7.9,0.0,0.0,0.0,1.0,MIL,0.0,0.0,0.0,0.0,0.0,0.0,1.0,0.0,0.0,0.0,0.0,2.0,0.0,0.0,0.0,0.0,1.0,0.0,0.0,MIL,0.0,0.0,0.0,0.0,0.0,0.0,0.0,0.0,0.0,0.0,13.0,0.0,0.0,0.0,0.0,0.0,0.0,3.98,5334.0,1.01,0.49,0.52,4.57,12.38,5.39,2025,20250422,True,42400132
1630174,Aaron Nesmith,Aaron,1610612754,IND,25.0,1,1,0,1.0,30.883333333333333,5,9,0.556,4,5,0.8,2,2,1.0,0,2,2,2,1,1,0,2,4,1,16,10,23.4,0,0,26.0,1,1,1,1,26,18,25,10,2,16,1,15,17,1,33,31,35,22,20,10,22,52,48,29,16,6,23,9,1,17,100,32,36,23,15,0.077,78.36,46,0.0,28,5,41,122.8,135.5,45,9.0,3,5.0,94.03,94.03,25,30,0.08,16.3,33,41,5,62,0.162,0.169,7.8,45,0.042,0.076,7.7,3,139.1,125.4,135.5,27,2.0,18,10.1,42,0.778,15.4,23,3,93.78,46,29,0.81,13,125.4,30,30,10.1,3,2,29,0.0,0.061,4,33,1,0.091,0.25,0.0,1,0,0.0,0,0.25,0,0.0,4,1,0,0.0,0,3,0,0.0,1.1,16,0,1.53,27,0.372,0.0,0,0.0,0.77,0.0,43,0,1.0,0.0,0.667,4.0,0.0,2.0,0.0,0.0,1.0,0.0,0.0,0.5,0.0,0.0,5.3,0.333,2.0,0.0,8.0,4.0,0.25,0.0,2.0,5.3,,,,,,,,,,,,,,,,0.0,0.0,0.0,0.444,4.0,0.25,4.0,0.25,1.0,0.25,1.0,,0.444,1.0,,0.0,1.5,1.0,0.0,0.0,0.111,1.0,1.0,1.0,1.0,0.111,0.75,4.0,0.0,4.0,0.75,3.0,0.0,0.0,,1.125,0.444,3.0,0.444,,0,,,0.0,0,0.0,0,0.8,0.0,0.778,0.0,0.0,0,0,0,12,0.5,3.0,0.0,3.0,0.5,0.0,0.0,0.0,2.0,0.0,1.0,2.0,0.0,0.0,0.0,1.0,0.0,2.0,1.0,0.5,2.0,0.0,1.0,0.0,G-F,7.0,6.0,0.167,0.691,0.438,0.857,0.0,2.0,0.0,1.0,0.0,1.0,0.0,0.0,0.0,0.0,0.0,2.0,0.0,0.0,3.0,0.0,4.0,0.0,0.0,IND,0.75,0.0,0.5,1.0,1.0,0.0,0.0,0.0,5.0,5,4.0,4,0.8,1.2,0.361,9.0,0.539,10.0,0.9,2.0,0.391,0.61,0.2,1.0,2.0,7.0,0.595,0.8,8.0,0.875,0.281,0.8,0.5,0.68,0.12,4.0,5.0,0.8,0.875,7.0,0.217,8.0,0.658,1.0,0.0,0.0,0.0,2.0,5.3,2.0,0.0,2.0,0.25,4.0,1.0,8.0,0.0,0.0,0.0,0.333,0.0,0.0,0.0,0.667,4.0,IND,2.0,0.5,2.0,5.3,0.0,0.0,0.0,5.0,IND,2.0,0.0,2.0,1.0,0.0,1.0,1.0,1.0,0.0,1.0,0.0,2.0,0.0,0.0,0.0,2.0,3.0,0.0,0.0,IND,0.0,0.0,0.0,0.0,0.0,0.0,0.0,0.0,0.0,0.0,43.0,0.0,0.0,0.0,0.0,0.0,0.0,4.28,13168.0,2.49,1.12,1.37,4.52,30.88,4.73,2025,20250422,True,42400132
1629614,Andrew Nembhard,Andrew,1610612754,IND,25.0,1,1,0,1.0,34.08166666666666,6,10,0.6,3,5,0.6,2,2,1.0,0,3,3,6,1,0,0,0,3,4,17,10,28.6,0,0,29.0,1,1,1,1,18,15,20,6,3,16,4,15,17,1,33,21,29,6,20,21,22,1,40,9,15,6,16,9,1,16,100,31,29,22,19,0.214,79.81,45,0.0,6,4,38,125.1,136.2,40,10.0,4,6.0,95.77,95.77,20,25,0.1,12.6,33,38,4,69,0.162,0.167,5.6,48,0.055,0.103,5.6,4,137.7,125.4,136.2,22,6.0,15,10.9,40,0.75,33.3,22,4,95.38,45,14,0.781,1,125.4,31,25,10.9,6,8,54,0.0,0.13,13,46,0,0.13,0.182,0.0,3,9,0.818,4,0.273,1,0.0,11,2,0,0.667,0,6,0,0.091,4.6,17,0,4.37,40,0.27,0.0,0,0.0,4.1,0.0,63,0,0.0,0.0,0.5,6.0,0.0,0.0,0.0,0.0,0.0,0.0,0.0,0.5,0.0,0.0,7.5,0.429,3.0,0.0,7.0,1.0,0.429,0.0,3.0,7.5,,,,,,,,,,,,,,,,0.0,0.0,0.0,0.2,2.0,1.0,2.0,1.0,2.0,1.0,2.0,,0.2,0.5,0.333,1.0,0.625,4.0,3.0,0.3,0.4,2.0,1.0,1.0,1.0,0.1,0.5,4.0,0.0,4.0,0.5,2.0,0.0,0.0,,0.75,0.4,2.0,0.4,0.625,12,0.667,0.75,2.0,5,3.0,8,0.5,0.0,0.75,0.0,0.0,0,0,0,3,0.0,4.0,1.0,2.0,1.0,0.0,0.0,0.0,2.0,3.0,0.0,0.0,0.667,1.0,2.0,1.0,0.0,1.0,0.5,0.5,0.0,0.0,1.0,1.0,G-F,7.0,5.0,0.053,0.662,0.304,0.714,0.0,0.0,0.0,2.0,1.0,4.0,0.0,2.0,0.0,0.0,0.667,0.0,0.5,0.0,1.0,2.0,1.0,0.0,0.0,IND,1.0,3.0,0.0,0.0,0.5,0.0,0.0,0.0,2.0,2,1.0,1,0.5,0.75,-0.005,6.0,0.467,13.0,0.462,1.0,0.35,-0.183,0.462,0.167,6.0,5.0,0.543,0.538,7.0,0.714,0.171,1.0,0.231,0.644,0.356,3.0,3.0,0.308,1.0,4.0,0.375,4.0,0.625,0.0,0.0,0.0,0.0,3.0,7.5,0.0,0.0,3.0,0.429,6.0,0.0,7.0,0.0,0.0,0.0,0.429,0.0,0.0,0.0,0.5,1.0,IND,3.0,0.5,3.0,7.5,0.0,0.0,0.0,4.0,IND,0.0,1.0,0.0,2.0,0.0,0.0,1.0,0.0,0.0,0.0,0.0,3.0,1.0,0.0,0.0,2.0,2.0,1.0,0.0,IND,0.0,0.0,0.0,0.0,0.0,0.0,0.0,0.0,0.0,0.0,63.0,0.0,0.0,0.0,0.0,0.0,0.0,4.14,13754.0,2.6,1.24,1.36,4.28,34.08,4.41,2025,20250422,True,42400132
1631097,Bennedict Mathurin,Bennedict,1610612754,IND,22.0,1,1,0,1.0,17.116666666666667,4,10,0.4,1,4,0.25,5,5,1.0,0,1,1,1,0,0,0,0,1,2,14,-2,16.7,0,0,17.0,1,1,1,1,40,21,20,33,23,21,28,5,7,1,33,38,45,26,39,21,22,1,8,15,19,34,33,9,1,29,100,15,46,41,35,0.111,91.14,33,0.0,34,40,7,104.9,97.5,52,10.0,31,4.0,109.37,109.37,20,1,0.045,-4.8,33,7,40,40,0.239,0.291,0.0,32,0.022,0.136,0.0,22,100.1,107.9,97.5,12,0.0,21,-10.4,6,0.45,8.3,41,35,109.42,33,26,0.574,30,107.9,9,1,-10.4,1,2,19,0.0,0.077,3,13,0,0.077,0.0,0.333,0,2,0.667,0,0.0,0,1.0,3,0,2,0.0,1,2,2,0.0,1.0,14,0,2.4,17,0.583,0.0,1,2.0,1.58,2.0,24,2,1.0,0.0,1.0,2.0,0.0,1.0,0.0,0.0,0.0,0.0,0.0,0.5,0.0,0.0,7.1,0.5,1.0,0.0,3.0,2.0,0.333,0.0,1.0,7.1,,,,,,,,,,,,,,,,0.0,0.0,0.0,0.5,5.0,0.6,5.0,0.6,3.0,0.6,3.0,,0.5,0.333,,0.0,0.5,3.0,0.0,0.0,0.3,1.0,1.0,3.0,0.333,0.3,0.0,2.0,1.0,1.0,0.0,0.0,0.1,0.0,0.0,0.0,0.2,0.0,0.1,0.5,3,0.5,0.75,1.0,1,2.0,2,0.0,1.0,0.45,0.0,1.0,2,4,0,0,0.0,3.0,0.0,1.0,0.0,0.667,0.0,0.0,2.0,1.0,0.0,3.0,0.0,0.0,0.0,1.0,2.0,1.0,0.333,0.5,1.0,0.0,0.0,0.0,G-F,9.0,5.0,-0.055,0.611,0.6,0.556,0.0,4.0,0.0,1.0,0.0,3.0,0.5,0.0,0.0,0.0,0.0,2.0,0.0,2.0,0.0,0.0,1.0,0.0,0.0,IND,0.0,0.0,0.5,1.0,0.333,0.0,0.0,0.0,2.0,2,0.0,0,0.0,0.0,-0.115,3.0,0.49,8.0,0.375,0.0,0.302,-0.302,0.125,0.0,1.0,3.0,0.537,0.875,7.0,0.429,-0.109,0.5,0.75,0.63,-0.13,3.0,6.0,0.75,0.5,3.0,-0.1,6.0,0.6,1.0,0.0,0.0,0.0,1.0,7.1,1.0,0.0,1.0,0.333,2.0,0.0,3.0,0.0,0.0,0.0,0.5,0.0,0.0,0.0,1.0,2.0,IND,1.0,0.5,1.0,7.1,0.0,0.0,0.0,2.0,IND,0.0,0.0,0.0,1.0,0.0,0.0,0.0,0.0,1.0,0.0,0.0,0.0,0.0,0.0,1.0,2.0,0.0,1.0,0.0,IND,0.0,0.0,0.0,1.0,1.0,0.0,0.0,0.0,0.0,1.0,24.0,2.0,0.0,0.0,1.0,2.0,0.0,4.39,7209.0,1.37,0.62,0.74,4.61,17.12,4.2,2025,20250422,True,42400132
1626171,Bobby Portis,Bobby,1610612749,MIL,30.0,1,0,1,0.0,31.85,11,19,0.579,6,11,0.545,0,1,0.0,1,11,12,1,0,0,1,1,2,2,28,1,46.9,1,0,49.0,1,30,30,30,22,2,6,9,1,1,5,30,29,30,17,1,2,26,39,21,5,35,27,15,3,31,7,1,1,3,97,11,2,30,32,0.05,82.89,38,0.029,40,17,30,115.4,120.0,2,19.0,7,11.0,99.47,99.47,6,1,0.314,2.3,28,30,17,65,0.253,0.258,0.0,37,0.174,0.214,0.0,7,117.7,114.9,120.0,4,0.0,2,5.1,26,0.737,5.0,30,18,100.22,38,34,0.72,30,114.9,13,1,5.1,1,1,35,0.0,0.027,3,37,0,0.027,0.0,0.0,0,2,1.0,1,0.0,0,0.0,2,0,0,0.5,0,2,0,0.0,1.3,28,0,1.41,35,0.491,0.0,1,0.667,0.63,2.0,57,3,0.0,2.4,0.786,14.0,0.333,1.0,1.0,0.0,1.0,0.091,0.5,0.786,1.0,1.0,5.9,0.75,10.0,0.083,17.0,3.0,0.706,0.0,11.0,6.2,MIL,1.0,,0.053,1.0,0.0,1.0,0.0,0.0,0.0,0.0,0.0,0.053,0.0,0.0,0.0,0.0,0.0,0.053,1.0,1.0,1.0,1.0,1.0,1.0,1.0,,0.053,0.625,0.667,4.0,0.688,8.0,6.0,0.316,0.421,5.0,1.0,2.0,0.5,0.105,0.556,9.0,0.0,9.0,0.556,5.0,0.0,0.0,,0.833,0.474,5.0,0.474,1.0,4,,1.0,0.0,2,0.0,2,0.545,0.333,0.737,0.0,1.0,2,2,0,18,0.5,7.0,0.5,4.0,0.5,0.667,0.0,0.0,2.0,3.0,1.0,3.0,1.0,2.0,3.0,0.0,2.0,4.0,0.571,0.0,2.0,0.0,2.0,1.0,F,5.0,2.0,-0.276,0.676,0.217,0.4,0.0,3.0,0.0,4.0,1.0,7.0,0.667,2.0,0.0,0.0,1.0,2.0,1.0,2.0,2.0,1.0,4.0,0.0,0.0,MIL,0.5,2.0,0.0,0.0,0.571,0.0,0.0,0.0,11.0,11,6.0,6,0.545,0.818,-0.134,4.0,0.498,11.0,0.364,1.0,0.381,-0.181,0.455,0.2,5.0,3.0,0.571,0.545,6.0,0.5,-0.071,0.333,0.273,0.71,-0.377,1.0,3.0,0.364,0.5,2.0,-0.142,4.0,0.642,0.0,0.333,0.0,0.083,12.0,6.2,1.0,0.0,11.0,0.706,14.0,1.0,17.0,1.0,2.4,1.0,0.75,1.0,1.0,0.091,0.786,3.0,MIL,10.0,0.786,11.0,5.9,0.5,0.0,0.0,4.0,MIL,0.0,0.0,0.0,2.0,0.0,0.0,2.0,0.0,1.0,0.0,0.0,4.0,0.0,0.0,1.0,3.0,1.0,1.0,0.0,MIL,0.0,0.0,0.0,1.0,1.0,0.0,0.0,0.0,0.0,1.0,57.0,2.0,0.0,0.0,1.0,2.0,0.0,4.08,12886.0,2.44,1.25,1.19,4.24,31.85,4.83,2025,20250422,True,42400132
201572,Brook Lopez,Brook,1610612749,MIL,37.0,1,0,1,0.0,16.15,3,6,0.5,2,4,0.5,0,0,0.0,1,0,1,1,1,0,4,0,2,1,8,-9,21.7,0,0,20.0,1,30,30,30,43,28,32,13,8,21,6,30,32,30,17,52,45,26,20,21,2,1,27,29,28,46,25,9,1,23,97,23,52,49,52,0.1,82.97,55,0.077,32,25,29,140.9,112.1,45,6.0,9,3.0,99.57,99.57,32,39,0.0,-29.1,11,29,25,33,0.189,0.194,12.5,56,0.042,0.066,12.5,10,111.9,135.3,112.1,33,1.0,28,-23.2,35,0.667,12.5,49,24,97.66,55,27,0.667,20,135.3,24,39,-23.2,1,0,19,0.0,0.067,2,15,0,0.067,0.0,0.0,1,0,0.0,0,0.5,0,0.0,2,0,0,0.0,0,1,0,0.0,0.7,8,1,1.95,18,0.348,2.0,0,0.667,0.74,0.0,23,3,0.0,3.5,0.0,2.0,0.333,0.0,0.0,0.0,0.0,0.0,0.333,0.0,1.0,0.0,3.5,0.2,0.0,0.0,5.0,3.0,0.2,0.0,1.0,0.0,,,,,,,,,,,,,,,,,,,,,,,,,,,,,0.25,0.5,1.0,0.25,4.0,2.0,0.333,0.667,1.0,0.0,2.0,0.0,0.333,1.0,2.0,0.0,2.0,1.0,2.0,0.0,0.0,,1.5,0.333,2.0,0.333,,0,,,0.0,0,0.0,0,0.5,1.0,0.667,1.0,0.0,0,2,2,6,0.0,4.0,0.0,2.0,0.0,1.0,,,1.0,0.0,0.0,1.0,0.0,0.0,0.0,0.0,1.0,0.0,0.5,0.0,0.0,,0.0,0.0,C,9.0,8.0,0.211,0.678,0.346,0.889,0.0,2.0,1.0,2.0,0.0,3.0,0.5,0.0,0.0,0.0,0.0,0.0,0.0,1.0,0.0,0.0,0.0,,0.0,MIL,0.0,0.0,0.0,0.0,0.667,,,0.0,4.0,4,2.0,2,0.5,0.75,0.181,8.0,0.486,12.0,0.667,1.0,0.374,-0.04,0.25,0.333,3.0,7.0,0.574,0.75,9.0,0.778,0.204,0.8,0.417,0.692,0.108,4.0,5.0,0.5,0.833,5.0,0.193,6.0,0.64,0.0,0.333,0.0,0.0,1.0,0.0,0.0,0.0,0.0,0.2,2.0,0.0,5.0,1.0,3.5,1.0,0.2,0.0,0.0,0.0,0.0,3.0,MIL,0.0,0.0,1.0,3.5,0.333,0.0,0.0,12.0,MIL,0.0,1.0,0.0,0.0,0.0,0.0,2.0,0.0,0.0,0.0,0.0,4.0,1.0,0.0,0.0,11.0,1.0,1.0,0.0,MIL,0.0,0.0,0.0,0.0,0.0,0.0,0.0,0.0,0.0,0.0,23.0,0.0,0.0,0.0,0.0,0.0,0.0,4.16,6054.0,1.15,0.58,0.57,3.8,16.15,4.13,2025,20250422,True,42400132
203081,Damian Lillard,Damian,1610612749,MIL,34.0,1,0,1,0.0,36.96666666666667,4,13,0.308,2,8,0.25,4,5,0.8,0,3,3,7,2,0,0,0,4,5,14,-7,26.1,0,0,26.0,1,30,30,30,12,21,16,43,8,4,28,7,7,22,33,21,29,3,7,21,22,1,48,5,19,42,19,9,1,17,97,21,28,34,38,0.233,80.61,50,0.0,9,10,35,133.5,126.0,44,13.0,42,4.0,96.74,96.74,16,32,0.103,-10.9,33,35,10,73,0.198,0.2,8.3,53,0.048,0.044,8.3,36,122.6,130.3,126.0,41,3.5,21,-4.2,37,0.385,29.2,34,11,96.87,50,11,0.461,7,130.3,22,32,-4.2,8,10,57,0.0,0.146,18,48,1,0.167,0.143,0.0,4,2,0.286,1,0.571,0,0.0,7,1,0,0.333,0,3,0,0.0,4.5,14,0,4.0,33,0.206,0.0,0,0.0,3.37,0.0,68,0,0.0,0.0,0.6,5.0,0.0,0.0,1.0,0.0,0.0,0.333,0.0,0.6,0.0,1.0,6.2,0.6,2.0,0.333,5.0,0.0,0.6,0.0,2.0,6.2,,,,,,,,,,,,,,,,0.154,2.0,0.0,0.154,4.0,0.0,2.0,0.0,0.0,0.0,0.0,0.0,0.308,0.5,0.667,2.0,0.625,8.0,3.0,0.231,0.615,4.0,2.0,5.0,0.4,0.385,0.0,1.0,0.0,1.0,0.0,0.0,0.0,0.0,,0.0,0.077,0.0,0.077,0.222,5,0.2,0.278,1.0,2,5.0,9,0.333,0.0,0.385,0.0,0.0,0,0,0,3,0.0,8.0,0.0,2.0,0.0,0.0,0.0,0.0,2.0,3.0,0.0,0.0,0.333,0.0,1.0,1.0,0.0,0.0,0.25,0.5,0.0,0.0,0.0,0.0,G,5.0,3.0,-0.107,0.707,0.417,0.6,0.0,1.0,2.0,1.0,0.0,6.0,1.0,0.0,0.0,0.5,0.0,0.0,0.0,1.0,1.0,1.0,1.0,0.0,1.0,MIL,1.0,2.0,0.0,0.0,0.167,0.0,0.0,0.0,3.0,3,1.0,1,0.333,0.5,0.266,9.0,0.485,12.0,0.75,4.0,0.364,0.636,0.333,1.0,4.0,5.0,0.589,0.667,8.0,0.625,0.036,0.6,0.417,0.707,-0.107,3.0,5.0,0.417,0.6,3.0,-0.056,5.0,0.656,0.0,0.0,0.0,0.333,3.0,6.2,0.0,0.0,3.0,0.6,5.0,0.0,5.0,0.0,0.0,0.0,0.6,1.0,1.0,0.333,0.6,0.0,MIL,2.0,0.6,2.0,6.2,0.0,0.0,0.0,5.0,MIL,0.0,1.0,0.0,0.0,0.0,0.0,0.0,0.0,0.0,0.0,0.0,0.0,1.0,0.0,0.0,1.0,4.0,1.0,0.0,MIL,0.0,0.0,0.0,0.0,0.0,0.0,0.0,0.0,0.0,0.0,68.0,0.0,0.0,0.0,0.0,0.0,0.0,3.47,13853.0,2.62,1.23,1.4,3.93,36.97,4.46,2025,20250422,True,42400132
1629018,Gary Trent Jr.,Gary,1610612749,MIL,26.0,1,0,1,0.0,29.516666666666666,1,4,0.25,1,3,0.333,1,1,1.0,0,1,1,1,1,1,0,0,2,0,4,-1,8.7,0,0,9.0,1,30,30,30,27,43,39,45,23,25,16,28,29,1,33,38,45,26,20,10,22,1,27,44,41,32,44,9,1,43,97,48,51,29,30,0.036,82.67,39,0.0,25,16,32,116.4,122.0,54,4.0,43,1.0,99.2,99.2,39,44,0.03,2.8,33,32,16,59,0.072,0.078,15.5,40,0.015,0.008,16.7,38,119.2,115.9,122.0,46,1.0,43,6.2,28,0.375,16.7,29,16,100.11,39,40,0.45,20,115.9,48,44,6.2,2,3,10,1.0,0.125,3,8,0,0.25,0.0,0.0,0,0,0.0,0,0.0,0,0.0,0,0,0,0.0,0,0,0,0.0,0.4,4,0,1.63,9,0.286,0.0,0,0.0,0.71,0.0,14,0,0.0,0.0,0.333,3.0,0.0,0.0,0.0,0.0,0.0,0.0,0.0,0.333,0.0,0.0,4.9,0.333,1.0,0.0,3.0,0.0,0.333,0.0,1.0,4.9,,,,,,,,,,,,,,,,,,,,,,,,,,,,,0.0,0.0,0.0,0.0,1.0,1.0,0.25,0.25,0.0,0.0,0.0,,0.0,0.333,3.0,0.0,3.0,0.333,1.0,0.0,0.0,,0.5,0.75,1.0,0.75,0.0,0,,0.0,0.0,0,0.0,1,0.333,0.0,0.375,0.0,0.0,0,0,0,3,0.0,3.0,0.0,1.0,0.0,0.0,0.0,0.0,0.0,1.0,0.0,0.0,0.0,0.0,0.0,0.0,0.0,0.0,0.333,0.0,0.0,0.0,0.0,0.0,G,5.0,5.0,0.367,0.633,0.357,1.0,0.0,0.0,0.0,1.0,0.0,3.0,0.0,0.0,0.0,0.0,0.0,0.0,0.0,0.0,0.0,1.0,0.0,0.0,0.0,MIL,0.0,0.0,0.0,0.0,0.333,0.0,0.0,0.0,3.0,3,1.0,1,0.333,0.5,0.275,6.0,0.475,8.0,0.75,2.0,0.381,0.119,0.5,0.5,4.0,4.0,0.534,0.5,4.0,1.0,0.466,1.0,0.5,0.639,0.361,4.0,4.0,0.5,1.0,4.0,0.412,4.0,0.588,0.0,0.0,0.0,0.0,1.0,4.9,0.0,0.0,1.0,0.333,3.0,0.0,3.0,0.0,0.0,0.0,0.333,0.0,0.0,0.0,0.333,0.0,MIL,1.0,0.333,1.0,4.9,0.0,0.0,0.0,1.0,MIL,1.0,0.0,1.0,0.0,0.0,1.0,0.0,1.0,0.0,1.0,0.0,0.0,0.0,0.0,0.0,1.0,0.0,0.0,0.0,MIL,0.0,0.0,0.0,0.0,0.0,0.0,0.0,0.0,0.0,0.0,14.0,0.0,0.0,0.0,0.0,0.0,0.0,3.7,11217.0,2.12,1.15,0.98,4.0,29.52,4.4,2025,20250422,True,42400132
203507,Giannis Antetokounmpo,Giannis,1610612749,MIL,30.0,1,0,1,0.0,39.61666666666667,14,20,0.7,0,0,0.0,6,10,0.6,7,11,18,7,4,0,1,1,2,8,34,-11,65.1,1,0,61.0,1,30,30,30,5,1,4,3,34,46,34,3,2,27,1,1,1,3,2,21,5,35,27,1,1,49,1,1,1,1,97,5,1,39,43,0.318,80.27,53,0.184,19,14,37,136.1,123.1,1,20.0,8,14.0,96.32,96.32,4,38,0.344,-16.2,2,37,14,78,0.311,0.315,11.3,55,0.257,0.2,11.4,8,119.9,132.1,123.1,5,1.75,1,-9.0,39,0.7,20.0,39,15,96.11,53,6,0.697,16,132.1,5,38,-9.0,7,17,55,0.0,0.106,19,66,0,0.106,0.1,0.1,3,11,1.1,5,0.3,0,0.5,10,1,1,0.833,1,6,2,0.0,6.4,34,1,4.11,30,0.362,0.0,4,1.333,2.81,0.0,94,12,0.0,3.6,0.733,15.0,1.0,0.0,3.0,7.0,0.0,0.273,1.0,0.733,0.0,10.0,4.0,0.818,8.0,0.556,22.0,7.0,0.818,1.0,8.0,4.3,MIL,1.0,,0.15,3.0,0.0,3.0,0.333,0.333,0.0,0.0,1.0,0.15,1.0,0.333,0.0,0.0,0.0,0.65,13.0,0.846,13.0,0.846,11.0,0.846,11.0,,0.65,0.5,0.5,2.0,0.5,4.0,4.0,0.2,0.2,2.0,0.0,0.0,,0.0,,,,,,,,,,,,,,0.0,0,,0.0,,0,,1,0.0,0.778,0.7,0.0,0.0,0,16,0,0,0.0,0.0,0.0,0.0,0.0,0.733,0.0,0.0,4.0,1.0,0.0,15.0,0.0,0.0,0.0,3.0,11.0,0.0,0.0,0.75,0.0,0.0,0.0,0.0,F,8.0,4.0,-0.176,0.676,0.296,0.5,0.0,16.0,0.0,0.0,0.0,0.0,0.75,0.0,0.0,0.0,0.0,3.0,0.0,12.0,0.0,1.0,0.0,0.0,0.0,MIL,0.0,0.0,0.667,2.0,0.0,0.0,0.0,0.0,,0,,0,,,-0.17,5.0,0.483,16.0,0.313,1.0,0.377,-0.266,0.563,0.111,9.0,4.0,0.564,0.438,7.0,0.571,0.008,0.6,0.313,0.674,-0.074,3.0,5.0,0.375,0.667,4.0,0.056,6.0,0.611,0.0,1.0,7.0,0.556,18.0,4.3,0.0,1.0,11.0,0.818,15.0,0.0,22.0,0.0,3.6,7.0,0.818,10.0,3.0,0.273,0.733,7.0,MIL,8.0,0.733,8.0,4.0,1.0,0.0,4.0,11.0,MIL,4.0,0.0,1.0,1.0,0.75,0.25,0.0,1.0,1.0,4.0,3.0,0.0,0.0,1.0,1.0,5.0,6.0,1.0,0.0,MIL,0.0,2.0,0.0,0.0,4.0,0.0,0.0,0.25,0.0,1.0,94.0,0.0,0.5,0.0,0.0,0.0,1.0,3.65,14957.0,2.83,1.39,1.44,3.95,39.62,4.33,2025,20250422,True,42400132
1641716,Jarace Walker,Jarace,1610612754,IND,21.0,1,1,0,1.0,10.626666666666669,1,4,0.25,1,2,0.5,0,0,0.0,0,4,4,0,0,0,0,0,1,0,3,2,7.8,0,0,8.0,1,1,1,1,48,43,39,45,23,34,6,30,32,30,33,16,23,41,39,21,22,1,8,44,46,26,46,9,1,46,100,37,3,20,31,0.0,95.98,5,0.0,41,42,2,92.6,96.0,8,4.0,43,1.0,115.18,115.18,39,1,0.308,2.6,33,2,42,25,0.133,0.147,0.0,16,0.143,0.073,0.0,45,95.2,84.6,96.0,31,0.0,43,11.4,5,0.375,0.0,20,43,110.57,5,41,0.375,30,84.6,35,1,11.4,0,2,8,0.0,0.0,0,10,0,0.0,0.0,0.0,2,0,0.0,0,0.667,0,0.0,3,0,0,0.0,0,1,0,0.0,0.5,3,0,2.07,6,0.214,0.0,0,0.0,1.43,0.0,14,0,0.0,0.0,1.0,4.0,0.0,1.0,0.0,0.0,1.0,0.0,0.0,1.0,0.0,0.0,4.7,1.0,4.0,0.0,5.0,1.0,0.8,0.0,4.0,4.7,,,,,,,,,,,,,,,,0.0,0.0,0.0,0.25,1.0,0.0,1.0,0.0,0.0,0.0,0.0,,0.25,0.333,0.0,0.0,0.5,3.0,1.0,0.25,0.75,1.0,1.0,2.0,0.5,0.5,,,,,,,,,,,,,,0.0,0,0.0,0.0,0.0,0,1.0,2,1.0,0.0,0.375,0.0,0.0,0,0,0,3,0.0,1.0,1.0,0.0,1.0,0.0,0.0,0.0,1.0,1.0,0.0,0.0,0.0,1.0,0.0,0.0,0.0,1.0,0.0,0.0,0.0,0.0,1.0,1.0,F,1.0,1.0,0.282,0.718,0.143,1.0,,0.0,0.0,0.0,0.0,1.0,0.0,0.0,,0.0,0.0,0.0,0.0,0.0,1.0,0.0,1.0,0.0,0.0,IND,1.0,2.0,0.0,0.0,0.0,0.0,0.0,,1.0,1,1.0,1,1.0,1.5,0.466,2.0,0.535,2.0,1.0,1.0,0.368,0.632,0.5,1.0,1.0,1.0,0.622,0.5,1.0,1.0,0.378,1.0,0.5,0.718,0.282,1.0,1.0,0.5,1.0,1.0,0.312,1.0,0.688,0.0,0.0,0.0,0.0,4.0,4.7,1.0,0.0,4.0,0.8,4.0,1.0,5.0,0.0,0.0,0.0,1.0,0.0,0.0,0.0,1.0,1.0,IND,4.0,1.0,4.0,4.7,0.0,,,,,,,,,,,,,,,,,,,,,,,0.0,IND,0.0,0.0,0.0,0.0,0.0,0.0,0.0,0.0,0.0,0.0,14.0,0.0,0.0,0.0,0.0,0.0,0.0,4.96,4401.0,0.83,0.36,0.48,4.22,10.63,4.6,2025,20250422,True,42400132
1630579,Jericho Sims,Jericho,1610612749,MIL,26.0,1,0,1,0.0,8.05,0,0,0.0,0,0,0.0,0,0,0.0,1,1,2,0,2,0,0,0,1,1,0,5,0.4,0,0,2.0,1,30,30,30,51,49,54,49,34,46,34,30,32,30,17,38,35,41,7,21,22,1,8,29,49,18,56,9,1,54,97,45,39,7,6,0.0,91.93,3,0.143,41,31,6,70.4,105.6,19,0.0,49,0.0,110.31,110.31,54,56,0.071,33.3,4,6,31,18,0.105,0.104,100.0,1,0.095,-0.065,100.0,49,103.7,73.7,105.6,54,0.0,49,31.9,3,0.0,0.0,7,33,113.89,3,41,0.0,30,73.7,46,56,31.9,0,0,4,0.0,0.0,0,7,0,0.0,0.0,0.0,0,0,0.0,0,0.0,0,0.0,0,0,0,0.0,0,0,0,0.0,0.1,0,0,0.9,3,0.0,0.0,0,0.0,0.13,0.0,8,1,0.0,5.3,1.0,1.0,0.333,0.0,0.0,1.0,0.0,0.0,0.333,1.0,0.0,1.0,3.8,0.5,1.0,0.5,4.0,3.0,0.5,1.0,1.0,2.4,,,,,,,,,,,,,,,,,,,,,,,,,,,,,,,,,,,,,,,,,,,,,,,,,,,,,,,,0,,,,0,,0,0.0,0.0,0.0,0.0,0.0,0,0,0,0,0.0,0.0,,0.0,0.0,0.0,0.0,0.0,0.0,0.0,0.0,0.0,0.0,,0.0,0.0,0.0,0.0,0.0,0.0,0.0,0.0,0.0,,C,3.0,1.0,-0.274,0.608,0.25,0.333,0.0,0.0,0.0,0.0,0.0,0.0,0.0,0.0,0.0,0.0,0.0,0.0,0.0,0.0,0.0,0.0,0.0,0.0,0.0,MIL,0.0,0.0,0.0,0.0,0.0,0.0,0.0,0.0,,0,,0,,,-0.272,2.0,0.495,9.0,0.222,1.0,0.392,0.608,0.111,1.0,1.0,1.0,0.532,0.889,8.0,0.125,-0.407,0.5,0.222,0.608,-0.108,1.0,2.0,0.667,0.167,1.0,-0.402,6.0,0.568,0.0,0.333,1.0,0.5,2.0,2.4,0.0,1.0,1.0,0.5,1.0,0.0,4.0,0.0,5.3,1.0,0.5,1.0,0.0,0.0,1.0,3.0,MIL,1.0,1.0,1.0,3.8,0.333,0.0,1.0,7.0,MIL,2.0,0.0,1.0,0.0,0.5,0.5,2.0,1.0,0.0,2.0,1.0,5.0,0.0,0.5,0.0,7.0,0.0,0.0,0.0,MIL,0.0,0.0,0.0,0.0,0.0,0.0,0.0,0.0,0.0,0.0,8.0,0.0,0.0,0.0,0.0,0.0,0.0,5.17,3613.0,0.68,0.36,0.33,4.93,8.05,4.64,2025,20250422,True,42400132
1629645,Kevin Porter Jr.,Kevin,1610612749,MIL,24.0,1,0,1,0.0,15.05,4,9,0.444,1,2,0.5,0,0,0.0,0,1,1,3,3,0,0,1,2,1,9,-1,11.7,0,0,14.0,1,30,30,30,45,21,25,26,23,34,6,30,32,30,33,38,45,15,4,21,22,35,27,29,26,32,39,9,1,37,97,8,46,33,34,0.3,94.35,18,0.0,19,48,3,94.5,94.3,51,9.0,21,4.0,113.22,113.22,25,48,0.045,-0.8,33,3,48,35,0.293,0.299,20.0,18,0.023,0.057,20.0,32,93.8,94.4,94.3,36,1.0,21,-0.2,4,0.5,20.0,33,45,113.48,18,7,0.5,20,94.4,8,48,-0.2,3,4,25,0.0,0.188,7,16,0,0.188,0.0,0.0,1,4,0.5,2,0.125,1,0.0,8,0,0,0.333,0,6,0,0.125,2.9,9,0,5.7,8,0.3,0.0,0,0.0,5.77,0.0,30,0,2.0,0.0,0.25,6.0,0.0,2.0,0.0,0.0,0.0,0.0,0.0,0.167,0.0,0.0,3.3,0.2,1.0,0.0,7.0,1.0,0.143,0.0,1.0,3.3,,,,,,,,,,,,,,,,0.0,0.0,0.0,0.444,4.0,0.25,4.0,0.25,1.0,0.25,1.0,,0.444,0.6,0.667,2.0,0.7,5.0,3.0,0.333,0.556,3.0,1.0,2.0,0.5,0.222,,,,,,,,,,,,,,0.6,7,0.5,0.7,1.0,3,2.0,5,0.0,0.0,0.5,0.0,0.0,0,0,0,0,0.0,2.0,0.0,1.0,0.0,0.0,0.0,0.0,4.0,2.0,0.0,1.0,1.0,0.0,2.0,1.0,0.0,0.0,0.5,0.25,0.0,0.0,0.0,0.0,G-F,6.0,4.0,0.044,0.623,0.375,0.667,0.0,2.0,0.0,1.0,2.0,2.0,0.0,0.0,0.0,0.0,0.0,3.0,1.0,0.0,0.0,2.0,0.0,0.0,0.0,MIL,0.0,0.0,0.333,1.0,0.5,0.0,0.0,0.0,0.0,0,0.0,0,,,-0.218,2.0,0.504,7.0,0.286,0.0,0.382,-0.382,0.143,0.0,1.0,2.0,0.545,0.857,6.0,0.333,-0.211,0.5,0.571,0.631,-0.131,2.0,4.0,0.571,0.5,2.0,-0.087,4.0,0.587,2.0,0.0,0.0,0.0,1.0,3.3,2.0,0.0,1.0,0.143,6.0,0.0,7.0,0.0,0.0,0.0,0.2,0.0,0.0,0.0,0.25,1.0,MIL,1.0,0.167,1.0,3.3,0.0,0.0,0.0,4.0,MIL,1.0,0.0,0.0,1.0,1.0,0.0,0.0,0.0,0.0,0.0,1.0,0.0,0.0,0.0,0.0,3.0,1.0,0.0,0.0,MIL,0.0,0.0,0.0,0.0,0.0,0.0,0.0,0.0,0.0,0.0,30.0,0.0,0.0,0.0,0.0,0.0,0.0,4.68,7050.0,1.34,0.68,0.65,4.87,15.05,5.97,2025,20250422,True,42400132
1628398,Kyle Kuzma,Kyle,1610612749,MIL,29.0,1,0,1,0.0,31.0,5,10,0.5,0,3,0.0,2,2,1.0,2,1,3,1,0,0,0,0,2,1,12,-7,17.1,0,0,16.0,1,30,30,30,24,18,20,13,34,25,34,15,17,1,11,38,29,26,39,21,22,1,27,29,23,42,32,9,1,31,97,30,48,35,40,0.048,77.42,52,0.077,34,11,43,134.7,123.7,37,10.0,21,5.0,92.9,92.9,20,1,0.043,-13.3,11,43,11,59,0.164,0.162,0.0,54,0.061,0.053,0.0,23,121.3,131.1,123.7,38,0.0,18,-7.4,44,0.5,8.3,35,12,92.56,52,36,0.551,30,131.1,32,1,-7.4,2,1,22,0.0,0.037,3,27,1,0.074,0.0,0.0,0,8,1.6,4,0.0,0,0.0,5,0,0,0.8,0,5,0,0.0,1.7,12,0,2.55,18,0.308,0.0,0,0.0,1.31,0.0,39,2,0.0,10.2,0.5,2.0,1.0,0.0,0.0,2.0,0.0,0.0,1.0,0.5,0.0,2.0,8.8,0.75,1.0,0.667,4.0,2.0,0.75,1.0,1.0,5.9,,,,,,,,,,,,,,,,0.0,0.0,0.0,0.7,7.0,0.714,7.0,0.714,5.0,0.714,5.0,,0.7,0.0,,0.0,0.0,2.0,0.0,0.0,0.2,0.0,0.0,2.0,0.0,0.2,0.0,1.0,0.0,1.0,0.0,0.0,0.0,0.0,,0.0,0.1,0.0,0.1,,0,,,0.0,0,0.0,0,0.0,0.0,0.5,0.0,0.0,0,0,0,0,0.0,1.0,0.0,0.0,0.0,0.667,0.0,0.0,4.0,0.0,0.0,3.0,0.0,1.0,0.0,3.0,2.0,2.0,0.0,0.75,1.0,0.0,0.0,0.0,F,6.0,4.0,-0.012,0.678,0.375,0.667,0.0,4.0,0.0,0.0,0.0,1.0,0.75,0.0,0.0,0.0,0.0,3.0,0.0,3.0,0.0,0.0,2.0,0.0,0.0,MIL,0.0,0.0,0.667,2.0,0.0,0.0,0.0,0.0,3.0,3,0.0,0,0.0,0.0,-0.11,3.0,0.485,8.0,0.375,1.0,0.37,0.131,0.25,0.5,2.0,2.0,0.568,0.75,6.0,0.333,-0.234,0.5,0.5,0.673,-0.173,2.0,4.0,0.625,0.4,2.0,-0.214,5.0,0.614,0.0,1.0,2.0,0.667,3.0,5.9,0.0,1.0,1.0,0.75,2.0,0.0,4.0,0.0,10.2,2.0,0.75,2.0,0.0,0.0,0.5,2.0,MIL,1.0,0.5,1.0,8.8,1.0,0.0,1.0,2.0,MIL,1.0,0.0,1.0,1.0,0.0,1.0,0.0,1.0,0.0,1.0,0.0,0.0,0.0,1.0,0.0,2.0,0.0,0.0,0.0,MIL,0.0,0.0,0.0,0.0,0.0,0.0,0.0,0.0,0.0,0.0,39.0,0.0,0.0,0.0,0.0,0.0,0.0,4.05,12693.0,2.4,1.18,1.22,4.32,31.0,4.64,2025,20250422,True,42400132
1626167,Myles Turner,Myles,1610612754,IND,29.0,1,1,0,1.0,32.95,6,10,0.6,1,3,0.333,2,2,1.0,0,2,2,1,0,1,2,1,3,2,15,7,27.9,0,0,25.0,1,1,1,1,20,15,20,6,23,25,16,15,17,1,33,31,35,26,39,10,3,35,40,15,18,15,18,9,1,20,100,34,37,26,20,0.037,77.69,49,0.0,34,3,42,127.8,136.9,47,10.0,12,6.0,93.23,93.23,20,1,0.077,12.6,33,42,3,65,0.155,0.161,0.0,50,0.04,0.076,0.0,9,140.4,130.2,136.9,28,0.0,15,6.8,43,0.65,8.3,26,2,92.91,49,39,0.689,30,130.2,33,1,6.8,3,3,30,0.0,0.04,3,25,2,0.12,0.0,0.0,0,0,0.0,0,0.0,0,0.0,0,0,0,0.0,0,0,0,0.0,0.7,15,1,1.23,30,0.417,2.0,0,1.143,0.33,0.0,36,7,3.0,0.0,0.4,8.0,0.0,3.0,1.0,0.0,0.0,0.5,0.0,0.25,0.0,1.0,5.3,0.286,1.0,0.5,10.0,3.0,0.2,0.0,1.0,5.3,,,,,,,,,,,,,,,,0.0,0.0,0.0,0.5,5.0,0.6,5.0,0.6,3.0,0.6,3.0,,0.5,0.5,1.0,1.0,0.5,2.0,1.0,0.1,0.2,1.0,0.0,1.0,0.0,0.1,0.667,3.0,1.0,2.0,0.5,1.0,0.1,1.0,1.0,0.833,0.3,2.0,0.2,1.0,2,,1.0,0.0,1,0.0,1,0.5,0.6,0.65,1.0,0.0,0,8,2,5,1.0,2.0,0.0,0.0,1.0,1.0,0.0,0.0,3.0,2.0,1.0,2.0,1.0,0.0,2.0,1.0,2.0,1.0,0.0,0.333,1.0,0.0,1.0,0.0,C-F,16.0,9.0,-0.127,0.69,0.421,0.563,0.0,4.0,1.0,0.0,0.0,1.0,0.75,0.0,0.0,0.0,0.0,1.0,0.0,3.0,3.0,0.0,3.0,0.0,0.0,IND,1.0,0.0,0.0,0.0,0.0,0.0,0.0,0.0,3.0,3,1.0,1,0.333,0.5,0.009,9.0,0.491,18.0,0.5,4.0,0.37,0.074,0.5,0.444,9.0,5.0,0.564,0.5,9.0,0.556,-0.008,0.5,0.222,0.655,-0.155,2.0,4.0,0.389,0.714,5.0,0.087,7.0,0.627,3.0,0.0,0.0,0.5,2.0,5.3,3.0,0.0,2.0,0.2,8.0,0.0,10.0,0.0,0.0,0.0,0.286,1.0,1.0,0.5,0.4,3.0,IND,1.0,0.25,1.0,5.3,0.0,0.0,1.0,7.0,IND,3.0,1.0,3.0,2.0,0.0,1.0,4.0,1.0,0.0,2.0,0.0,10.0,1.0,0.5,0.0,5.0,2.0,1.0,0.0,IND,0.0,0.0,0.0,0.0,0.0,0.0,0.0,0.0,0.0,0.0,36.0,0.0,0.0,0.0,0.0,0.0,0.0,3.99,13582.0,2.57,1.12,1.45,4.42,32.95,4.47,2025,20250422,True,42400132
1630167,Obi Toppin,Obi,1610612754,IND,27.0,1,1,0,1.0,21.15,3,4,0.75,1,2,0.5,0,0,0.0,0,3,3,1,0,1,0,0,1,1,7,-4,15.1,0,0,14.0,1,1,1,1,34,28,39,2,23,34,6,30,32,30,33,21,29,26,39,10,22,1,8,29,32,36,36,9,1,37,100,47,14,44,33,0.059,83.22,56,0.0,19,15,27,131.2,122.2,24,4.0,2,3.0,99.86,99.86,39,1,0.167,1.2,33,27,15,45,0.082,0.09,0.0,51,0.083,0.093,0.0,2,132.5,137.2,122.2,24,0.0,28,-15.0,34,0.875,20.0,44,6,98.13,56,33,0.875,30,137.2,47,1,-15.0,1,0,12,0.0,0.048,2,21,0,0.048,0.0,0.0,0,2,2.0,1,0.0,0,0.0,1,0,0,1.0,0,1,0,0.0,0.6,7,1,1.44,10,0.269,0.0,0,1.0,0.58,0.0,26,2,0.0,0.0,1.0,3.0,0.0,0.0,0.0,0.0,0.0,0.0,0.0,1.0,0.0,0.0,7.8,1.0,3.0,0.0,3.0,1.0,1.0,0.0,3.0,7.8,,,,,,,,,,,,,,,,0.0,0.0,0.0,0.25,1.0,1.0,1.0,1.0,1.0,1.0,1.0,,0.25,1.0,1.0,1.0,1.25,2.0,1.0,0.25,0.5,2.0,1.0,1.0,1.0,0.25,0.0,1.0,0.0,1.0,0.0,0.0,0.0,0.0,,0.0,0.25,0.0,0.25,,0,,,0.0,0,0.0,0,0.5,1.0,0.875,0.0,0.0,0,2,0,3,1.0,1.0,0.0,0.0,1.0,1.0,0.0,0.0,1.0,0.0,1.0,1.0,0.0,0.0,0.0,1.0,1.0,1.0,0.0,1.0,1.0,0.0,1.0,0.0,F,4.0,2.0,-0.175,0.675,0.267,0.5,0.0,2.0,0.0,0.0,0.0,1.0,1.0,0.0,0.0,0.0,0.0,0.0,0.0,2.0,1.0,0.0,1.0,0.0,0.0,IND,1.0,0.0,0.0,0.0,0.0,0.0,0.0,0.0,2.0,2,1.0,1,0.5,0.75,0.1,5.0,0.526,8.0,0.625,2.0,0.366,0.134,0.5,0.5,4.0,3.0,0.622,0.5,4.0,0.75,0.128,0.667,0.375,0.718,-0.051,2.0,3.0,0.5,0.75,3.0,0.062,4.0,0.688,0.0,0.0,0.0,0.0,3.0,7.8,0.0,0.0,3.0,1.0,3.0,0.0,3.0,0.0,0.0,0.0,1.0,0.0,0.0,0.0,1.0,1.0,IND,3.0,1.0,3.0,7.8,0.0,0.0,0.0,3.0,IND,0.0,0.0,0.0,2.0,0.0,0.0,1.0,0.0,0.0,0.0,0.0,2.0,0.0,0.0,0.0,0.0,3.0,0.0,0.0,IND,0.0,0.0,0.0,0.0,0.0,0.0,0.0,0.0,0.0,0.0,26.0,0.0,0.0,0.0,0.0,0.0,0.0,4.84,9656.0,1.83,0.79,1.04,4.83,21.15,4.83,2025,20250422,True,42400132
1627783,Pascal Siakam,Pascal,1610612754,IND,31.0,1,1,0,1.0,34.376666666666665,8,16,0.5,2,5,0.4,6,6,1.0,2,9,11,3,2,3,0,2,4,4,24,8,48.7,1,0,46.0,1,1,1,1,16,10,13,13,8,16,14,3,4,1,11,5,5,15,7,1,22,52,48,9,8,11,3,1,1,5,100,12,6,27,24,0.143,85.52,32,0.054,32,22,15,105.2,113.3,6,16.0,19,8.0,102.63,102.63,13,33,0.231,8.9,18,15,22,75,0.247,0.26,8.5,33,0.145,0.18,8.3,15,114.1,106.9,113.3,7,1.5,10,6.4,17,0.563,12.5,27,22,103.07,32,23,0.644,17,106.9,12,32,6.4,3,6,46,0.0,0.057,7,53,0,0.057,0.111,0.222,2,10,1.111,3,0.222,1,1.0,9,1,4,0.75,2,4,4,0.111,3.1,24,7,2.49,45,0.32,0.0,1,0.667,1.77,0.0,75,3,0.0,13.3,0.9,10.0,0.222,0.0,2.0,1.0,0.0,0.222,0.222,0.9,1.0,3.0,7.6,0.611,7.0,0.273,18.0,9.0,0.611,0.5,8.0,6.3,IND,1.0,,0.063,1.0,0.0,1.0,0.0,0.0,0.0,0.0,0.0,0.063,0.0,0.0,0.0,0.0,0.0,0.313,5.0,0.6,5.0,0.6,3.0,0.6,3.0,,0.313,0.5,0.5,2.0,0.5,4.0,4.0,0.25,0.25,2.0,0.0,0.0,,0.0,0.5,6.0,1.0,5.0,0.4,2.0,0.063,1.0,1.0,0.667,0.375,3.0,0.313,0.333,2,,0.333,0.0,1,0.0,3,0.4,1.0,0.563,0.0,0.0,0,2,0,6,0.0,4.0,0.0,2.0,0.0,0.5,0.0,0.0,5.0,2.0,0.0,4.0,0.5,0.0,1.0,3.0,2.0,1.0,0.5,0.6,1.0,0.0,0.0,0.0,F,19.0,12.0,-0.064,0.696,0.576,0.632,0.0,5.0,0.0,2.0,0.0,4.0,0.4,1.0,0.0,0.0,0.5,3.0,0.0,2.0,0.0,1.0,1.0,0.0,0.0,IND,0.0,2.0,1.0,3.0,0.5,0.0,0.0,0.0,5.0,5,2.0,2,0.4,0.6,0.145,12.0,0.522,18.0,0.667,1.0,0.339,0.162,0.111,0.5,2.0,11.0,0.572,0.889,16.0,0.688,0.115,0.583,0.667,0.691,-0.107,7.0,12.0,0.722,0.615,8.0,-0.037,13.0,0.652,0.0,0.222,1.0,0.273,11.0,6.3,0.0,0.5,9.0,0.611,10.0,0.0,18.0,1.0,13.3,2.0,0.611,3.0,2.0,0.222,0.9,9.0,IND,7.0,0.9,8.0,7.6,0.222,0.0,1.0,7.0,IND,2.0,0.0,2.0,3.0,0.0,1.0,0.0,0.5,1.0,1.0,0.0,0.0,0.0,0.5,1.0,6.0,1.0,1.0,0.0,IND,0.0,0.0,0.0,0.0,1.0,0.0,0.0,0.0,0.0,1.0,75.0,0.0,0.0,0.0,0.0,0.0,0.0,3.85,13886.0,2.63,1.1,1.53,4.21,34.38,4.52,2025,20250422,True,42400132
204456,T.J. McConnell,T.J.,1610612754,IND,33.0,1,1,0,1.0,16.268333333333334,3,8,0.375,0,0,0.0,0,0,0.0,3,2,5,4,0,2,0,0,0,2,6,2,24.0,0,0,19.0,1,1,1,1,42,28,29,36,34,46,34,30,32,30,2,31,17,12,39,4,22,1,1,15,35,26,20,9,1,25,100,27,32,31,29,0.444,92.2,11,0.13,6,46,5,91.7,94.7,12,8.0,43,3.0,110.64,110.64,29,1,0.095,5.7,5,5,46,38,0.178,0.195,0.0,14,0.114,0.193,0.0,45,97.4,91.9,94.7,6,0.0,28,2.8,7,0.375,33.3,31,42,109.23,11,3,0.375,30,91.9,23,1,2.8,4,7,32,0.0,0.121,10,33,0,0.121,0.083,0.0,3,4,0.333,2,0.25,0,0.0,12,1,0,0.286,0,7,0,0.0,3.5,6,0,4.62,22,0.13,0.0,0,0.0,4.28,0.0,46,2,0.0,6.2,0.667,3.0,1.0,0.0,0.0,1.0,0.0,0.0,1.0,0.667,2.0,1.0,7.4,0.833,2.0,0.2,6.0,3.0,0.833,0.333,4.0,9.2,IND,1.0,,0.125,1.0,0.0,1.0,1.0,1.0,0.0,0.0,1.0,0.125,1.0,1.0,0.0,0.0,0.0,0.375,3.0,0.333,3.0,0.333,1.0,0.333,1.0,,0.375,0.0,0.0,0.0,0.0,3.0,3.0,0.375,0.375,0.0,0.0,0.0,,0.0,1.0,1.0,1.0,0.0,,0.0,0.125,1.0,1.0,1.0,0.125,1.0,0.0,0.0,0,,0.0,,0,,2,0.0,0.0,0.375,0.0,0.0,0,0,0,0,0.0,0.0,0.0,0.0,0.0,0.75,0.0,0.0,3.0,1.0,0.0,4.0,0.0,0.0,0.0,0.0,3.0,0.0,0.0,0.0,0.0,0.0,0.0,0.0,G,3.0,1.0,-0.24,0.573,0.231,0.333,0.0,4.0,0.0,0.0,0.0,0.0,0.75,0.0,0.0,0.0,0.0,3.0,0.0,3.0,0.0,0.0,0.0,0.0,0.0,IND,0.0,1.0,0.0,0.0,0.0,0.0,0.0,0.0,,0,,0,,,-0.114,3.0,0.447,9.0,0.333,1.0,0.383,-0.05,0.333,0.333,3.0,2.0,0.496,0.667,6.0,0.333,-0.163,0.0,0.222,0.586,-0.586,0.0,2.0,0.333,0.333,1.0,-0.233,3.0,0.566,0.0,1.0,1.0,0.2,5.0,9.2,0.0,0.333,2.0,0.833,3.0,0.0,6.0,2.0,6.2,3.0,0.833,1.0,0.0,0.0,0.667,3.0,IND,2.0,0.667,4.0,7.4,1.0,0.0,0.0,1.0,IND,0.0,1.0,0.0,3.0,0.0,0.0,0.0,0.0,0.0,0.0,0.0,0.0,2.0,0.0,0.0,1.0,0.0,2.0,0.0,IND,0.0,0.0,0.0,0.0,0.0,0.0,0.0,0.0,0.0,0.0,46.0,0.0,0.0,0.0,0.0,0.0,0.0,4.74,7566.0,1.43,0.62,0.81,4.84,16.27,4.91,2025,20250422,True,42400132
1627752,Taurean Prince,Taurean,1610612749,MIL,31.0,1,0,1,0.0,19.416666666666668,2,4,0.5,2,3,0.667,0,0,0.0,0,0,0,4,2,2,0,0,1,0,6,-13,16.0,0,0,16.0,1,30,30,30,37,36,39,13,8,25,2,30,32,30,33,52,55,12,7,4,22,1,8,44,35,52,35,9,1,31,97,35,52,50,55,0.286,84.46,57,0.0,4,24,21,146.8,112.5,55,4.0,4,2.0,101.36,101.36,39,48,0.0,-36.9,33,21,24,40,0.136,0.136,20.0,57,0.0,0.068,20.0,5,109.9,138.1,112.5,32,2.0,36,-25.6,31,0.75,40.0,50,26,99.48,57,8,0.75,13,138.1,38,48,-25.6,5,3,15,1.0,0.267,11,15,0,0.333,0.0,0.0,0,0,0.0,0,0.0,0,0.0,0,0,0,0.0,0,0,0,0.0,0.6,6,1,1.59,15,0.273,0.0,1,0.0,0.82,0.0,22,0,1.0,0.0,0.0,2.0,0.0,1.0,0.0,0.0,0.0,0.0,0.0,0.0,0.0,0.0,0.0,0.0,1.0,0.0,3.0,1.0,0.0,0.0,1.0,0.0,,,,,,,,,,,,,,,,0.5,2.0,2.0,0.25,3.0,1.0,1.0,0.0,0.0,0.667,2.0,1.0,0.75,0.0,,0.0,0.0,1.0,0.0,0.0,0.25,0.0,0.0,1.0,0.0,0.25,,,,,,,,,,,,,,,0,,,0.0,0,0.0,0,0.667,0.0,0.75,0.0,0.0,0,0,0,6,1.0,2.0,0.0,1.0,1.0,0.0,,,0.0,0.0,1.0,1.0,0.0,0.0,0.0,0.0,0.0,1.0,0.5,0.0,1.0,,1.0,0.0,F,5.0,3.0,-0.073,0.673,0.385,0.6,0.0,1.0,0.0,1.0,0.0,2.0,0.0,0.0,0.0,0.0,0.0,0.0,0.0,0.0,1.0,0.0,1.0,,0.0,MIL,1.0,0.0,0.0,0.0,0.5,,,0.0,3.0,3,2.0,2,0.667,1.0,0.135,5.0,0.49,8.0,0.625,2.0,0.37,0.631,0.25,1.0,2.0,3.0,0.57,0.75,6.0,0.5,-0.07,0.0,0.25,0.672,-0.672,0.0,2.0,0.5,0.5,2.0,-0.142,4.0,0.642,1.0,0.0,0.0,0.0,0.0,0.0,1.0,0.0,0.0,0.0,2.0,0.0,3.0,0.0,0.0,0.0,0.0,0.0,0.0,0.0,0.0,1.0,MIL,1.0,0.0,1.0,0.0,0.0,0.0,0.0,1.0,MIL,0.0,0.0,0.0,2.0,0.0,0.0,0.0,0.0,0.0,0.0,0.0,0.0,0.0,0.0,0.0,1.0,0.0,0.0,0.0,MIL,0.0,1.0,0.0,0.0,1.0,0.0,0.0,0.0,0.0,0.0,22.0,0.0,1.0,0.0,0.0,0.0,0.0,4.06,7268.0,1.38,0.7,0.68,4.03,19.42,4.0,2025,20250422,True,42400132
1628418,Thomas Bryant,Thomas,1610612754,IND,27.0,1,1,0,1.0,7.523333333333333,0,0,0.0,0,0,0.0,0,0,0.0,1,1,2,0,1,0,1,0,1,2,0,5,4.4,0,0,4.0,1,1,1,1,53,49,54,49,34,46,34,30,32,30,17,38,35,41,20,21,5,1,8,15,49,18,49,9,1,49,100,54,33,8,18,0.0,98.36,1,0.077,41,52,1,73.0,89.5,24,0.0,49,0.0,118.03,118.03,54,56,0.091,15.0,11,1,52,19,0.043,0.047,100.0,2,0.083,0.0,100.0,49,88.0,66.7,89.5,47,0.0,49,22.8,2,0.0,0.0,8,50,114.08,1,41,0.0,30,66.7,54,56,22.8,0,1,7,0.0,0.0,0,10,0,0.0,0.0,0.0,0,0,0.0,0,0.0,0,0.0,0,0,0,0.0,0,0,0,0.0,0.2,0,0,1.2,6,0.0,0.0,0,0.0,0.0,0.0,10,2,1.0,2.4,1.0,2.0,0.333,1.0,1.0,0.0,0.0,1.0,0.333,0.5,1.0,1.0,6.8,0.5,0.0,0.5,5.0,3.0,0.4,0.0,1.0,11.2,,,,,,,,,,,,,,,,,,,,,,,,,,,,,,,,,,,,,,,,,,,,,,,,,,,,,,,,0,,,,0,,0,0.0,0.0,0.0,0.0,0.0,0,0,0,0,0.0,0.0,0.0,0.0,0.0,0.0,0.0,0.0,0.0,0.0,0.0,0.0,0.0,0.0,0.0,0.0,0.0,0.0,0.0,0.0,0.0,0.0,0.0,0.0,C-F,5.0,2.0,-0.25,0.65,0.357,0.4,,0.0,0.0,0.0,0.0,0.0,0.0,0.0,,0.0,0.0,0.0,0.0,0.0,0.0,0.0,0.0,0.0,0.0,IND,0.0,0.0,0.0,0.0,0.0,0.0,0.0,,,0,,0,,,-0.354,1.0,0.497,7.0,0.143,0.0,0.371,-0.371,0.286,0.0,2.0,1.0,0.55,0.714,5.0,0.2,-0.35,0.0,0.429,0.604,-0.604,0.0,3.0,0.571,0.0,0.0,-0.607,4.0,0.607,1.0,0.333,0.0,0.5,2.0,11.2,1.0,0.0,1.0,0.4,2.0,0.0,5.0,1.0,2.4,1.0,0.5,1.0,1.0,1.0,1.0,3.0,IND,0.0,0.5,1.0,6.8,0.333,0.0,0.0,3.0,IND,0.0,1.0,0.0,0.0,0.0,0.0,0.0,0.0,0.0,0.0,0.0,0.0,1.0,0.0,0.0,2.0,1.0,1.0,0.0,IND,0.0,0.0,0.0,0.0,0.0,0.0,0.0,0.0,0.0,0.0,10.0,0.0,0.0,0.0,0.0,0.0,0.0,5.0,3080.0,0.58,0.25,0.33,4.49,7.52,4.08,2025,20250422,True,42400132
1630169,Tyrese Haliburton,Tyrese,1610612754,IND,25.0,1,1,0,1.0,35.02333333333333,8,19,0.421,3,10,0.3,2,2,1.0,1,4,5,12,3,0,0,1,1,1,21,2,42.0,1,0,41.0,1,1,1,1,15,10,6,30,3,2,23,15,17,1,17,16,17,1,4,21,22,35,8,29,11,26,10,1,1,9,100,7,22,32,27,0.48,79.38,51,0.034,5,8,40,127.3,131.4,23,19.0,21,8.0,95.25,95.25,6,34,0.133,7.5,25,40,8,70,0.299,0.312,8.6,49,0.085,0.127,8.6,26,134.7,130.4,131.4,16,4.0,10,1.0,41,0.5,34.3,32,5,95.25,51,1,0.528,5,130.4,6,34,1.0,13,13,81,1.0,0.162,33,74,0,0.176,0.231,0.0,5,10,0.769,5,0.385,0,0.0,13,3,0,0.714,0,7,0,0.0,6.9,21,0,4.13,37,0.21,0.0,0,1.0,3.91,0.0,100,2,1.0,9.4,1.0,5.0,0.5,1.0,0.0,1.0,0.0,0.0,0.5,0.8,0.0,1.0,8.9,0.833,3.0,0.2,7.0,2.0,0.714,1.0,3.0,8.7,IND,1.0,,0.053,1.0,0.0,1.0,0.0,0.0,0.0,0.0,0.0,0.053,0.0,0.0,0.053,1.0,0.0,0.316,7.0,0.571,6.0,0.667,4.0,0.571,4.0,0.0,0.368,0.5,0.5,1.0,0.625,4.0,2.0,0.105,0.211,2.0,1.0,2.0,0.5,0.105,0.286,7.0,0.0,7.0,0.286,2.0,0.0,0.0,,0.429,0.368,2.0,0.368,0.2,6,0.286,0.3,2.0,2,7.0,10,0.333,0.0,0.5,0.0,0.0,0,2,0,3,0.5,8.0,0.0,2.0,0.5,1.0,0.0,0.0,5.0,1.0,1.0,3.0,0.0,0.0,0.0,2.0,3.0,2.0,0.25,0.4,2.0,0.0,1.0,0.0,G,7.0,5.0,0.085,0.629,0.28,0.714,0.0,4.0,1.0,1.0,0.0,6.0,1.0,0.0,0.0,0.0,0.0,3.0,0.0,4.0,2.0,0.0,3.0,0.0,0.0,IND,0.667,2.0,0.333,1.0,0.167,0.0,0.0,0.0,3.0,3,1.0,1,0.333,0.5,0.118,6.0,0.482,10.0,0.6,2.0,0.412,-0.012,0.5,0.4,5.0,4.0,0.551,0.5,5.0,0.8,0.249,0.667,0.3,0.64,0.026,2.0,3.0,0.5,0.8,4.0,0.193,5.0,0.607,1.0,0.5,1.0,0.2,5.0,8.7,1.0,1.0,4.0,0.714,5.0,0.0,7.0,0.0,9.4,1.0,0.833,1.0,0.0,0.0,1.0,2.0,IND,3.0,0.8,3.0,8.9,0.5,0.0,0.0,5.0,IND,0.0,0.0,0.0,3.0,0.0,0.0,0.0,0.0,0.0,0.0,0.0,0.0,0.0,0.0,0.0,2.0,3.0,0.0,0.0,IND,0.0,0.0,0.0,0.0,0.0,0.0,0.0,0.0,0.0,0.0,100.0,0.0,0.0,0.0,0.0,0.0,0.0,4.15,14115.0,2.67,1.16,1.52,4.31,35.02,4.47,2025,20250422,True,42400132
