TEAM_ID,TEAM_NAME,GP,W,L,W_PCT,MIN,FGM,FGA,FG_PCT,FG3M,FG3A,FG3_PCT,FTM,FTA,FT_PCT,OREB,DREB,REB,AST,TOV,STL,BLK,BLKA,PF,PFD,PTS,PLUS_MINUS,GP_RANK,W_RANK,L_RANK,W_PCT_RANK,MIN_RANK,FGM_RANK,FGA_RANK,FG_PCT_RANK,FG3M_RANK,FG3A_RANK,FG3_PCT_RANK,FTM_RANK,FTA_RANK,FT_PCT_RANK,OREB_RANK,DREB_RANK,REB_RANK,AST_RANK,TOV_RANK,STL_RANK,BLK_RANK,BLKA_RANK,PF_RANK,PFD_RANK,PTS_RANK,PLUS_MINUS_RANK,OREB_PCT,OFF_RATING_RANK,EFG_PCT_RANK,OFF_RATING,E_OFF_RATING,DREB_PCT,PIE,DEF_RATING_RANK,PIE_RANK,REB_PCT_RANK,PACE_RANK,AST_TO,TM_TOV_PCT_RANK,TM_TOV_PCT,PACE,AST_TO_RANK,DREB_PCT_RANK,POSS,E_NET_RATING,PACE_PER40,TS_PCT_RANK,EFG_PCT,AST_PCT,NET_RATING,E_PACE,E_DEF_RATING,REB_PCT,NET_RATING_RANK,AST_RATIO,DEF_RATING,OREB_PCT_RANK,AST_RATIO_RANK,AST_PCT_RANK,TS_PCT,year,date
1610612737,Atlanta Hawks,1,1,0,1.0,48.0,35,86,0.407,5,26,0.192,27,35,0.771,13,40,53,23,12.0,4,9,6,20,32,102,1.0,1,1,1,1,1,4,3,4,6,3,8,1,2,3,5,2,2,3,2,8,1,3,1,1,3,4,0.302,3,4,103.0,101.6,0.662,0.562,5,4,4,3,1.92,2,0.121,99.5,2,6,99,5.7,82.92,4,0.436,0.657,2.0,102.9,95.9,0.5,4,16.7,101.0,5,4,3,0.503,2016,20160416
1610612738,Boston Celtics,1,0,1,0.0,48.0,37,102,0.363,11,35,0.314,16,19,0.842,15,35,50,27,10.0,6,6,9,32,20,101,-1.0,1,5,5,5,1,2,1,6,2,1,4,5,8,2,2,5,6,1,1,5,4,8,8,8,4,5,0.338,4,5,101.0,95.9,0.698,0.438,6,5,4,3,2.7,1,0.1,99.5,1,4,100,-5.7,82.92,6,0.417,0.73,-2.0,102.9,101.6,0.5,5,18.4,103.0,3,1,1,0.458,2016,20160416
1610612742,Dallas Mavericks,1,0,1,0.0,48.0,25,84,0.298,4,18,0.222,16,26,0.615,9,24,33,16,13.0,5,0,6,25,25,70,-38.0,1,5,5,5,1,8,4,8,7,8,6,5,5,7,7,8,8,7,3,7,8,3,3,4,8,8,0.29,7,8,76.1,70.4,0.587,0.112,8,8,8,7,1.23,4,0.141,92.5,6,7,92,-41.7,77.08,8,0.321,0.64,-40.0,97.9,112.1,0.417,8,12.8,116.1,6,6,4,0.367,2016,20160416
1610612744,Golden State Warriors,1,1,0,1.0,48.0,39,91,0.429,10,25,0.4,16,24,0.667,15,38,53,26,18.0,10,7,6,22,28,104,26.0,1,1,1,1,1,1,2,3,4,4,2,5,6,6,2,3,2,2,5,2,3,3,2,2,2,2,0.304,5,3,99.0,99.5,0.75,0.727,1,2,3,1,1.44,5,0.171,105.0,4,1,105,25.6,87.5,3,0.484,0.667,24.8,105.1,73.9,0.534,2,17.6,74.3,4,2,2,0.512,2016,20160416
1610612745,Houston Rockets,1,0,1,0.0,48.0,30,84,0.357,6,22,0.273,12,24,0.5,13,38,51,16,24.0,10,6,7,28,22,78,-26.0,1,5,5,5,1,6,4,7,5,5,5,8,6,8,5,3,5,7,8,2,4,6,7,7,7,7,0.25,8,7,74.3,73.9,0.696,0.273,4,7,6,1,0.67,8,0.229,105.0,8,5,105,-25.6,87.5,7,0.393,0.533,-24.8,105.1,99.5,0.466,7,11.8,99.0,8,8,8,0.412,2016,20160416
1610612754,Indiana Pacers,1,1,0,1.0,48.0,34,79,0.43,11,21,0.524,21,29,0.724,9,29,38,19,13.0,11,8,5,25,27,100,10.0,1,1,1,1,1,5,7,2,2,6,1,4,3,4,7,7,7,5,3,1,2,2,3,3,5,3,0.265,2,2,105.3,104.4,0.571,0.607,3,3,7,5,1.46,3,0.137,95.0,3,8,95,10.4,79.17,2,0.5,0.559,10.5,95.7,94.0,0.429,3,15.2,94.7,7,5,7,0.545,2016,20160416
1610612760,Oklahoma City Thunder,1,1,0,1.0,48.0,36,80,0.45,12,35,0.343,24,28,0.857,14,42,56,23,18.0,7,6,0,25,25,108,38.0,1,1,1,1,1,3,6,1,1,1,3,3,4,1,4,1,1,3,5,4,4,1,3,4,1,1,0.413,1,1,116.1,112.1,0.71,0.888,2,1,1,7,1.28,6,0.194,92.5,5,3,93,41.7,77.08,1,0.525,0.639,40.0,97.9,70.4,0.583,1,17.3,76.1,2,3,5,0.585,2016,20160416
1610612761,Toronto Raptors,1,0,1,0.0,48.0,30,79,0.38,4,19,0.211,26,38,0.684,20,32,52,17,20.0,6,5,8,27,25,90,-10.0,1,5,5,5,1,6,7,5,7,7,7,2,1,5,1,6,4,6,7,5,7,7,6,4,6,6,0.429,6,6,94.7,94.0,0.735,0.393,7,6,2,5,0.85,7,0.211,95.0,7,2,95,-10.4,79.17,5,0.405,0.567,-10.5,95.7,104.4,0.571,6,12.6,105.3,1,7,6,0.47,2016,20160416
1610612737,Atlanta Hawks,1,1,0,1.0,48.0,32,82,0.39,11,29,0.379,14,16,0.875,3,46,49,20,16.0,7,15,10,16,15,89,17.0,1,1,1,1,1,1,3,2,1,1,2,2,3,2,3,1,1,1,2,3,1,2,2,4,2,2,0.24,2,2,92.7,87.2,0.742,0.664,2,2,2,1,1.25,2,0.167,95.5,1,3,96,14.7,79.58,2,0.457,0.625,16.9,100.7,72.5,0.518,2,15.9,75.8,3,2,1,0.5,2016,20160419
1610612738,Boston Celtics,1,0,1,0.0,48.0,28,88,0.318,5,28,0.179,11,12,0.917,10,33,43,16,16.0,5,10,15,15,16,72,-17.0,1,3,3,3,1,3,1,4,3,2,3,3,4,1,2,3,4,3,2,4,2,4,1,3,3,3,0.258,3,3,75.8,72.5,0.76,0.336,3,3,3,1,1.0,3,0.168,95.5,2,2,95,-14.7,79.58,3,0.347,0.571,-16.9,100.7,87.2,0.482,3,12.7,92.7,2,3,3,0.386,2016,20160419
1610612763,Memphis Grizzlies,1,0,1,0.0,48.0,28,86,0.326,2,15,0.133,10,18,0.556,16,28,44,14,14.0,14,2,10,24,18,68,-26.0,1,3,3,3,1,3,2,3,4,4,4,4,2,4,1,4,2,4,1,1,4,2,4,2,4,4,0.274,4,4,72.3,74.0,0.816,0.241,4,4,4,3,1.0,1,0.149,93.5,2,1,94,-25.7,77.92,4,0.337,0.5,-28.7,93.1,99.7,0.48,4,11.3,101.1,1,4,4,0.362,2016,20160419
1610612759,San Antonio Spurs,1,1,0,1.0,48.0,31,66,0.47,9,17,0.529,23,28,0.821,3,41,44,19,19.0,8,10,2,18,24,94,26.0,1,1,1,1,1,2,4,1,2,3,1,1,1,3,3,2,2,2,4,2,2,1,3,1,1,1,0.189,1,1,101.1,99.7,0.714,0.759,1,1,1,3,1.0,4,0.204,93.5,2,4,93,25.7,77.92,1,0.538,0.613,28.7,93.1,74.0,0.52,1,16.1,72.3,4,1,2,0.6,2016,20160419
1610612737,Atlanta Hawks,1,0,1,0.0,48.0,38,86,0.442,9,36,0.25,18,21,0.857,7,34,41,19,14.0,10,7,6,24,20,103,-8.0,1,4,4,4,1,2,1,5,4,1,5,2,2,1,3,2,4,5,4,1,2,4,6,2,2,4,0.224,5,5,104.0,100.7,0.729,0.46,5,4,4,1,1.36,4,0.141,98.5,5,4,99,-4.4,82.08,5,0.494,0.5,-9.2,103.9,105.2,0.474,4,15.0,113.3,4,5,5,0.541,2016,20160422
1610612738,Boston Celtics,1,1,0,1.0,48.0,38,82,0.463,11,32,0.344,24,33,0.727,7,37,44,23,16.0,10,6,7,20,24,111,8.0,1,1,1,1,1,2,2,3,3,2,3,1,1,5,3,1,3,3,6,1,3,5,4,1,1,3,0.271,2,3,113.3,105.2,0.776,0.54,2,3,3,1,1.44,6,0.163,98.5,4,3,98,4.4,82.08,2,0.53,0.605,9.2,103.9,100.7,0.526,3,17.2,104.0,3,4,4,0.575,2016,20160422
1610612739,Cleveland Cavaliers,1,1,0,1.0,48.0,39,80,0.488,12,29,0.414,11,15,0.733,12,34,46,24,10.0,3,4,3,17,19,101,10.0,1,1,1,1,1,1,4,1,1,3,2,6,6,4,2,2,2,1,2,6,4,1,1,4,3,1,0.326,1,1,120.2,119.4,0.814,0.551,3,2,1,5,2.4,2,0.119,84.0,2,1,84,12.8,70.0,1,0.563,0.615,11.9,85.0,106.6,0.57,1,19.8,108.3,2,1,2,0.583,2016,20160422
1610612765,Detroit Pistons,1,0,1,0.0,48.0,36,74,0.486,6,23,0.261,13,19,0.684,5,27,32,22,8.0,7,3,4,19,17,91,-10.0,1,4,4,4,1,4,6,2,5,5,4,5,3,6,6,6,6,4,1,4,6,2,3,5,5,6,0.186,4,4,108.3,106.6,0.674,0.449,6,5,6,5,2.75,1,0.095,84.0,1,5,84,-12.8,70.0,4,0.527,0.611,-11.9,85.0,119.4,0.43,6,19.3,120.2,6,3,3,0.552,2016,20160422
1610612763,Memphis Grizzlies,1,0,1,0.0,48.0,34,82,0.415,4,18,0.222,15,19,0.789,15,33,48,17,14.0,4,4,12,17,20,87,-9.0,1,4,4,4,1,6,2,6,6,6,6,3,3,2,1,4,1,6,4,5,4,6,1,2,6,5,0.36,6,6,98.9,97.4,0.795,0.419,4,6,2,3,1.21,5,0.159,88.0,6,2,88,-10.1,73.33,6,0.439,0.5,-10.2,89.4,107.4,0.564,5,13.8,109.1,1,6,5,0.481,2016,20160422
1610612759,San Antonio Spurs,1,1,0,1.0,48.0,35,77,0.455,12,26,0.462,14,19,0.737,7,32,39,24,11.0,10,12,4,20,17,96,9.0,1,1,1,1,1,5,5,4,1,4,1,4,3,3,3,5,5,1,3,1,1,2,4,5,4,2,0.205,3,2,109.1,107.4,0.64,0.581,1,1,5,3,2.18,3,0.125,88.0,3,6,88,10.1,73.33,3,0.532,0.686,10.2,89.4,97.4,0.436,2,19.8,98.9,5,1,1,0.562,2016,20160422
1610612737,Atlanta Hawks,1,0,1,0.0,53.0,37,99,0.374,12,42,0.286,9,13,0.692,12,37,49,18,15.0,8,6,7,20,19,95,-9.0,1,5,5,5,1,4,1,8,3,1,7,7,8,4,3,2,2,5,5,3,2,8,3,7,6,6,0.27,7,8,93.1,88.2,0.714,0.416,3,6,7,3,1.2,5,0.147,92.38,6,5,102,-11.5,76.98,8,0.434,0.486,-8.8,96.0,99.7,0.479,6,13.1,102.0,5,8,7,0.454,2016,20160424
1610612738,Boston Celtics,1,1,0,1.0,53.0,40,94,0.426,11,33,0.333,13,19,0.684,12,40,52,25,14.0,7,7,6,19,20,104,9.0,1,1,1,1,1,2,2,5,4,4,6,6,5,5,3,1,1,2,4,5,1,6,2,5,3,3,0.286,6,5,102.0,99.7,0.73,0.584,2,3,2,3,1.79,4,0.137,92.38,4,4,102,11.5,76.98,6,0.484,0.625,8.8,96.0,88.2,0.521,3,17.5,93.1,4,3,2,0.508,2016,20160424
1610612739,Cleveland Cavaliers,1,1,0,1.0,48.0,36,86,0.419,13,36,0.361,15,17,0.882,10,31,41,16,6.0,6,1,4,22,18,100,2.0,1,1,1,1,3,6,4,7,2,3,5,4,6,1,5,6,6,8,1,6,8,4,6,8,4,4,0.288,2,4,117.6,111.8,0.762,0.464,5,5,4,7,2.67,1,0.071,86.0,1,3,85,-0.6,71.67,4,0.494,0.444,5.0,88.4,112.3,0.5,4,13.8,112.6,3,6,8,0.535,2016,20160424
1610612765,Detroit Pistons,1,0,1,0.0,48.0,37,76,0.487,10,24,0.417,14,21,0.667,7,35,42,22,9.0,3,4,1,18,22,98,-2.0,1,5,5,5,3,4,8,3,5,6,3,5,4,6,7,4,5,3,2,8,5,1,1,3,5,5,0.238,4,3,112.6,112.3,0.712,0.536,7,4,4,7,2.44,2,0.103,86.0,2,6,87,0.6,71.67,3,0.553,0.595,-5.0,88.4,111.8,0.5,5,18.8,117.6,6,2,3,0.575,2016,20160424
1610612744,Golden State Warriors,1,1,0,1.0,48.0,46,89,0.517,21,40,0.525,8,16,0.5,7,36,43,38,16.0,10,2,3,26,20,121,27.0,1,1,1,1,3,1,3,1,1,2,1,8,7,8,7,3,4,1,6,2,7,3,7,5,1,1,0.234,3,1,117.5,115.2,0.769,0.638,1,2,3,1,2.38,6,0.155,103.0,3,1,103,24.6,85.83,1,0.635,0.826,26.2,104.4,90.6,0.515,1,25.2,91.3,7,1,1,0.63,2016,20160424
1610612745,Houston Rockets,1,0,1,0.0,48.0,33,78,0.423,5,27,0.185,23,38,0.605,9,35,44,18,18.0,11,3,2,20,26,94,-27.0,1,5,5,5,3,8,6,6,7,5,8,2,1,7,6,4,3,5,8,1,6,2,3,2,8,8,0.231,8,7,91.3,90.6,0.766,0.362,6,7,6,1,1.0,7,0.175,103.0,8,2,103,-24.6,85.83,7,0.455,0.545,-26.2,104.4,115.2,0.485,8,13.6,117.5,8,7,4,0.496,2016,20160424
1610612763,Memphis Grizzlies,1,0,1,0.0,48.0,35,78,0.449,5,13,0.385,20,27,0.741,14,23,37,18,17.0,6,5,6,29,21,95,-21.0,1,5,5,5,3,7,6,4,7,8,4,3,3,3,1,8,8,5,7,6,4,6,8,4,6,7,0.34,5,6,104.4,102.3,0.614,0.349,8,8,8,5,1.06,8,0.187,92.0,7,8,91,-21.6,76.67,5,0.481,0.514,-20.3,93.3,123.9,0.473,7,14.4,124.7,2,5,6,0.528,2016,20160424
1610612759,San Antonio Spurs,1,1,0,1.0,48.0,40,81,0.494,10,22,0.455,26,31,0.839,13,28,41,21,12.0,8,6,5,21,29,116,21.0,1,1,1,1,3,2,5,2,5,7,2,1,2,2,2,7,6,4,3,3,2,5,5,1,2,2,0.386,1,2,124.7,123.9,0.66,0.651,4,1,1,5,1.75,3,0.129,92.0,5,7,93,21.6,76.67,2,0.556,0.525,20.3,93.3,102.3,0.527,2,16.4,104.4,1,4,5,0.613,2016,20160424
1610612737,Atlanta Hawks,1,1,0,1.0,48.0,42,96,0.438,14,35,0.4,12,16,0.75,13,38,51,30,12.0,13,3,6,17,17,110,27.0,1,1,1,1,1,1,1,2,1,1,2,4,4,3,1,1,1,1,2,1,3,4,1,3,1,1,0.304,1,2,111.1,107.8,0.769,0.663,1,1,1,1,2.5,2,0.121,99.0,1,1,99,23.1,82.5,2,0.51,0.714,27.3,100.0,84.7,0.528,1,20.7,83.8,2,1,1,0.534,2016,20160426
1610612738,Boston Celtics,1,0,1,0.0,48.0,29,77,0.377,7,29,0.241,18,25,0.72,10,34,44,19,20.0,5,6,3,17,17,83,-27.0,1,3,3,3,1,4,3,4,3,2,3,3,2,4,3,2,2,3,4,3,1,1,1,3,4,4,0.231,4,4,83.8,84.7,0.696,0.337,4,4,4,1,0.95,4,0.202,99.0,4,3,99,-23.1,82.5,4,0.422,0.655,-27.3,100.0,107.8,0.472,4,14.7,111.1,4,3,3,0.472,2016,20160426
1610612754,Indiana Pacers,1,0,1,0.0,48.0,33,73,0.452,13,29,0.448,20,23,0.87,8,33,41,22,16.0,5,5,3,26,18,99,-3.0,1,3,3,3,1,2,4,1,2,2,1,2,3,1,4,3,3,2,3,3,2,1,4,2,3,3,0.238,3,1,108.8,108.6,0.667,0.503,3,2,3,3,1.38,3,0.176,91.5,3,4,91,-0.6,76.25,1,0.541,0.667,-2.1,92.3,109.2,0.473,3,17.9,110.9,3,2,2,0.596,2016,20160426
1610612761,Toronto Raptors,1,1,0,1.0,48.0,33,82,0.402,6,26,0.231,30,35,0.857,12,29,41,12,8.0,9,3,5,18,26,102,3.0,1,1,1,1,1,2,2,3,4,4,4,1,1,2,2,4,3,4,1,2,3,3,3,1,2,2,0.333,2,3,110.9,109.2,0.762,0.497,2,3,2,3,1.5,1,0.087,91.5,2,2,92,0.6,76.25,3,0.439,0.364,2.1,92.3,108.6,0.527,2,10.0,108.8,1,4,4,0.524,2016,20160426
1610612737,Atlanta Hawks,1,1,0,1.0,48.0,38,74,0.514,8,24,0.333,20,27,0.741,3,39,42,26,20.0,6,12,4,23,29,104,12.0,1,1,1,1,1,1,2,1,1,2,1,1,1,2,2,1,2,1,2,1,1,1,1,1,1,1,0.132,1,1,103.0,101.1,0.77,0.654,1,1,1,1,1.3,2,0.198,102.0,2,2,101,12.6,85.0,1,0.568,0.684,13.6,103.4,88.5,0.525,1,19.7,89.3,2,1,1,0.605,2016,20160428
1610612738,Boston Celtics,1,0,1,0.0,48.0,34,94,0.362,7,32,0.219,17,18,0.944,10,33,43,16,12.0,5,4,12,29,23,92,-12.0,1,2,2,2,1,2,1,2,2,1,2,2,2,1,1,2,1,2,1,2,2,2,2,2,2,2,0.23,2,2,89.3,88.5,0.868,0.346,2,2,2,1,1.33,1,0.117,102.0,1,1,103,-12.6,85.0,2,0.399,0.471,-13.6,103.4,101.1,0.475,2,12.1,103.0,1,2,2,0.451,2016,20160428
1610612737,Atlanta Hawks,1,0,1,0.0,48.0,33,87,0.379,11,34,0.324,16,21,0.762,15,33,48,21,12.0,6,7,7,22,20,93,-11.0,1,3,3,3,1,4,2,4,2,1,2,2,1,3,1,3,1,2,3,4,2,2,4,2,4,4,0.339,2,4,103.3,99.7,0.75,0.409,4,4,2,3,1.75,3,0.133,90.5,3,1,90,-15.5,75.42,4,0.443,0.636,-11.0,91.7,115.2,0.529,4,16.3,114.3,1,2,2,0.483,2016,20160502
1610612739,Cleveland Cavaliers,1,1,0,1.0,48.0,37,83,0.446,15,31,0.484,15,21,0.714,10,34,44,27,8.0,9,7,7,20,22,104,11.0,1,1,1,1,1,3,3,2,1,2,1,3,1,4,2,2,3,1,1,2,2,2,3,1,1,1,0.25,1,1,114.3,115.2,0.661,0.591,3,1,3,3,3.38,1,0.088,90.5,1,4,91,15.5,75.42,1,0.536,0.73,11.0,91.7,99.7,0.471,1,20.9,103.3,4,1,1,0.564,2016,20160502
1610612760,Oklahoma City Thunder,1,1,0,1.0,48.0,38,79,0.481,5,19,0.263,17,21,0.81,9,39,48,16,18.0,8,8,6,19,16,98,1.0,1,1,1,1,1,2,4,1,4,4,3,1,1,2,3,1,1,4,4,3,1,1,2,4,2,2,0.286,3,2,101.0,100.8,0.745,0.524,1,2,1,1,0.89,4,0.186,97.0,4,2,97,4.5,80.83,2,0.513,0.421,1.0,99.0,96.3,0.546,2,13.0,100.0,2,4,4,0.555,2016,20160502
1610612759,San Antonio Spurs,1,0,1,0.0,48.0,40,94,0.426,6,23,0.261,11,13,0.846,9,28,37,19,10.0,10,6,8,16,19,97,-1.0,1,3,3,3,1,1,1,3,3,3,4,4,4,1,3,4,4,3,2,1,4,4,1,3,3,3,0.255,4,3,100.0,96.3,0.714,0.476,2,3,4,1,1.9,2,0.103,97.0,2,3,97,-4.5,80.83,3,0.457,0.475,-1.0,99.0,100.8,0.454,3,14.8,101.0,3,3,3,0.486,2016,20160502
1610612737,Atlanta Hawks,1,0,1,0.0,48.0,30,71,0.423,11,27,0.407,27,30,0.9,8,32,40,18,16.0,3,3,1,23,22,98,-25.0,1,2,2,2,1,2,2,2,2,2,2,1,1,1,2,1,2,2,2,2,1,1,2,2,2,2,0.22,2,2,104.3,106.3,0.68,0.399,2,2,2,1,1.13,2,0.17,94.0,2,2,94,-23.0,78.33,2,0.5,0.6,-26.6,93.7,129.3,0.473,2,14.9,130.9,2,2,2,0.582,2016,20160504
1610612739,Cleveland Cavaliers,1,1,0,1.0,48.0,41,87,0.471,25,45,0.556,16,23,0.696,12,31,43,27,10.0,8,1,3,22,23,123,25.0,1,1,1,1,1,1,1,1,1,1,1,2,2,2,1,2,1,1,1,1,2,2,1,1,1,1,0.32,1,1,130.9,129.3,0.78,0.601,1,1,1,1,2.7,1,0.106,94.0,1,1,94,23.0,78.33,1,0.615,0.659,26.6,93.7,106.3,0.527,1,19.7,104.3,1,1,1,0.633,2016,20160504
1610612737,Atlanta Hawks,1,0,1,0.0,48.0,41,84,0.488,16,34,0.471,10,12,0.833,6,22,28,29,14.0,8,7,1,21,21,108,-13.0,1,3,3,3,1,2,2,2,2,2,3,4,4,2,3,4,4,1,2,2,1,1,2,2,2,4,0.159,2,2,110.2,111.0,0.553,0.465,4,3,4,1,2.07,2,0.143,98.0,1,4,98,-11.4,81.67,2,0.583,0.707,-13.3,98.1,122.4,0.363,4,21.6,123.5,4,1,1,0.605,2016,20160506
1610612739,Cleveland Cavaliers,1,1,0,1.0,48.0,42,85,0.494,21,39,0.538,16,27,0.593,18,37,55,26,20.0,9,1,7,21,21,121,13.0,1,1,1,1,1,1,1,1,1,1,1,3,2,4,1,1,1,2,4,1,4,4,2,2,1,1,0.447,1,1,123.5,122.4,0.841,0.535,3,2,1,1,1.3,4,0.204,98.0,3,1,98,11.4,81.67,1,0.618,0.619,13.3,98.1,111.0,0.637,1,18.1,110.2,1,2,2,0.624,2016,20160506
1610612760,Oklahoma City Thunder,1,0,1,0.0,48.0,34,82,0.415,10,30,0.333,18,20,0.9,11,31,42,14,14.0,5,5,6,23,19,96,-4.0,1,3,3,3,1,3,3,4,3,3,4,2,3,1,2,3,2,4,2,4,3,3,4,4,4,3,0.306,4,4,106.7,102.3,0.681,0.447,2,4,3,3,1.0,3,0.156,90.5,4,3,90,-0.8,75.42,4,0.476,0.412,-3.2,95.4,103.1,0.49,3,11.8,109.9,3,4,4,0.529,2016,20160506
1610612759,San Antonio Spurs,1,1,0,1.0,48.0,33,76,0.434,10,19,0.526,24,34,0.706,4,33,37,19,10.0,8,6,5,19,23,100,4.0,1,1,1,1,1,4,4,3,3,4,2,1,1,3,4,2,3,3,1,2,2,2,1,1,3,2,0.319,3,3,109.9,103.1,0.694,0.553,1,1,2,3,1.9,1,0.11,90.5,2,2,91,0.8,75.42,3,0.5,0.576,3.2,95.4,102.3,0.51,2,15.6,106.7,2,3,3,0.55,2016,20160506
1610612737,Atlanta Hawks,1,0,1,0.0,48.0,40,83,0.482,9,31,0.29,10,14,0.714,9,33,42,22,13.0,10,7,7,16,14,99,-1.0,1,3,3,3,1,1,3,2,2,2,3,3,3,3,3,1,1,3,1,2,1,3,2,4,3,3,0.295,3,2,107.6,106.3,0.66,0.538,3,2,3,3,1.69,1,0.141,92.0,1,3,92,0.7,76.67,2,0.536,0.55,-1.1,93.9,105.6,0.495,3,17.5,108.7,4,3,3,0.555,2016,20160508
1610612739,Cleveland Cavaliers,1,1,0,1.0,48.0,38,88,0.432,16,37,0.432,8,13,0.615,14,27,41,23,15.0,6,7,7,14,16,100,1.0,1,1,1,1,1,4,1,4,1,1,1,4,4,4,1,3,2,1,4,3,1,3,1,3,2,2,0.34,2,3,108.7,105.6,0.705,0.462,2,3,2,3,1.53,4,0.163,92.0,3,1,92,-0.7,76.67,3,0.523,0.605,1.1,93.9,106.3,0.505,2,17.6,107.6,2,2,1,0.534,2016,20160508
1610612760,Oklahoma City Thunder,1,1,0,1.0,48.0,40,79,0.506,9,23,0.391,22,29,0.759,10,30,40,23,14.0,6,3,2,18,21,111,14.0,1,1,1,1,1,1,4,1,2,3,2,1,1,2,2,2,3,1,2,3,3,1,3,1,1,1,0.366,1,1,119.4,115.9,0.689,0.586,1,1,1,1,1.64,3,0.151,93.5,2,2,93,16.0,77.92,1,0.563,0.575,16.2,96.4,100.0,0.535,1,17.7,103.2,1,1,2,0.605,2016,20160508
1610612759,San Antonio Spurs,1,0,1,0.0,48.0,40,85,0.471,2,12,0.167,15,16,0.938,9,25,34,12,14.0,11,2,3,21,18,97,-14.0,1,3,3,3,1,1,2,3,4,4,4,2,2,1,3,4,4,4,2,1,4,2,4,2,4,4,0.311,4,4,103.2,100.0,0.634,0.414,4,4,4,1,0.86,2,0.149,93.5,4,4,94,-16.0,77.92,4,0.482,0.3,-16.2,96.4,115.9,0.465,4,10.2,119.4,3,4,4,0.527,2016,20160508
1610612766,Charlotte Hornets,1,0,1,0.0,48.0,28,65,0.431,6,17,0.353,29,37,0.784,7,21,28,11,11.0,5,2,4,17,24,91,-32.0,1,5,5,5,1,8,8,6,7,7,5,1,2,2,7,8,8,8,4,7,6,4,3,2,7,7,0.244,6,6,107.1,106.7,0.59,0.326,8,7,8,7,1.0,5,0.129,85.0,7,8,85,-35.9,70.83,5,0.477,0.393,-37.6,85.8,142.6,0.413,8,10.5,144.7,6,8,8,0.56,2016,20160417
1610612739,Cleveland Cavaliers,1,1,0,1.0,48.0,39,88,0.443,12,35,0.343,16,21,0.762,12,28,40,25,5.0,7,4,2,18,21,106,5.0,1,1,1,1,1,4,1,5,2,1,7,4,4,3,2,5,4,2,1,2,4,1,4,4,3,4,0.34,2,5,123.3,117.5,0.811,0.515,4,4,3,5,5.0,1,0.058,86.0,1,1,86,1.4,71.67,6,0.511,0.641,5.8,88.6,116.0,0.54,4,19.5,117.4,2,3,3,0.545,2016,20160417
1610612765,Detroit Pistons,1,0,1,0.0,48.0,37,73,0.507,15,29,0.517,12,16,0.75,5,32,37,24,12.0,4,2,4,21,18,101,-5.0,1,5,5,5,1,5,7,4,1,3,1,6,6,5,8,3,6,3,5,8,6,4,5,5,5,5,0.189,5,2,117.4,116.0,0.66,0.485,7,5,6,5,2.0,6,0.14,86.0,4,7,86,-1.4,71.67,2,0.61,0.649,-5.8,88.6,117.5,0.46,5,20.7,123.3,8,2,2,0.631,2016,20160417
1610612746,LA Clippers,1,1,0,1.0,48.0,42,78,0.538,6,17,0.353,25,39,0.641,11,37,48,23,10.0,7,7,2,23,28,115,20.0,1,1,1,1,1,2,6,2,7,7,5,2,1,8,3,1,1,4,3,2,2,1,6,1,2,3,0.304,3,4,119.8,122.1,0.731,0.632,2,3,4,1,2.3,3,0.104,95.5,3,4,96,23.6,79.58,4,0.577,0.548,19.8,95.3,98.5,0.531,3,17.4,100.0,3,6,6,0.604,2016,20160417
1610612763,Memphis Grizzlies,1,0,1,0.0,48.0,31,79,0.392,8,18,0.444,4,6,0.667,10,25,35,17,17.0,7,5,9,16,11,74,-32.0,1,5,5,5,1,7,5,8,6,5,4,8,8,7,4,7,7,7,8,2,3,8,2,8,8,7,0.229,8,8,82.2,83.5,0.718,0.282,5,8,7,3,1.0,8,0.189,90.0,7,5,90,-33.4,75.0,8,0.443,0.548,-35.6,89.7,116.8,0.448,7,14.5,117.8,7,7,5,0.453,2016,20160417
1610612748,Miami Heat,1,1,0,1.0,48.0,49,85,0.576,9,18,0.5,16,21,0.762,14,28,42,27,6.0,7,4,2,24,17,123,32.0,1,1,1,1,1,1,2,1,5,5,2,4,4,3,1,5,3,1,2,2,4,1,7,6,1,1,0.41,1,1,144.7,142.6,0.756,0.674,3,2,1,7,4.5,2,0.071,85.0,2,3,85,35.9,70.83,1,0.629,0.551,37.6,85.8,106.7,0.588,1,21.3,107.1,1,1,4,0.653,2016,20160417
1610612757,Portland Trail Blazers,1,0,1,0.0,48.0,33,83,0.398,10,30,0.333,19,26,0.731,10,30,40,23,12.0,6,2,7,28,23,95,-20.0,1,5,5,5,1,6,3,7,3,2,8,3,3,6,4,4,4,4,5,6,6,7,8,3,6,6,0.269,7,7,100.0,98.5,0.696,0.368,6,6,5,1,1.92,4,0.126,95.5,5,6,95,-23.6,79.58,7,0.458,0.697,-19.8,95.3,122.1,0.469,6,17.6,119.8,5,5,1,0.503,2016,20160417
1610612759,San Antonio Spurs,1,1,0,1.0,48.0,42,81,0.519,10,22,0.455,12,13,0.923,9,35,44,22,13.0,13,9,5,11,16,106,32.0,1,1,1,1,1,2,4,3,3,4,3,6,7,1,6,2,2,6,7,1,1,6,1,7,3,1,0.282,4,3,117.8,116.8,0.771,0.718,1,1,2,3,1.69,7,0.144,90.0,6,2,90,33.4,75.0,3,0.58,0.524,35.6,89.7,83.5,0.552,2,17.9,82.2,4,4,7,0.611,2016,20160417
1610612766,Charlotte Hornets,1,0,1,0.0,48.0,38,89,0.427,1,16,0.063,26,33,0.788,15,24,39,9,8.0,3,1,6,16,25,103,-12.0,1,4,4,4,1,4,2,5,6,5,6,1,1,3,1,6,4,6,1,6,5,5,1,1,3,4,0.389,3,5,110.8,106.7,0.853,0.383,6,6,1,3,1.13,1,0.086,92.5,6,1,93,-16.0,77.08,4,0.433,0.237,-14.2,95.1,122.8,0.568,4,7.3,125.0,1,6,6,0.497,2016,20160420
1610612739,Cleveland Cavaliers,1,1,0,1.0,48.0,40,80,0.5,20,38,0.526,7,14,0.5,6,31,37,23,13.0,7,1,4,24,18,107,17.0,1,1,1,1,1,2,4,2,1,1,2,6,6,6,5,4,5,1,5,1,5,4,5,4,2,2,0.238,2,2,116.3,114.9,0.667,0.579,2,3,5,5,1.77,5,0.141,91.5,3,5,92,19.2,76.25,2,0.625,0.575,17.4,93.6,95.7,0.473,2,18.5,98.9,5,1,2,0.621,2016,20160420
1610612765,Detroit Pistons,1,0,1,0.0,48.0,34,78,0.436,4,17,0.235,18,32,0.563,11,29,40,19,13.0,7,4,1,18,24,90,-17.0,1,4,4,4,1,5,5,4,5,4,4,2,2,4,4,5,3,4,5,1,3,1,2,2,5,5,0.333,5,4,98.9,95.7,0.762,0.421,5,4,2,5,1.46,6,0.143,91.5,5,2,91,-19.2,76.25,5,0.462,0.559,-17.4,93.6,114.9,0.527,5,15.1,116.3,2,5,3,0.489,2016,20160420
1610612746,LA Clippers,1,1,0,1.0,48.0,40,87,0.46,8,21,0.381,14,25,0.56,12,40,52,20,10.0,7,9,3,18,20,102,21.0,1,1,1,1,1,2,3,3,3,3,3,4,3,5,3,1,1,2,2,1,1,3,2,3,4,1,0.264,4,3,108.5,106.3,0.721,0.609,1,2,3,1,2.0,2,0.106,94.5,1,4,94,20.1,78.75,3,0.506,0.5,23.2,95.0,86.1,0.509,1,15.7,85.3,4,3,4,0.52,2016,20160420
1610612748,Miami Heat,1,1,0,1.0,48.0,44,76,0.579,9,16,0.563,18,22,0.818,3,32,35,19,11.0,6,6,1,25,16,115,12.0,1,1,1,1,1,1,6,1,2,5,1,2,4,2,6,3,6,4,3,4,2,1,6,6,1,3,0.147,1,1,125.0,122.8,0.611,0.617,4,1,6,3,1.73,4,0.12,92.5,4,6,92,16.0,77.08,1,0.638,0.432,14.2,95.1,106.7,0.432,3,16.5,110.8,6,2,5,0.671,2016,20160420
1610612757,Portland Trail Blazers,1,0,1,0.0,48.0,31,91,0.341,5,26,0.192,14,16,0.875,15,37,52,20,11.0,6,3,9,20,18,81,-21.0,1,4,4,4,1,6,1,6,4,2,5,4,5,1,1,2,1,2,3,4,4,6,4,4,6,6,0.279,6,6,85.3,86.1,0.736,0.391,3,5,4,1,1.82,3,0.116,94.5,2,3,95,-20.1,78.75,6,0.368,0.645,-23.2,95.0,106.3,0.491,6,15.3,108.5,3,4,1,0.413,2016,20160420
1610612739,Cleveland Cavaliers,1,1,0,1.0,48.0,41,74,0.554,7,20,0.35,26,33,0.788,10,35,45,22,17.0,9,4,1,20,25,115,31.0,1,1,1,1,1,1,2,1,1,2,1,1,1,1,1,1,1,1,2,1,1,1,1,1,1,1,0.333,1,1,122.3,120.4,0.844,0.714,1,1,1,1,1.29,2,0.181,95.0,2,1,94,31.8,79.17,1,0.601,0.537,34.8,95.2,88.6,0.617,1,17.2,87.5,1,1,2,0.65,2016,20160517
1610612761,Toronto Raptors,1,0,1,0.0,48.0,32,76,0.421,5,24,0.208,15,20,0.75,4,19,23,19,14.0,8,1,4,25,20,84,-31.0,1,2,2,2,1,2,1,2,2,1,2,2,2,2,2,2,2,2,1,2,2,2,2,2,2,2,0.156,2,2,87.5,88.6,0.667,0.286,2,2,2,1,1.36,1,0.146,95.0,1,2,96,-31.8,79.17,2,0.454,0.594,-34.8,95.2,120.4,0.383,2,15.8,122.3,2,2,1,0.495,2016,20160517
1610612739,Cleveland Cavaliers,1,1,0,1.0,48.0,38,76,0.5,7,21,0.333,25,37,0.676,7,39,46,24,11.0,5,2,4,16,31,108,19.0,1,1,1,1,1,1,2,1,2,2,1,1,1,2,1,1,1,1,1,2,2,2,1,1,1,1,0.233,1,1,112.5,112.2,0.84,0.663,1,1,1,1,2.18,1,0.115,96.0,1,1,96,18.4,80.0,1,0.546,0.632,19.8,95.6,93.8,0.559,1,18.5,92.7,1,1,1,0.585,2016,20160519
1610612761,Toronto Raptors,1,0,1,0.0,48.0,33,82,0.402,9,33,0.273,14,18,0.778,7,31,38,17,12.0,6,4,2,31,16,89,-19.0,1,2,2,2,1,2,1,2,1,1,2,2,2,1,1,2,2,2,2,1,1,1,2,2,2,2,0.16,2,2,92.7,93.8,0.767,0.337,2,2,2,1,1.42,2,0.125,96.0,2,2,96,-18.4,80.0,2,0.457,0.515,-19.8,95.6,112.2,0.441,2,14.0,112.5,2,2,2,0.495,2016,20160519
1610612739,Cleveland Cavaliers,1,0,1,0.0,48.0,28,79,0.354,14,41,0.341,14,16,0.875,8,32,40,15,9.0,7,5,4,10,17,84,-15.0,1,2,2,2,1,2,2,2,1,1,2,1,1,1,2,2,2,1,1,1,1,1,1,1,2,2,0.192,2,2,100.0,96.5,0.681,0.443,2,2,2,1,1.67,1,0.107,85.0,1,2,84,-17.7,70.83,2,0.443,0.536,-15.1,86.9,114.2,0.424,2,13.8,115.1,2,1,1,0.488,2016,20160521
1610612761,Toronto Raptors,1,1,0,1.0,48.0,38,83,0.458,12,31,0.387,11,13,0.846,12,42,54,15,10.0,1,4,5,17,10,99,15.0,1,1,1,1,1,1,1,1,2,2,1,2,2,2,1,1,1,1,2,2,2,2,2,2,1,1,0.319,1,1,115.1,114.2,0.808,0.557,1,1,1,1,1.5,2,0.116,85.0,2,1,86,17.7,70.83,1,0.53,0.395,15.1,86.9,96.5,0.576,1,12.9,100.0,1,2,2,0.558,2016,20160521
1610612739,Cleveland Cavaliers,1,0,1,0.0,48.0,39,83,0.47,13,41,0.317,8,9,0.889,10,28,38,23,11.0,5,2,3,17,16,99,-6.0,1,2,2,2,1,2,1,2,1,1,2,2,2,1,1,1,1,1,2,2,2,2,2,2,2,2,0.311,2,2,112.5,112.6,0.775,0.478,2,2,1,1,2.09,2,0.125,87.0,1,1,88,-9.0,72.5,2,0.548,0.59,-9.6,87.2,121.6,0.529,2,18.9,122.1,1,1,1,0.569,2016,20160523
1610612761,Toronto Raptors,1,1,0,1.0,48.0,42,78,0.538,7,22,0.318,14,19,0.737,9,26,35,17,9.0,8,3,2,16,17,105,6.0,1,1,1,1,1,1,2,1,2,2,1,1,1,2,2,2,2,2,1,1,1,1,1,1,1,1,0.225,1,1,122.1,121.6,0.689,0.522,1,1,2,1,1.89,1,0.105,87.0,2,2,86,9.0,72.5,1,0.583,0.405,9.6,87.2,112.6,0.471,1,15.2,112.5,2,2,2,0.608,2016,20160523
1610612739,Cleveland Cavaliers,1,1,0,1.0,48.0,44,77,0.571,10,21,0.476,18,24,0.75,10,38,48,23,17.0,11,6,3,26,25,116,38.0,1,1,1,1,1,1,1,1,1,1,1,2,2,1,1,1,1,1,1,1,1,1,2,2,1,1,0.343,1,1,122.1,122.7,0.788,0.781,1,1,1,1,1.35,1,0.179,94.5,1,1,95,43.4,78.75,1,0.636,0.523,39.1,96.5,79.3,0.609,1,17.8,83.0,1,1,2,0.662,2016,20160525
1610612761,Toronto Raptors,1,0,1,0.0,48.0,27,69,0.391,3,17,0.176,21,35,0.6,5,22,27,19,19.0,9,3,6,25,26,78,-38.0,1,2,2,2,1,2,2,2,2,2,2,1,1,2,2,2,2,2,2,2,2,2,1,1,2,2,0.212,2,2,83.0,79.3,0.657,0.219,2,2,2,1,1.0,2,0.202,94.5,2,2,94,-43.4,78.75,2,0.413,0.704,-39.1,96.5,122.7,0.391,2,15.4,122.1,2,2,1,0.462,2016,20160525
1610612739,Cleveland Cavaliers,1,1,0,1.0,48.0,40,74,0.541,17,31,0.548,16,21,0.762,4,34,38,22,11.0,6,6,2,18,19,113,26.0,1,1,1,1,1,1,2,1,1,1,1,1,1,2,2,1,1,1,1,1,1,1,1,1,1,1,0.143,1,1,127.0,125.2,0.745,0.685,1,1,2,1,2.0,1,0.124,89.5,1,2,89,31.1,74.58,1,0.655,0.55,30.3,91.4,94.1,0.488,1,19.0,96.7,2,1,1,0.679,2016,20160527
1610612761,Toronto Raptors,1,0,1,0.0,48.0,33,79,0.418,8,25,0.32,13,17,0.765,7,26,33,10,13.0,6,2,6,19,18,87,-26.0,1,2,2,2,1,2,1,2,2,2,2,2,2,1,1,2,2,2,2,1,2,2,2,2,2,2,0.255,2,2,96.7,94.1,0.857,0.315,2,2,1,1,0.77,2,0.144,89.5,2,1,90,-31.1,74.58,2,0.468,0.303,-30.3,91.4,125.2,0.512,2,9.0,127.0,1,2,2,0.503,2016,20160527
1610612739,Cleveland Cavaliers,1,0,1,0.0,48.0,32,84,0.381,7,21,0.333,18,20,0.9,15,32,47,17,17.0,7,4,4,17,16,89,-15.0,1,2,2,2,1,2,2,2,2,2,1,1,1,1,1,1,1,2,2,2,1,1,2,2,2,2,0.377,2,2,96.7,93.9,0.778,0.376,2,2,1,1,1.0,2,0.185,91.5,2,1,92,-19.9,76.25,2,0.423,0.531,-17.5,93.1,113.8,0.561,2,13.4,114.3,1,2,2,0.48,2016,20160602
1610612744,Golden State Warriors,1,1,0,1.0,48.0,43,87,0.494,9,27,0.333,9,10,0.9,9,32,41,29,9.0,9,4,4,16,17,104,15.0,1,1,1,1,1,1,1,1,1,1,1,2,2,1,2,1,2,1,1,1,1,1,1,1,1,1,0.222,1,1,114.3,113.8,0.623,0.624,1,1,2,1,3.22,1,0.099,91.5,1,2,91,19.9,76.25,1,0.546,0.674,17.5,93.1,93.9,0.439,1,22.5,96.7,2,1,1,0.569,2016,20160602
1610612739,Cleveland Cavaliers,1,0,1,0.0,48.0,28,79,0.354,5,23,0.217,16,24,0.667,9,25,34,15,18.0,15,3,9,19,20,77,-33.0,1,2,2,2,1,2,2,2,2,2,2,1,1,2,2,2,2,2,1,1,2,2,1,1,2,2,0.291,2,2,81.9,78.1,0.675,0.283,2,2,2,1,0.83,1,0.191,94.5,2,2,94,-38.4,78.75,2,0.386,0.536,-33.9,96.5,116.5,0.453,2,12.1,115.8,2,2,2,0.43,2016,20160605
1610612744,Golden State Warriors,1,1,0,1.0,48.0,44,81,0.543,15,33,0.455,7,10,0.7,12,34,46,26,21.0,7,9,3,20,19,110,33.0,1,1,1,1,1,1,1,1,1,1,1,2,2,1,1,1,1,1,2,2,1,1,2,2,1,1,0.325,1,1,115.8,116.5,0.709,0.717,1,1,1,1,1.24,2,0.221,94.5,1,1,95,38.4,78.75,1,0.636,0.591,33.9,96.5,78.1,0.547,1,19.4,81.9,1,1,1,0.644,2016,20160605
1610612739,Cleveland Cavaliers,1,1,0,1.0,48.0,48,91,0.527,12,25,0.48,12,17,0.706,17,35,52,23,14.0,8,3,4,25,23,120,30.0,1,1,1,1,1,1,1,1,1,2,1,2,2,1,1,1,1,1,1,1,2,2,2,2,1,1,0.413,1,1,126.3,125.7,0.796,0.677,1,1,1,1,1.64,1,0.147,95.0,1,1,95,33.3,79.17,1,0.593,0.479,31.6,96.5,92.4,0.611,1,16.8,94.7,1,1,2,0.609,2016,20160608
1610612744,Golden State Warriors,1,0,1,0.0,48.0,32,76,0.421,9,33,0.273,17,26,0.654,8,24,32,21,18.0,5,4,3,23,25,90,-30.0,1,2,2,2,1,2,2,2,2,1,2,1,1,2,2,2,2,2,2,2,1,1,1,1,2,2,0.204,2,2,94.7,92.4,0.587,0.323,2,2,2,1,1.17,2,0.189,95.0,2,2,95,-33.3,79.17,2,0.48,0.656,-31.6,96.5,125.7,0.389,2,16.7,126.3,2,2,1,0.515,2016,20160608
1610612739,Cleveland Cavaliers,1,0,1,0.0,48.0,38,81,0.469,6,25,0.24,15,26,0.577,16,24,40,15,11.0,5,6,6,24,22,97,-11.0,1,2,2,2,1,1,1,1,2,2,2,2,2,2,1,2,2,2,2,2,1,1,2,2,2,2,0.388,2,2,114.1,110.9,0.577,0.406,2,2,2,1,1.36,2,0.129,85.5,2,2,85,-9.5,71.25,2,0.506,0.395,-11.5,88.5,120.5,0.485,2,12.6,125.6,2,2,2,0.525,2016,20160610
1610612744,Golden State Warriors,1,1,0,1.0,48.0,33,81,0.407,17,36,0.472,25,31,0.806,14,29,43,23,9.0,7,6,6,22,24,108,11.0,1,1,1,1,1,2,1,2,1,1,1,1,1,1,2,1,1,1,1,1,1,1,1,1,1,1,0.423,1,1,125.6,120.5,0.612,0.594,1,1,1,1,2.56,1,0.105,85.5,1,1,86,9.5,71.25,1,0.512,0.697,11.5,88.5,110.9,0.515,1,18.0,114.1,1,1,1,0.571,2016,20160610
1610612739,Cleveland Cavaliers,1,1,0,1.0,48.0,44,83,0.53,10,24,0.417,14,23,0.609,8,33,41,15,16.0,11,9,9,22,21,112,15.0,1,1,1,1,1,1,2,1,2,2,1,2,2,2,2,1,2,2,1,1,1,1,2,2,1,1,0.267,1,1,114.3,110.8,0.638,0.605,1,1,2,1,0.94,1,0.163,98.0,2,2,98,17.0,81.67,1,0.59,0.341,15.3,102.3,93.8,0.476,1,12.1,99.0,2,2,2,0.601,2016,20160613
1610612744,Golden State Warriors,1,0,1,0.0,48.0,32,88,0.364,14,43,0.326,19,26,0.731,13,30,43,18,17.0,6,9,9,21,22,97,-15.0,1,2,2,2,1,2,1,2,1,1,2,1,1,1,1,2,1,1,2,2,1,1,1,1,2,2,0.362,2,2,99.0,93.8,0.733,0.395,2,2,1,1,1.06,2,0.173,98.0,1,1,98,-17.0,81.67,2,0.443,0.563,-15.3,102.3,110.8,0.524,2,13.3,114.3,1,1,1,0.488,2016,20160613
1610612739,Cleveland Cavaliers,1,1,0,1.0,48.0,40,77,0.519,10,27,0.37,25,32,0.781,8,37,45,24,12.0,12,7,3,25,25,115,14.0,1,1,1,1,1,1,2,1,2,2,2,1,1,1,2,1,1,1,1,1,1,1,1,1,1,1,0.25,1,1,117.3,121.0,0.755,0.656,1,1,1,1,2.0,1,0.122,97.0,1,1,98,19.7,80.83,1,0.584,0.6,12.1,97.4,101.2,0.538,1,18.3,105.2,1,1,1,0.631,2016,20160616
1610612744,Golden State Warriors,1,0,1,0.0,48.0,33,82,0.402,15,39,0.385,20,29,0.69,9,26,35,19,14.0,5,3,7,25,25,101,-14.0,1,2,2,2,1,2,1,2,1,1,1,2,2,2,1,2,2,2,2,2,2,2,1,1,2,2,0.245,2,2,105.2,101.2,0.75,0.344,2,2,2,1,1.36,2,0.146,97.0,2,2,96,-19.7,80.83,2,0.494,0.576,-12.1,97.4,121.0,0.462,2,14.8,117.3,2,2,2,0.533,2016,20160616
1610612739,Cleveland Cavaliers,1,1,0,1.0,48.0,33,82,0.402,6,25,0.24,21,25,0.84,9,39,48,17,11.0,7,6,5,15,23,93,4.0,1,1,1,1,1,1,2,1,2,2,2,1,1,1,1,1,1,2,2,1,1,1,1,1,1,1,0.308,1,2,104.5,97.9,0.792,0.55,1,1,1,1,1.55,2,0.124,89.0,2,1,89,0.9,74.17,2,0.439,0.515,4.5,93.4,97.0,0.552,1,14.0,100.0,1,2,2,0.5,2016,20160619
1610612744,Golden State Warriors,1,0,1,0.0,48.0,32,83,0.386,15,41,0.366,10,13,0.769,7,32,39,22,10.0,7,5,6,23,15,89,-4.0,1,2,2,2,1,2,1,2,1,1,1,2,2,2,2,2,2,1,1,1,2,2,2,2,2,2,0.208,2,1,100.0,97.0,0.692,0.45,2,2,2,1,2.2,1,0.112,89.0,1,2,89,-0.9,74.17,1,0.476,0.688,-4.5,93.4,97.9,0.448,2,18.2,104.5,2,1,1,0.502,2016,20160619
1610612742,Dallas Mavericks,1,1,0,1.0,48.0,35,82,0.427,5,19,0.263,10,19,0.526,11,34,45,14,13.0,8,4,4,17,19,85,1.0,1,1,1,1,1,2,2,4,4,5,4,6,5,6,5,2,2,4,1,3,4,2,1,5,5,3,0.26,5,4,93.4,92.0,0.609,0.543,1,3,5,3,1.08,2,0.143,92.0,4,6,91,4.5,76.67,5,0.457,0.4,3.1,94.1,87.6,0.456,3,11.9,90.3,5,4,5,0.47,2016,20160418
1610612744,Golden State Warriors,1,1,0,1.0,48.0,40,81,0.494,8,23,0.348,27,38,0.711,13,26,39,27,13.0,10,6,5,24,34,115,9.0,1,1,1,1,1,1,3,1,2,3,2,1,1,5,2,5,4,1,1,1,1,4,4,1,1,2,0.378,1,1,118.6,117.7,0.667,0.619,5,1,3,1,2.08,1,0.134,97.0,1,3,97,12.2,80.83,1,0.543,0.675,9.3,99.1,105.5,0.527,2,19.3,109.3,2,1,1,0.588,2016,20160418
1610612745,Houston Rockets,1,0,1,0.0,48.0,35,79,0.443,10,25,0.4,26,33,0.788,12,25,37,21,19.0,4,5,6,34,24,106,-9.0,1,4,4,4,1,2,5,2,1,2,1,2,2,4,3,6,5,2,6,6,2,6,6,3,2,5,0.333,2,2,109.3,105.5,0.622,0.381,6,6,4,1,1.11,6,0.196,97.0,3,5,97,-12.2,80.83,2,0.506,0.6,-9.3,99.1,117.7,0.473,5,15.9,118.6,4,2,2,0.567,2016,20160418
1610612754,Indiana Pacers,1,0,1,0.0,48.0,29,70,0.414,4,20,0.2,25,30,0.833,6,27,33,13,13.0,7,3,5,23,25,87,-11.0,1,4,4,4,1,6,6,5,6,4,6,3,3,2,6,4,6,5,1,5,6,4,3,2,4,6,0.2,4,5,96.7,96.5,0.652,0.412,4,5,6,5,1.0,3,0.144,90.0,5,4,90,-10.1,75.0,4,0.443,0.448,-12.2,91.1,106.5,0.429,6,11.7,108.9,6,5,4,0.523,2016,20160418
1610612760,Oklahoma City Thunder,1,0,1,0.0,48.0,31,92,0.337,7,32,0.219,15,18,0.833,19,35,54,11,15.0,9,4,4,19,17,84,-1.0,1,4,4,4,1,5,1,6,3,1,5,5,6,2,1,1,1,6,5,2,4,2,2,6,6,4,0.391,6,6,90.3,87.6,0.74,0.457,2,4,2,3,0.73,5,0.161,92.0,6,2,93,-4.5,76.67,6,0.375,0.355,-3.1,94.1,92.0,0.544,4,8.7,93.4,1,6,6,0.42,2016,20160418
1610612761,Toronto Raptors,1,1,0,1.0,48.0,35,80,0.438,5,18,0.278,23,25,0.92,12,32,44,19,13.0,8,5,3,25,23,98,11.0,1,1,1,1,1,2,4,3,4,6,3,4,4,1,3,3,3,3,1,3,2,1,5,4,3,1,0.348,3,3,108.9,106.5,0.8,0.588,3,2,1,5,1.46,3,0.144,90.0,2,1,90,10.1,75.0,3,0.469,0.543,12.2,91.1,96.5,0.571,1,15.3,96.7,3,3,3,0.538,2016,20160418
1610612742,Dallas Mavericks,1,0,1,0.0,48.0,36,76,0.474,6,23,0.261,24,35,0.686,6,23,29,24,12.0,9,3,5,27,27,102,-29.0,1,4,4,4,1,3,5,2,4,5,5,3,1,5,6,6,6,2,2,2,6,4,4,1,2,6,0.2,3,2,105.2,104.7,0.692,0.365,6,6,6,3,2.0,2,0.124,97.0,1,4,97,-28.4,80.83,2,0.513,0.667,-29.9,97.9,133.1,0.429,6,18.6,135.1,6,2,2,0.558,2016,20160421
1610612744,Golden State Warriors,1,0,1,0.0,48.0,34,79,0.43,6,25,0.24,22,29,0.759,8,35,43,23,14.0,6,6,4,23,24,96,-1.0,1,4,4,4,1,5,3,3,4,4,6,4,4,3,5,2,3,3,3,4,1,2,2,4,5,4,0.204,5,3,98.0,98.2,0.623,0.545,3,2,5,1,1.64,3,0.143,98.5,3,5,98,3.2,82.08,3,0.468,0.676,0.0,99.9,95.0,0.436,4,17.7,98.0,5,3,1,0.523,2016,20160421
1610612745,Houston Rockets,1,1,0,1.0,48.0,36,92,0.391,11,36,0.306,14,23,0.609,16,36,52,18,16.0,9,4,6,24,23,97,1.0,1,1,1,1,1,3,2,5,2,1,3,5,5,6,1,1,1,4,5,2,4,5,3,5,4,3,0.377,4,5,98.0,95.0,0.796,0.455,2,5,2,1,1.13,5,0.162,98.5,5,2,99,-3.2,82.08,6,0.451,0.5,0.0,99.9,98.2,0.564,3,12.9,98.0,2,6,5,0.475,2016,20160421
1610612754,Indiana Pacers,1,0,1,0.0,48.0,26,68,0.382,6,22,0.273,27,33,0.818,9,29,38,16,17.0,3,6,4,18,27,85,-16.0,1,4,4,4,1,6,6,6,4,6,4,1,3,1,3,5,5,6,6,6,1,2,1,1,6,5,0.279,6,6,95.5,93.9,0.596,0.456,5,4,4,5,0.94,6,0.191,90.0,6,6,89,-10.2,75.0,4,0.426,0.615,-15.5,93.8,104.1,0.46,5,13.7,111.0,4,5,4,0.515,2016,20160421
1610612760,Oklahoma City Thunder,1,1,0,1.0,48.0,45,78,0.577,15,27,0.556,26,35,0.743,9,33,42,28,14.0,10,5,3,27,27,131,29.0,1,1,1,1,1,1,4,1,1,3,1,2,1,4,3,3,4,1,3,1,3,1,4,1,1,1,0.308,1,1,135.1,133.1,0.8,0.635,4,1,1,3,2.0,4,0.144,97.0,1,1,97,28.4,80.83,1,0.673,0.622,29.9,97.9,104.7,0.571,1,20.6,105.2,3,1,3,0.701,2016,20160421
1610612761,Toronto Raptors,1,1,0,1.0,48.0,39,94,0.415,10,31,0.323,13,16,0.813,15,30,45,18,11.0,6,4,6,27,18,101,16.0,1,1,1,1,1,2,1,4,3,2,2,6,6,2,2,4,2,4,1,4,4,5,4,6,3,2,0.404,2,4,111.0,104.1,0.721,0.544,1,3,3,5,1.64,1,0.121,90.0,4,3,91,10.2,75.0,5,0.468,0.462,15.5,93.8,93.9,0.54,2,13.8,95.5,1,4,6,0.5,2016,20160421
1610612766,Charlotte Hornets,1,1,0,1.0,48.0,35,90,0.389,5,18,0.278,21,22,0.955,9,38,47,18,4.0,5,4,8,24,20,96,16.0,1,1,1,1,1,6,1,6,7,5,5,2,6,1,7,3,3,4,1,5,3,8,6,5,4,2,0.236,4,7,104.3,101.4,0.702,0.628,1,2,6,5,4.5,1,0.043,92.5,1,4,92,17.4,77.08,5,0.417,0.514,18.3,94.9,84.0,0.473,2,14.8,86.0,7,4,4,0.482,2016,20160423
1610612742,Dallas Mavericks,1,0,1,0.0,48.0,43,83,0.518,8,23,0.348,14,17,0.824,7,26,33,25,12.0,3,2,3,27,19,108,-11.0,1,5,5,5,1,2,5,2,1,3,3,6,8,2,8,8,8,2,4,7,8,2,8,7,2,6,0.22,2,2,114.9,113.1,0.674,0.431,8,6,8,3,2.08,4,0.128,94.0,3,6,94,-12.2,78.33,2,0.566,0.581,-11.7,95.2,125.3,0.452,6,19.7,126.6,8,1,3,0.597,2016,20160423
1610612754,Indiana Pacers,1,1,0,1.0,48.0,40,85,0.471,6,16,0.375,14,18,0.778,15,28,43,24,13.0,10,5,3,22,20,100,17.0,1,1,1,1,1,3,4,3,5,7,2,6,7,3,2,7,5,3,5,2,2,2,5,5,3,1,0.326,3,3,109.9,110.0,0.633,0.667,3,1,5,7,1.85,5,0.143,91.0,4,8,91,22.8,75.83,3,0.506,0.6,18.7,93.1,87.2,0.484,1,18.6,91.2,2,3,1,0.538,2016,20160423
1610612746,LA Clippers,1,0,1,0.0,48.0,36,88,0.409,3,18,0.167,13,23,0.565,11,33,44,15,10.0,11,4,3,17,24,88,-8.0,1,5,5,5,1,5,2,5,8,5,8,8,4,8,5,4,4,5,3,1,3,2,1,2,6,5,0.246,7,5,89.8,90.6,0.685,0.489,4,5,7,1,1.5,3,0.102,97.5,5,5,98,-8.2,81.25,7,0.426,0.417,-9.2,97.1,98.8,0.459,5,11.9,99.0,6,5,7,0.448,2016,20160423
1610612748,Miami Heat,1,0,1,0.0,48.0,27,79,0.342,7,22,0.318,19,30,0.633,12,41,53,13,15.0,1,8,4,20,24,80,-16.0,1,5,5,5,1,7,7,8,3,4,4,4,2,7,3,1,2,7,6,8,1,5,3,2,8,7,0.298,8,8,86.0,84.0,0.764,0.372,5,7,3,5,0.87,6,0.161,92.5,7,2,93,-17.4,77.08,8,0.386,0.481,-18.3,94.9,101.4,0.527,7,10.7,104.3,5,7,5,0.434,2016,20160423
1610612760,Oklahoma City Thunder,1,1,0,1.0,48.0,44,83,0.53,7,16,0.438,24,34,0.706,12,30,42,26,9.0,6,3,2,19,27,119,11.0,1,1,1,1,1,1,5,1,3,7,1,1,1,4,3,5,6,1,2,4,5,1,2,1,1,3,0.326,1,1,126.6,125.3,0.78,0.569,7,3,1,3,2.89,2,0.096,94.0,2,1,94,12.2,78.33,1,0.572,0.591,11.7,95.2,113.1,0.548,3,19.4,114.9,3,2,2,0.607,2016,20160423
1610612757,Portland Trail Blazers,1,1,0,1.0,48.0,37,87,0.425,6,25,0.24,16,23,0.696,16,40,56,15,16.0,5,3,4,24,17,96,8.0,1,1,1,1,1,4,3,4,5,2,7,5,4,6,1,2,1,5,7,5,5,5,6,8,4,4,0.315,5,4,99.0,98.8,0.754,0.511,2,4,2,1,0.94,7,0.165,97.5,6,3,97,8.2,81.25,4,0.46,0.405,9.2,97.1,90.6,0.541,4,11.6,89.8,4,6,8,0.494,2016,20160423
1610612761,Toronto Raptors,1,0,1,0.0,48.0,27,74,0.365,8,30,0.267,21,30,0.7,11,29,40,12,19.0,8,3,5,20,22,83,-17.0,1,5,5,5,1,7,8,7,1,1,6,2,2,5,5,6,7,8,8,3,5,7,3,4,7,8,0.367,6,6,91.2,87.2,0.674,0.333,6,8,4,7,0.63,8,0.209,91.0,8,7,91,-22.8,75.83,6,0.419,0.444,-18.7,93.1,110.0,0.516,8,10.0,109.9,1,8,6,0.476,2016,20160423
1610612766,Charlotte Hornets,1,1,0,1.0,48.0,30,75,0.4,4,16,0.25,25,30,0.833,6,30,36,10,10.0,7,7,8,20,26,89,4.0,1,1,1,1,1,4,6,4,6,6,6,2,2,2,6,4,5,6,4,2,2,6,2,1,4,3,0.191,4,5,100.0,96.5,0.694,0.527,2,3,5,3,1.0,4,0.112,90.0,6,3,89,4.4,75.0,4,0.427,0.333,6.6,92.2,92.2,0.448,3,9.3,93.4,6,6,6,0.505,2016,20160425
1610612742,Dallas Mavericks,1,0,1,0.0,48.0,38,81,0.469,8,24,0.333,20,24,0.833,13,22,35,24,9.0,5,3,5,24,22,104,-14.0,1,4,4,4,1,2,3,2,4,5,3,3,4,2,3,6,6,2,1,4,6,3,4,4,2,5,0.333,2,2,119.5,118.8,0.591,0.445,6,5,4,5,2.67,3,0.103,87.5,1,6,87,-12.2,72.92,2,0.519,0.632,-14.6,88.8,131.0,0.461,6,19.0,134.1,3,1,3,0.568,2016,20160425
1610612746,LA Clippers,1,0,1,0.0,48.0,30,84,0.357,7,25,0.28,17,28,0.607,10,32,42,16,9.0,10,4,7,17,25,84,-14.0,1,4,4,4,1,4,2,6,5,4,5,4,3,6,4,3,3,5,1,1,5,4,1,2,6,5,0.203,6,6,89.4,88.1,0.623,0.399,4,6,6,1,1.78,1,0.096,94.5,3,5,94,-14.4,78.75,6,0.399,0.533,-13.8,95.5,102.5,0.402,5,13.2,103.2,5,5,4,0.436,2016,20160425
1610612748,Miami Heat,1,0,1,0.0,48.0,30,76,0.395,11,29,0.379,14,21,0.667,10,36,46,20,17.0,2,8,7,26,20,85,-4.0,1,4,4,4,1,4,5,5,2,3,2,5,5,5,4,2,2,3,5,6,1,4,6,5,5,4,0.306,5,4,93.4,92.2,0.809,0.473,3,4,2,3,1.18,6,0.187,90.0,5,1,91,-4.4,75.0,5,0.467,0.667,-6.6,92.2,96.5,0.552,4,16.1,100.0,4,3,2,0.499,2016,20160425
1610612760,Oklahoma City Thunder,1,1,0,1.0,48.0,41,81,0.506,10,30,0.333,26,32,0.813,14,28,42,19,9.0,6,5,3,22,24,118,14.0,1,1,1,1,1,1,3,1,3,2,3,1,1,4,2,5,3,4,1,3,4,1,3,3,1,1,0.409,1,1,134.1,131.0,0.667,0.555,5,2,3,5,2.11,2,0.102,87.5,2,4,88,12.2,72.92,1,0.568,0.463,14.6,88.8,118.8,0.539,1,15.6,119.5,1,4,5,0.621,2016,20160425
1610612757,Portland Trail Blazers,1,1,0,1.0,48.0,36,88,0.409,13,31,0.419,13,15,0.867,16,42,58,27,17.0,5,7,4,25,17,98,14.0,1,1,1,1,1,3,1,3,1,1,1,6,6,1,1,1,1,1,5,4,2,2,5,6,3,1,0.377,3,3,103.2,102.5,0.797,0.601,1,1,1,1,1.59,5,0.179,94.5,4,2,95,14.4,78.75,3,0.483,0.75,13.8,95.5,88.1,0.598,2,19.0,89.4,2,2,1,0.518,2016,20160425
1610612766,Charlotte Hornets,1,1,0,1.0,48.0,33,84,0.393,12,24,0.5,12,15,0.8,5,36,41,21,12.0,8,3,6,14,16,90,2.0,1,1,1,1,1,5,3,5,2,4,1,5,6,1,6,4,5,3,4,2,4,5,1,4,4,3,0.135,4,3,91.8,92.2,0.837,0.494,2,4,5,3,1.75,4,0.122,98.0,4,3,98,1.8,81.67,3,0.464,0.636,2.0,97.5,90.4,0.475,3,16.8,89.8,6,2,2,0.497,2016,20160427
1610612744,Golden State Warriors,1,1,0,1.0,48.0,45,82,0.549,13,31,0.419,11,19,0.579,6,34,40,30,10.0,10,6,3,16,22,114,33.0,1,1,1,1,1,1,5,1,1,3,2,6,3,6,4,5,6,1,1,1,1,1,2,3,1,1,0.154,1,1,121.3,120.8,0.559,0.757,1,1,6,5,3.0,3,0.106,94.5,1,6,94,39.3,78.75,1,0.628,0.667,36.0,96.9,81.5,0.411,1,23.1,85.3,5,1,1,0.631,2016,20160427
1610612745,Houston Rockets,1,0,1,0.0,48.0,31,95,0.326,6,32,0.188,13,19,0.684,22,31,53,17,18.0,8,3,6,22,16,81,-33.0,1,4,4,4,1,6,1,6,4,2,6,4,3,3,1,6,1,5,6,2,4,5,4,4,6,6,0.441,6,6,85.3,81.5,0.846,0.243,6,6,1,5,0.94,6,0.189,94.5,6,2,95,-39.3,78.75,6,0.358,0.548,-36.0,96.9,120.8,0.589,6,12.2,121.3,1,6,5,0.392,2016,20160427
1610612746,LA Clippers,1,0,1,0.0,48.0,36,86,0.419,6,20,0.3,20,30,0.667,8,37,45,20,10.0,8,3,4,24,23,98,-10.0,1,4,4,4,1,3,2,4,4,5,4,2,2,4,3,3,4,4,1,2,4,4,6,2,3,5,0.179,3,4,96.1,96.8,0.804,0.433,5,5,4,1,2.0,1,0.098,101.5,3,5,102,-12.3,84.58,4,0.453,0.556,-10.9,100.1,109.1,0.477,5,15.3,106.9,3,4,4,0.494,2016,20160427
1610612748,Miami Heat,1,0,1,0.0,48.0,34,81,0.42,5,18,0.278,15,19,0.789,6,44,50,17,14.0,7,6,3,16,14,88,-2.0,1,4,4,4,1,4,6,3,6,6,5,3,3,2,4,1,3,5,5,6,1,1,2,6,5,4,0.163,5,5,89.8,90.4,0.865,0.506,3,3,2,3,1.21,5,0.143,98.0,5,1,98,-1.8,81.67,5,0.451,0.5,-2.0,97.5,92.2,0.525,4,13.8,91.8,4,5,6,0.492,2016,20160427
1610612757,Portland Trail Blazers,1,1,0,1.0,48.0,37,83,0.446,12,34,0.353,22,34,0.647,9,44,53,22,10.0,8,4,3,23,24,108,10.0,1,1,1,1,1,2,4,2,2,1,3,1,1,5,2,1,1,2,1,2,3,1,5,1,2,2,0.196,2,2,106.9,109.1,0.821,0.567,4,2,3,1,2.2,2,0.099,101.5,2,4,101,12.3,84.58,2,0.518,0.595,10.9,100.1,96.8,0.523,2,16.5,96.1,2,3,3,0.551,2016,20160427
1610612766,Charlotte Hornets,1,0,1,0.0,48.0,27,84,0.321,7,22,0.318,12,12,1.0,3,33,36,14,10.0,4,1,8,14,16,73,-33.0,1,4,4,4,1,6,5,6,6,5,6,4,5,1,6,3,6,5,4,5,6,5,2,4,6,6,0.123,6,6,78.5,75.8,0.729,0.285,5,6,6,3,1.4,4,0.108,93.5,5,3,93,-35.7,77.92,6,0.363,0.519,-34.3,95.7,111.5,0.4,6,12.3,112.8,6,5,5,0.409,2016,20160501
1610612744,Golden State Warriors,1,1,0,1.0,48.0,43,91,0.473,11,31,0.355,21,24,0.875,16,39,55,27,12.0,8,8,6,22,19,118,12.0,1,1,1,1,1,1,2,2,1,1,3,1,1,2,2,2,2,1,5,1,1,3,6,2,1,2,0.347,1,2,120.4,121.0,0.7,0.575,4,2,3,1,2.25,5,0.122,98.5,4,4,98,20.2,82.08,1,0.533,0.628,13.3,101.4,100.7,0.541,2,19.0,107.1,2,1,2,0.581,2016,20160501
1610612754,Indiana Pacers,1,0,1,0.0,48.0,34,73,0.466,9,19,0.474,7,8,0.875,5,33,38,12,15.0,5,5,7,17,12,84,-5.0,1,4,4,4,1,4,6,3,3,6,1,6,6,2,5,3,5,6,6,4,5,4,4,6,5,4,0.205,5,3,97.7,97.1,0.607,0.454,3,4,5,5,0.8,6,0.174,86.0,6,6,86,-4.7,71.67,3,0.527,0.353,-5.8,87.0,101.7,0.442,4,11.4,103.5,5,6,6,0.549,2016,20160501
1610612748,Miami Heat,1,1,0,1.0,48.0,43,89,0.483,9,24,0.375,11,16,0.688,10,48,58,24,9.0,2,8,1,16,14,106,33.0,1,1,1,1,1,1,3,1,3,3,2,5,4,6,3,1,1,3,1,6,1,1,3,5,2,1,0.271,2,1,112.8,111.5,0.877,0.715,1,1,1,3,2.67,2,0.096,93.5,2,1,94,35.7,77.92,2,0.534,0.558,34.3,95.7,75.8,0.6,1,18.5,78.5,4,2,4,0.552,2016,20160501
1610612757,Portland Trail Blazers,1,0,1,0.0,48.0,39,97,0.402,10,31,0.323,18,21,0.857,10,30,40,26,9.0,7,6,8,19,22,106,-12.0,1,4,4,4,1,3,1,4,2,1,5,2,2,4,3,6,4,2,1,2,4,5,5,1,2,5,0.3,3,4,107.1,100.7,0.653,0.425,6,5,4,1,2.89,1,0.091,98.5,1,5,99,-20.2,82.08,4,0.454,0.667,-13.3,101.4,121.0,0.459,5,18.3,120.4,3,3,1,0.499,2016,20160501
1610612761,Toronto Raptors,1,1,0,1.0,48.0,34,89,0.382,8,24,0.333,13,17,0.765,18,31,49,21,9.0,7,7,5,12,17,89,5.0,1,1,1,1,1,4,3,5,5,3,4,3,3,5,1,5,3,4,1,2,3,2,1,3,4,3,0.393,4,5,103.5,101.7,0.795,0.546,2,3,2,5,2.33,3,0.105,86.0,3,2,86,4.7,71.67,5,0.427,0.618,5.8,87.0,97.1,0.558,3,16.4,97.7,1,4,3,0.461,2016,20160501
1610612744,Golden State Warriors,1,1,0,1.0,48.0,42,91,0.462,8,24,0.333,18,20,0.9,10,38,48,21,10.0,4,9,5,23,25,110,11.0,1,1,1,1,3,1,1,1,2,2,3,1,3,1,2,2,2,2,1,4,1,2,2,1,1,1,0.24,1,2,108.9,110.2,0.813,0.583,3,1,2,1,2.1,1,0.099,100.5,1,2,101,12.4,83.75,1,0.505,0.5,9.9,100.5,97.8,0.52,1,15.7,99.0,2,2,2,0.551,2016,20160503
1610612748,Miami Heat,1,1,0,1.0,53.0,40,89,0.449,8,11,0.727,14,21,0.667,11,41,52,12,20.0,12,4,6,17,25,102,6.0,1,1,1,1,1,2,2,2,2,4,1,2,1,3,1,1,1,4,4,1,4,3,1,1,2,2,0.283,3,3,98.1,95.1,0.846,0.524,1,2,1,3,0.6,4,0.192,94.19,4,1,104,5.1,78.49,3,0.494,0.3,5.8,96.8,90.1,0.562,2,9.2,92.3,1,4,4,0.519,2016,20160503
1610612757,Portland Trail Blazers,1,0,1,0.0,48.0,36,81,0.444,13,30,0.433,14,21,0.667,6,33,39,22,17.0,5,5,9,25,23,99,-11.0,1,3,3,3,3,4,4,4,1,1,2,2,1,3,3,4,4,1,3,3,3,4,3,3,3,4,0.188,2,1,99.0,97.8,0.76,0.417,4,4,3,1,1.29,3,0.17,100.5,2,3,100,-12.4,83.75,2,0.525,0.611,-9.9,100.5,110.2,0.48,4,16.8,108.9,3,1,1,0.549,2016,20160503
1610612761,Toronto Raptors,1,0,1,0.0,53.0,40,89,0.449,5,21,0.238,11,15,0.733,4,37,41,19,15.0,10,6,4,25,17,96,-6.0,1,3,3,3,1,2,2,2,4,3,4,4,4,2,4,3,3,3,2,2,2,1,3,4,4,3,0.154,4,4,92.3,90.1,0.717,0.476,2,3,4,3,1.27,2,0.144,94.19,3,4,104,-5.1,78.49,4,0.478,0.475,-5.8,96.8,95.1,0.438,3,14.6,98.1,4,3,3,0.502,2016,20160503
1610612744,Golden State Warriors,1,0,1,0.0,48.0,42,88,0.477,14,29,0.483,10,17,0.588,11,31,42,29,12.0,4,6,4,20,19,108,-12.0,1,3,3,3,1,1,1,1,2,2,2,4,4,4,1,1,1,1,3,4,1,3,2,4,2,4,0.292,2,2,111.3,111.9,0.708,0.487,4,3,2,1,2.42,3,0.124,96.5,1,3,97,-10.8,80.42,3,0.557,0.69,-13.7,97.1,122.7,0.5,4,21.0,125.0,1,1,1,0.566,2016,20160507
1610612748,Miami Heat,1,0,1,0.0,48.0,33,77,0.429,4,18,0.222,21,24,0.875,8,30,38,11,10.0,8,2,0,24,22,91,-4.0,1,3,3,3,1,3,3,4,4,3,4,2,3,1,3,2,3,4,1,1,3,1,4,2,4,3,0.239,4,4,102.2,101.6,0.78,0.481,2,4,4,3,1.1,2,0.112,89.0,4,1,89,-4.8,74.17,4,0.455,0.333,-4.5,89.4,106.4,0.494,3,10.0,106.7,3,4,4,0.52,2016,20160507
1610612757,Portland Trail Blazers,1,1,0,1.0,48.0,40,86,0.465,17,30,0.567,23,29,0.793,11,30,41,19,10.0,5,4,6,19,20,120,12.0,1,1,1,1,1,2,2,3,1,1,1,1,1,2,1,2,2,2,1,2,2,4,1,3,1,1,0.292,1,1,125.0,122.7,0.708,0.513,3,2,2,1,1.9,1,0.104,96.5,2,3,96,10.8,80.42,1,0.564,0.475,13.7,97.1,111.9,0.5,1,14.8,111.3,1,2,3,0.608,2016,20160507
1610612761,Toronto Raptors,1,1,0,1.0,48.0,33,70,0.471,8,18,0.444,21,28,0.75,6,29,35,16,13.0,5,0,2,22,24,95,4.0,1,1,1,1,1,3,4,2,3,3,3,2,2,3,4,4,4,3,4,2,4,2,3,1,3,2,0.22,3,3,106.7,106.4,0.761,0.519,1,1,1,3,1.23,4,0.146,89.0,3,2,89,4.8,74.17,2,0.529,0.485,4.5,89.4,101.6,0.506,2,14.3,102.2,4,3,2,0.577,2016,20160507
1610612744,Golden State Warriors,1,1,0,1.0,53.0,44,95,0.463,17,40,0.425,27,33,0.818,10,39,49,22,14.0,13,10,3,27,29,132,7.0,1,1,1,1,1,1,2,1,1,1,1,1,1,2,2,1,2,1,2,1,1,2,3,1,1,1,0.25,1,1,115.8,116.3,0.618,0.594,3,2,4,1,1.57,1,0.123,102.79,1,4,114,12.6,85.66,1,0.553,0.5,5.2,106.0,103.7,0.452,2,15.0,110.6,3,1,2,0.603,2016,20160509
1610612748,Miami Heat,1,1,0,1.0,53.0,36,80,0.45,1,15,0.067,21,25,0.84,6,33,39,15,12.0,9,5,2,15,23,94,7.0,1,1,1,1,1,3,4,2,4,4,4,3,3,1,4,3,3,3,1,2,2,1,1,3,3,1,0.213,3,3,100.0,96.9,0.692,0.637,1,1,3,3,1.25,2,0.128,85.58,2,3,94,12.7,71.32,3,0.456,0.417,8.4,90.7,84.2,0.465,1,12.6,91.6,4,3,3,0.516,2016,20160509
1610612757,Portland Trail Blazers,1,0,1,0.0,53.0,43,106,0.406,15,39,0.385,24,33,0.727,18,34,52,22,18.0,8,3,10,29,27,125,-7.0,1,3,3,3,1,2,1,3,2,2,2,2,1,4,1,2,1,1,3,3,3,4,4,2,2,3,0.382,2,2,110.6,103.7,0.75,0.406,4,3,1,1,1.22,3,0.159,102.79,3,2,113,-12.6,85.66,2,0.476,0.512,-5.2,106.0,116.3,0.548,3,13.8,115.8,1,2,1,0.519,2016,20160509
1610612761,Toronto Raptors,1,0,1,0.0,53.0,33,84,0.393,6,20,0.3,15,19,0.789,7,32,39,12,18.0,7,2,5,23,15,87,-7.0,1,3,3,3,1,4,3,4,3,3,3,4,4,3,3,4,3,4,3,4,4,3,2,4,4,3,0.308,4,4,91.6,84.2,0.787,0.363,2,4,2,3,0.67,4,0.189,85.58,4,1,95,-12.7,71.32,4,0.429,0.364,-8.4,90.7,96.9,0.535,4,9.9,100.0,2,4,4,0.471,2016,20160509
1610612744,Golden State Warriors,1,1,0,1.0,48.0,43,84,0.512,14,32,0.438,25,29,0.862,9,35,44,28,16.0,5,4,4,25,23,125,4.0,1,1,1,1,1,1,2,1,2,2,2,2,2,1,4,1,2,1,4,3,2,2,4,2,1,2,0.205,1,1,119.0,120.5,0.696,0.546,3,2,4,1,1.75,3,0.152,105.5,3,2,105,7.6,87.92,1,0.595,0.651,4.9,105.5,112.9,0.48,2,19.7,114.2,4,1,1,0.646,2016,20160511
1610612748,Miami Heat,1,0,1,0.0,48.0,31,77,0.403,6,21,0.286,23,28,0.821,13,31,44,12,15.0,4,2,7,22,20,91,-8.0,1,3,3,3,1,4,4,4,4,3,4,3,3,3,1,3,2,4,3,4,4,4,2,4,4,4,0.354,4,4,102.2,99.6,0.681,0.409,2,4,2,3,0.8,4,0.169,89.5,4,3,89,-9.8,74.58,4,0.442,0.387,-7.8,90.9,109.5,0.516,4,10.2,110.0,1,4,4,0.509,2016,20160511
1610612757,Portland Trail Blazers,1,0,1,0.0,48.0,38,92,0.413,16,36,0.444,29,39,0.744,13,34,47,20,11.0,9,4,4,23,25,121,-4.0,1,3,3,3,1,2,1,3,1,1,1,1,1,4,1,2,1,2,2,2,2,2,3,1,2,3,0.304,2,2,114.2,112.9,0.795,0.454,4,3,1,1,1.82,2,0.104,105.5,1,1,106,-7.6,87.92,2,0.5,0.526,-4.9,105.5,120.5,0.52,3,14.2,119.0,3,2,2,0.554,2016,20160511
1610612761,Toronto Raptors,1,1,0,1.0,48.0,35,81,0.432,7,17,0.412,22,26,0.846,11,28,39,16,9.0,10,7,2,20,22,99,8.0,1,1,1,1,1,3,3,2,3,4,3,4,4,2,3,4,4,3,1,1,1,1,1,3,3,1,0.319,3,3,110.0,109.5,0.646,0.591,1,1,3,3,1.78,1,0.1,89.5,2,4,90,9.8,74.58,3,0.475,0.457,7.8,90.9,99.6,0.484,1,13.2,102.2,2,3,3,0.535,2016,20160511
1610612744,Golden State Warriors,1,0,1,0.0,48.0,40,91,0.44,11,30,0.367,11,17,0.647,8,36,44,26,14.0,8,4,6,22,15,102,-6.0,1,2,2,2,1,1,1,1,1,1,2,2,2,2,2,2,2,1,2,2,2,2,2,2,2,2,0.173,2,1,98.1,97.6,0.755,0.447,2,2,2,1,1.86,2,0.135,105.0,1,2,104,-5.2,87.5,2,0.5,0.65,-3.8,104.8,102.8,0.467,2,18.7,101.9,2,1,1,0.518,2016,20160516
1610612760,Oklahoma City Thunder,1,1,0,1.0,48.0,39,89,0.438,8,17,0.471,22,32,0.688,10,42,52,22,12.0,12,6,4,15,22,108,6.0,1,1,1,1,1,2,2,2,2,2,1,1,1,1,1,1,1,2,1,1,1,1,1,1,1,1,0.245,1,2,101.9,102.8,0.827,0.553,1,1,1,1,1.83,1,0.113,105.0,2,1,106,5.2,87.5,1,0.483,0.564,3.8,104.8,97.6,0.533,1,15.6,98.1,1,2,2,0.524,2016,20160516
1610612744,Golden State Warriors,1,1,0,1.0,48.0,43,85,0.506,13,28,0.464,19,28,0.679,15,30,45,26,12.0,9,3,4,21,22,118,27.0,1,1,1,1,1,1,1,1,1,1,1,1,1,2,1,1,1,1,1,1,2,2,1,1,1,1,0.408,1,1,131.1,125.1,0.696,0.605,1,1,1,1,2.17,1,0.133,90.0,1,1,90,29.7,75.0,1,0.582,0.605,30.0,94.8,95.4,0.547,1,19.1,101.1,1,1,2,0.606,2016,20160518
1610612760,Oklahoma City Thunder,1,0,1,0.0,48.0,35,78,0.449,7,23,0.304,14,19,0.737,7,29,36,22,16.0,9,4,3,22,21,91,-27.0,1,2,2,2,1,2,2,2,2,2,2,2,2,1,2,2,2,2,2,1,1,1,2,2,2,2,0.304,2,2,101.1,95.4,0.592,0.395,2,2,2,1,1.38,2,0.178,90.0,2,2,90,-29.7,75.0,2,0.494,0.629,-30.0,94.8,125.1,0.453,2,17.6,131.1,2,2,1,0.527,2016,20160518
1610612744,Golden State Warriors,1,0,1,0.0,48.0,38,92,0.413,10,32,0.313,19,25,0.76,10,28,38,19,14.0,9,1,8,21,23,105,-28.0,1,2,2,2,1,2,1,2,1,1,2,2,2,2,2,2,2,2,2,1,2,2,1,1,2,2,0.246,2,2,100.0,98.1,0.646,0.363,2,2,2,1,1.36,2,0.133,105.5,2,2,105,-23.6,87.92,2,0.467,0.5,-25.5,108.1,121.7,0.429,2,13.9,125.5,2,2,1,0.51,2016,20160522
1610612760,Oklahoma City Thunder,1,1,0,1.0,48.0,46,92,0.5,8,25,0.32,33,37,0.892,11,41,52,21,12.0,6,8,1,23,21,133,28.0,1,1,1,1,1,1,1,1,2,2,1,1,1,1,1,1,1,1,1,2,1,1,2,2,1,1,0.354,1,1,125.5,121.7,0.754,0.637,1,1,1,1,1.75,1,0.113,105.5,1,1,106,23.6,87.92,1,0.543,0.457,25.5,108.1,98.1,0.571,1,14.7,100.0,1,1,2,0.614,2016,20160522
1610612744,Golden State Warriors,1,0,1,0.0,48.0,33,80,0.413,9,30,0.3,19,29,0.655,8,32,40,15,21.0,11,4,8,26,22,94,-24.0,1,2,2,2,1,2,2,2,1,1,2,2,2,2,2,2,2,2,2,2,2,2,2,2,2,2,0.192,2,2,87.0,88.9,0.607,0.331,2,2,2,1,0.71,2,0.194,107.5,2,2,108,-18.8,89.58,2,0.469,0.455,-23.2,107.7,107.7,0.407,2,11.4,110.3,2,2,2,0.507,2016,20160524
1610612760,Oklahoma City Thunder,1,1,0,1.0,48.0,39,90,0.433,9,26,0.346,31,40,0.775,16,40,56,23,18.0,16,8,4,22,26,118,24.0,1,1,1,1,1,1,1,1,1,2,1,1,1,1,1,1,1,1,1,1,1,1,1,1,1,1,0.393,1,1,110.3,107.7,0.808,0.669,1,1,1,1,1.28,1,0.168,107.5,1,1,107,18.8,89.58,1,0.483,0.59,23.2,107.7,88.9,0.593,1,15.2,87.0,1,1,1,0.548,2016,20160524
1610612744,Golden State Warriors,1,1,0,1.0,48.0,40,85,0.471,9,24,0.375,31,34,0.912,11,34,45,25,16.0,13,7,2,18,26,120,9.0,1,1,1,1,1,1,2,1,2,2,2,1,1,1,2,1,1,1,1,1,1,1,1,1,1,1,0.283,1,1,116.5,114.3,0.709,0.591,1,1,1,1,1.56,1,0.155,103.5,1,2,103,9.2,86.25,1,0.524,0.625,9.8,105.3,105.2,0.515,1,17.7,106.7,2,1,1,0.6,2016,20160526
1610612760,Oklahoma City Thunder,1,0,1,0.0,48.0,39,91,0.429,13,30,0.433,20,24,0.833,13,32,45,23,17.0,8,2,7,26,18,111,-9.0,1,2,2,2,1,2,1,2,1,1,1,2,2,2,1,2,1,2,2,2,2,2,2,2,2,2,0.291,2,2,106.7,105.2,0.717,0.409,2,2,2,1,1.35,2,0.163,103.5,2,1,104,-9.2,86.25,2,0.5,0.59,-9.8,105.3,114.3,0.485,2,16.2,116.5,1,2,2,0.546,2016,20160526
1610612744,Golden State Warriors,1,1,0,1.0,48.0,36,88,0.409,21,45,0.467,15,24,0.625,13,31,44,23,15.0,11,4,10,25,22,108,7.0,1,1,1,1,1,2,2,2,1,1,1,2,2,2,2,2,2,1,1,1,2,2,2,2,1,1,0.357,1,1,110.2,107.4,0.596,0.524,1,1,2,1,1.53,1,0.153,97.0,1,2,98,9.4,80.83,1,0.528,0.639,5.0,101.8,98.0,0.478,1,16.4,105.2,2,1,1,0.548,2016,20160528
1610612760,Oklahoma City Thunder,1,0,1,0.0,48.0,38,90,0.422,3,23,0.13,22,32,0.688,16,33,49,16,15.0,9,10,4,22,25,101,-7.0,1,2,2,2,1,1,1,1,2,2,2,1,1,1,1,1,1,2,1,2,1,1,1,1,2,2,0.404,2,2,105.2,98.0,0.643,0.476,2,2,1,1,1.07,2,0.156,97.0,2,1,96,-9.4,80.83,2,0.439,0.421,-5.0,101.8,107.4,0.522,2,11.9,110.2,1,2,2,0.485,2016,20160528
1610612744,Golden State Warriors,1,1,0,1.0,48.0,37,85,0.435,17,37,0.459,5,8,0.625,10,36,46,20,11.0,4,4,5,16,11,96,8.0,1,1,1,1,1,1,2,1,1,1,1,2,2,2,2,1,2,1,2,1,2,2,2,2,1,1,0.306,1,1,110.3,107.2,0.684,0.526,1,1,1,1,1.82,2,0.126,86.5,2,2,87,8.9,72.08,1,0.535,0.541,8.0,89.5,98.3,0.509,1,16.5,102.3,2,1,2,0.542,2016,20160530
1610612760,Oklahoma City Thunder,1,0,1,0.0,48.0,34,89,0.382,7,27,0.259,13,17,0.765,14,33,47,20,7.0,3,5,4,11,16,88,-8.0,1,2,2,2,1,2,1,2,2,2,2,1,1,1,1,2,1,1,1,2,1,1,1,1,2,2,0.316,2,2,102.3,98.3,0.694,0.474,2,2,2,1,2.86,1,0.081,86.5,1,1,86,-8.9,72.08,2,0.421,0.588,-8.0,89.5,107.2,0.491,2,16.1,110.3,1,2,1,0.456,2016,20160530
1610612766,Charlotte Hornets,1,0,1,0.0,48.0,32,76,0.421,5,17,0.294,21,25,0.84,5,26,31,12,11.0,8,5,10,17,24,90,-7.0,1,4,4,4,1,5,5,5,5,4,5,2,3,3,6,5,6,6,2,3,3,6,1,2,5,5,0.234,5,5,100.0,96.8,0.674,0.459,3,5,6,3,1.09,2,0.122,89.5,4,2,90,-9.1,74.58,4,0.454,0.375,-9.0,92.3,105.9,0.452,5,10.8,109.0,6,6,5,0.517,2016,20160429
1610612754,Indiana Pacers,1,1,0,1.0,48.0,35,76,0.461,8,22,0.364,23,26,0.885,12,32,44,21,14.0,12,7,5,25,23,101,18.0,1,1,1,1,1,4,5,1,3,3,3,1,2,1,4,2,4,1,5,1,2,3,6,4,3,1,0.357,3,2,112.2,112.9,0.623,0.688,1,1,2,3,1.5,5,0.156,89.5,3,4,90,22.7,74.58,1,0.513,0.6,19.0,90.7,90.2,0.505,1,16.9,93.3,4,1,1,0.578,2016,20160429
1610612746,LA Clippers,1,0,1,0.0,48.0,39,87,0.448,4,16,0.25,21,31,0.677,16,30,46,15,9.0,8,1,2,24,23,103,-3.0,1,4,4,4,1,1,1,3,6,5,6,2,1,4,2,3,1,3,1,3,6,2,4,4,2,4,0.415,2,4,113.2,110.0,0.596,0.488,6,4,3,1,1.67,1,0.099,90.5,1,5,91,-5.8,75.42,5,0.471,0.385,-4.6,92.6,115.8,0.505,4,12.0,117.8,1,3,4,0.512,2016,20160429
1610612748,Miami Heat,1,1,0,1.0,48.0,38,83,0.458,8,16,0.5,13,15,0.867,11,35,46,14,13.0,4,10,5,24,17,97,7.0,1,1,1,1,1,2,3,2,3,5,1,6,6,2,5,1,1,4,3,5,1,3,4,6,4,2,0.326,4,3,109.0,105.9,0.766,0.541,2,2,1,3,1.08,4,0.146,89.5,5,1,89,9.1,74.58,3,0.506,0.368,9.0,92.3,96.8,0.548,2,12.0,100.0,5,4,6,0.541,2016,20160429
1610612757,Portland Trail Blazers,1,1,0,1.0,48.0,38,86,0.442,14,32,0.438,16,24,0.667,18,28,46,21,13.0,4,2,1,23,24,106,3.0,1,1,1,1,1,2,2,4,1,1,2,4,5,5,1,4,1,1,3,5,5,1,2,2,1,3,0.404,1,1,117.8,115.8,0.585,0.512,5,3,4,1,1.62,3,0.144,90.5,2,6,90,5.8,75.42,2,0.523,0.553,4.6,92.6,110.0,0.495,3,15.9,113.2,2,2,2,0.549,2016,20160429
1610612761,Toronto Raptors,1,0,1,0.0,48.0,29,79,0.367,9,29,0.31,16,25,0.64,15,25,40,14,17.0,9,5,7,23,25,83,-18.0,1,4,4,4,1,6,4,6,2,2,4,4,3,6,3,6,5,4,6,2,3,5,2,1,6,6,0.377,6,6,93.3,90.2,0.643,0.312,4,6,5,3,0.82,6,0.191,89.5,6,3,89,-22.7,74.58,6,0.424,0.483,-19.0,90.7,112.9,0.495,6,11.4,112.2,3,5,3,0.461,2016,20160429
1610612748,Miami Heat,1,0,1,0.0,53.0,39,79,0.494,5,14,0.357,9,13,0.692,9,36,45,14,21.0,6,7,1,21,21,92,-4.0,1,2,2,2,1,1,2,1,1,2,1,2,2,1,2,1,1,1,2,2,1,1,1,1,2,2,0.293,2,1,94.8,95.1,0.644,0.534,2,1,1,1,0.67,2,0.216,87.4,2,2,97,0.5,72.83,1,0.525,0.359,-5.2,89.7,94.6,0.5,2,11.6,100.0,2,1,1,0.543,2016,20160505
1610612761,Toronto Raptors,1,1,0,1.0,53.0,39,93,0.419,4,18,0.222,14,26,0.538,13,26,39,14,10.0,15,1,7,21,21,96,4.0,1,1,1,1,1,1,1,2,2,1,2,1,1,2,1,2,2,1,1,1,2,2,1,1,1,1,0.356,1,2,100.0,94.6,0.707,0.466,1,2,1,1,1.4,1,0.104,87.4,1,1,96,-0.5,72.83,2,0.441,0.359,5.2,89.7,95.1,0.5,1,10.8,94.8,1,2,1,0.46,2016,20160505
1610612748,Miami Heat,1,1,0,1.0,48.0,40,84,0.476,7,21,0.333,16,20,0.8,7,34,41,15,7.0,2,6,4,18,18,103,12.0,1,1,1,1,1,1,1,1,1,1,1,2,2,1,2,2,2,1,1,2,1,1,1,1,1,1,0.234,1,1,110.8,111.0,0.765,0.578,1,1,1,1,2.14,1,0.075,92.0,1,2,93,15.2,76.67,1,0.518,0.375,10.8,93.9,95.8,0.51,1,12.8,100.0,2,1,1,0.555,2016,20160513
1610612761,Toronto Raptors,1,0,1,0.0,48.0,34,82,0.415,4,16,0.25,19,25,0.76,8,35,43,10,10.0,4,4,6,18,18,91,-12.0,1,2,2,2,1,2,2,2,2,2,2,1,1,2,1,1,1,2,2,1,2,2,1,1,2,2,0.235,2,2,100.0,95.8,0.766,0.422,2,2,2,1,1.0,2,0.11,92.0,2,1,91,-15.2,76.67,2,0.439,0.294,-10.8,93.9,111.0,0.49,2,8.8,110.8,1,2,2,0.489,2016,20160513
1610612748,Miami Heat,1,0,1,0.0,48.0,32,72,0.444,7,25,0.28,18,23,0.783,7,23,30,16,14.0,6,7,4,29,23,89,-27.0,1,2,2,2,1,2,2,2,2,1,2,2,2,1,2,2,2,2,2,2,1,1,2,2,2,2,0.22,2,2,97.8,99.9,0.528,0.373,2,2,2,1,1.14,2,0.154,90.5,2,2,91,-22.3,75.42,2,0.493,0.5,-31.1,92.0,122.2,0.394,2,13.9,128.9,2,1,1,0.542,2016,20160515
1610612761,Toronto Raptors,1,1,0,1.0,48.0,39,85,0.459,9,20,0.45,29,43,0.674,20,30,50,17,11.0,8,4,7,23,29,116,27.0,1,1,1,1,1,1,1,1,1,2,1,1,1,2,1,1,1,1,1,1,2,2,1,1,1,1,0.472,1,1,128.9,122.2,0.78,0.627,1,1,1,1,1.55,1,0.122,90.5,1,1,90,22.3,75.42,1,0.512,0.436,31.1,92.0,99.9,0.606,1,12.9,97.8,1,2,2,0.558,2016,20160515
1610612760,Oklahoma City Thunder,1,0,1,0.0,48.0,35,85,0.412,6,23,0.261,16,21,0.762,11,27,38,23,10.0,6,2,10,13,16,92,-32.0,1,2,2,2,1,2,1,2,2,1,2,1,1,1,1,2,2,2,2,1,2,2,1,1,2,2,0.255,2,2,100.0,98.7,0.778,0.337,2,2,2,1,2.3,2,0.109,92.5,2,1,92,-30.6,77.08,2,0.447,0.657,-33.3,94.6,129.3,0.471,2,18.0,133.3,1,2,2,0.488,2016,20160430
1610612759,San Antonio Spurs,1,1,0,1.0,48.0,51,84,0.607,9,15,0.6,13,18,0.722,5,38,43,39,9.0,5,10,2,16,13,124,32.0,1,1,1,1,1,1,2,1,1,2,1,2,2,2,2,1,1,1,1,2,1,1,2,2,1,1,0.222,1,1,133.3,129.3,0.745,0.663,1,1,1,1,4.33,1,0.097,92.5,1,2,93,30.6,77.08,1,0.661,0.765,33.3,94.6,98.7,0.529,1,28.1,100.0,2,1,1,0.674,2016,20160430
1610612760,Oklahoma City Thunder,1,1,0,1.0,48.0,34,78,0.436,7,20,0.35,20,26,0.769,15,39,54,18,20.0,6,6,6,22,19,95,4.0,1,1,1,1,1,2,2,1,2,1,2,1,1,1,1,1,1,2,2,2,1,1,2,2,1,1,0.391,1,1,103.3,100.6,0.745,0.519,1,1,1,1,0.9,2,0.217,92.5,2,1,92,3.2,77.08,1,0.481,0.529,5.4,94.0,97.3,0.584,1,14.1,97.8,1,2,2,0.531,2016,20160510
1610612759,San Antonio Spurs,1,0,1,0.0,48.0,35,88,0.398,8,18,0.444,13,17,0.765,10,26,36,19,8.0,11,6,6,19,22,91,-4.0,1,2,2,2,1,1,1,2,1,2,1,2,2,2,2,2,2,1,1,1,1,1,1,1,2,2,0.255,2,2,97.8,97.3,0.609,0.481,2,2,2,1,2.38,1,0.086,92.5,1,2,93,-3.2,77.08,2,0.443,0.543,-5.4,94.0,100.6,0.416,2,15.2,103.3,2,1,1,0.477,2016,20160510
1610612760,Oklahoma City Thunder,1,1,0,1.0,48.0,40,85,0.471,6,22,0.273,27,31,0.871,14,36,50,21,12.0,7,7,3,18,21,113,14.0,1,1,1,1,1,1,2,1,1,1,2,1,1,1,1,1,1,1,2,1,1,1,1,1,1,1,0.34,1,1,116.5,116.9,0.736,0.593,1,1,1,1,1.75,2,0.124,97.0,2,1,97,18.0,80.83,1,0.506,0.525,14.4,98.3,99.0,0.55,1,15.7,102.1,1,1,1,0.573,2016,20160512
1610612759,San Antonio Spurs,1,0,1,0.0,48.0,40,93,0.43,6,17,0.353,13,16,0.813,10,30,40,19,10.0,7,3,7,21,18,99,-14.0,1,2,2,2,1,1,1,2,1,2,1,2,2,2,2,2,2,2,1,1,2,2,2,2,2,2,0.264,2,2,102.1,99.0,0.66,0.407,2,2,2,1,1.9,1,0.103,97.0,1,2,97,-18.0,80.83,2,0.462,0.475,-14.4,98.3,116.9,0.45,2,14.8,116.5,2,2,2,0.495,2016,20160512
