series_key,team,opp_team,TEAM_ID,opp_id,year
MIN_HOU_1997,MIN,HOU,1610612750,1610612745,1997
NYK_CHH_1997,NYK,CHH,1610612752,1610612766,1997
HOU_MIN_1997,HOU,MIN,1610612745,1610612750,1997
UTA_LAC_1997,UTA,LAC,1610612762,1610612746,1997
MIA_ORL_1997,MIA,ORL,1610612748,1610612753,1997
CHH_NYK_1997,CHH,NYK,1610612766,1610612752,1997
LAC_UTA_1997,LAC,UTA,1610612746,1610612762,1997
ORL_MIA_1997,ORL,MIA,1610612753,1610612748,1997
DET_ATL_1997,DET,ATL,1610612765,1610612737,1997
WAS_CHI_1997,WAS,CHI,1610612764,1610612741,1997
POR_LAL_1997,POR,LAL,1610612757,1610612747,1997
PHX_SEA_1997,PHX,SEA,1610612756,1610612760,1997
LAL_POR_1997,LAL,POR,1610612747,1610612757,1997
ATL_DET_1997,ATL,DET,1610612737,1610612765,1997
CHI_WAS_1997,CHI,WAS,1610612741,1610612764,1997
SEA_PHX_1997,SEA,PHX,1610612760,1610612756,1997
UTA_LAL_1997,UTA,LAL,1610612762,1610612747,1997
LAL_UTA_1997,LAL,UTA,1610612747,1610612762,1997
HOU_SEA_1997,HOU,SEA,1610612745,1610612760,1997
SEA_HOU_1997,SEA,HOU,1610612760,1610612745,1997
CHI_ATL_1997,CHI,ATL,1610612741,1610612737,1997
ATL_CHI_1997,ATL,CHI,1610612737,1610612741,1997
MIA_NYK_1997,MIA,NYK,1610612748,1610612752,1997
NYK_MIA_1997,NYK,MIA,1610612752,1610612748,1997
UTA_HOU_1997,UTA,HOU,1610612762,1610612745,1997
HOU_UTA_1997,HOU,UTA,1610612745,1610612762,1997
CHI_MIA_1997,CHI,MIA,1610612741,1610612748,1997
MIA_CHI_1997,MIA,CHI,1610612748,1610612741,1997
CHI_UTA_1997,CHI,UTA,1610612741,1610612762,1997
UTA_CHI_1997,UTA,CHI,1610612762,1610612741,1997
HOU_UTA_1998,HOU,UTA,1610612745,1610612762,1998
IND_CLE_1998,IND,CLE,1610612754,1610612739,1998
PHX_SAS_1998,PHX,SAS,1610612756,1610612759,1998
CHH_ATL_1998,CHH,ATL,1610612766,1610612737,1998
UTA_HOU_1998,UTA,HOU,1610612762,1610612745,1998
SAS_PHX_1998,SAS,PHX,1610612759,1610612756,1998
ATL_CHH_1998,ATL,CHH,1610612737,1610612766,1998
CLE_IND_1998,CLE,IND,1610612739,1610612754,1998
LAL_POR_1998,LAL,POR,1610612747,1610612757,1998
CHI_NJN_1998,CHI,NJN,1610612741,1610612751,1998
SEA_MIN_1998,SEA,MIN,1610612760,1610612750,1998
MIA_NYK_1998,MIA,NYK,1610612748,1610612752,1998
MIN_SEA_1998,MIN,SEA,1610612750,1610612760,1998
POR_LAL_1998,POR,LAL,1610612757,1610612747,1998
NJN_CHI_1998,NJN,CHI,1610612751,1610612741,1998
NYK_MIA_1998,NYK,MIA,1610612752,1610612748,1998
CHI_CHH_1998,CHI,CHH,1610612741,1610612766,1998
CHH_CHI_1998,CHH,CHI,1610612766,1610612741,1998
LAL_SEA_1998,LAL,SEA,1610612747,1610612760,1998
SEA_LAL_1998,SEA,LAL,1610612760,1610612747,1998
IND_NYK_1998,IND,NYK,1610612754,1610612752,1998
UTA_SAS_1998,UTA,SAS,1610612762,1610612759,1998
SAS_UTA_1998,SAS,UTA,1610612759,1610612762,1998
NYK_IND_1998,NYK,IND,1610612752,1610612754,1998
LAL_UTA_1998,LAL,UTA,1610612747,1610612762,1998
UTA_LAL_1998,UTA,LAL,1610612762,1610612747,1998
CHI_IND_1998,CHI,IND,1610612741,1610612754,1998
IND_CHI_1998,IND,CHI,1610612754,1610612741,1998
UTA_CHI_1998,UTA,CHI,1610612762,1610612741,1998
CHI_UTA_1998,CHI,UTA,1610612741,1610612762,1998
DET_ATL_1999,DET,ATL,1610612765,1610612737,1999
MIA_NYK_1999,MIA,NYK,1610612748,1610612752,1999
UTA_SAC_1999,UTA,SAC,1610612762,1610612758,1999
ATL_DET_1999,ATL,DET,1610612737,1610612765,1999
POR_PHX_1999,POR,PHX,1610612757,1610612756,1999
NYK_MIA_1999,NYK,MIA,1610612752,1610612748,1999
SAC_UTA_1999,SAC,UTA,1610612758,1610612762,1999
PHX_POR_1999,PHX,POR,1610612756,1610612757,1999
PHI_ORL_1999,PHI,ORL,1610612755,1610612753,1999
MIL_IND_1999,MIL,IND,1610612749,1610612754,1999
SAS_MIN_1999,SAS,MIN,1610612759,1610612750,1999
IND_MIL_1999,IND,MIL,1610612754,1610612749,1999
LAL_HOU_1999,LAL,HOU,1610612747,1610612745,1999
ORL_PHI_1999,ORL,PHI,1610612753,1610612755,1999
MIN_SAS_1999,MIN,SAS,1610612750,1610612759,1999
HOU_LAL_1999,HOU,LAL,1610612745,1610612747,1999
SAS_LAL_1999,SAS,LAL,1610612759,1610612747,1999
IND_PHI_1999,IND,PHI,1610612754,1610612755,1999
PHI_IND_1999,PHI,IND,1610612755,1610612754,1999
LAL_SAS_1999,LAL,SAS,1610612747,1610612759,1999
ATL_NYK_1999,ATL,NYK,1610612737,1610612752,1999
UTA_POR_1999,UTA,POR,1610612762,1610612757,1999
NYK_ATL_1999,NYK,ATL,1610612752,1610612737,1999
POR_UTA_1999,POR,UTA,1610612757,1610612762,1999
POR_SAS_1999,POR,SAS,1610612757,1610612759,1999
SAS_POR_1999,SAS,POR,1610612759,1610612757,1999
NYK_IND_1999,NYK,IND,1610612752,1610612754,1999
IND_NYK_1999,IND,NYK,1610612754,1610612752,1999
NYK_SAS_1999,NYK,SAS,1610612752,1610612759,1999
SAS_NYK_1999,SAS,NYK,1610612759,1610612752,1999
DET_MIA_2000,DET,MIA,1610612765,1610612748,2000
PHI_CHH_2000,PHI,CHH,1610612755,1610612766,2000
UTA_SEA_2000,UTA,SEA,1610612762,1610612760,2000
SEA_UTA_2000,SEA,UTA,1610612760,1610612762,2000
MIA_DET_2000,MIA,DET,1610612748,1610612765,2000
PHX_SAS_2000,PHX,SAS,1610612756,1610612759,2000
SAS_PHX_2000,SAS,PHX,1610612759,1610612756,2000
CHH_PHI_2000,CHH,PHI,1610612766,1610612755,2000
SAC_LAL_2000,SAC,LAL,1610612758,1610612747,2000
TOR_NYK_2000,TOR,NYK,1610612761,1610612752,2000
POR_MIN_2000,POR,MIN,1610612757,1610612750,2000
NYK_TOR_2000,NYK,TOR,1610612752,1610612761,2000
IND_MIL_2000,IND,MIL,1610612754,1610612749,2000
LAL_SAC_2000,LAL,SAC,1610612747,1610612758,2000
MIN_POR_2000,MIN,POR,1610612750,1610612757,2000
MIL_IND_2000,MIL,IND,1610612749,1610612754,2000
PHI_IND_2000,PHI,IND,1610612755,1610612754,2000
IND_PHI_2000,IND,PHI,1610612754,1610612755,2000
PHX_LAL_2000,PHX,LAL,1610612756,1610612747,2000
NYK_MIA_2000,NYK,MIA,1610612752,1610612748,2000
UTA_POR_2000,UTA,POR,1610612762,1610612757,2000
MIA_NYK_2000,MIA,NYK,1610612748,1610612752,2000
LAL_PHX_2000,LAL,PHX,1610612747,1610612756,2000
POR_UTA_2000,POR,UTA,1610612757,1610612762,2000
POR_LAL_2000,POR,LAL,1610612757,1610612747,2000
LAL_POR_2000,LAL,POR,1610612747,1610612757,2000
NYK_IND_2000,NYK,IND,1610612752,1610612754,2000
IND_NYK_2000,IND,NYK,1610612754,1610612752,2000
IND_LAL_2000,IND,LAL,1610612754,1610612747,2000
LAL_IND_2000,LAL,IND,1610612747,1610612754,2000
SAS_MIN_2001,SAS,MIN,1610612759,1610612750,2001
MIA_CHH_2001,MIA,CHH,1610612748,1610612766,2001
PHI_IND_2001,PHI,IND,1610612755,1610612754,2001
UTA_DAL_2001,UTA,DAL,1610612762,1610612742,2001
IND_PHI_2001,IND,PHI,1610612754,1610612755,2001
CHH_MIA_2001,CHH,MIA,1610612766,1610612748,2001
MIN_SAS_2001,MIN,SAS,1610612750,1610612759,2001
DAL_UTA_2001,DAL,UTA,1610612742,1610612762,2001
ORL_MIL_2001,ORL,MIL,1610612753,1610612749,2001
POR_LAL_2001,POR,LAL,1610612757,1610612747,2001
PHX_SAC_2001,PHX,SAC,1610612756,1610612758,2001
NYK_TOR_2001,NYK,TOR,1610612752,1610612761,2001
TOR_NYK_2001,TOR,NYK,1610612761,1610612752,2001
SAC_PHX_2001,SAC,PHX,1610612758,1610612756,2001
MIL_ORL_2001,MIL,ORL,1610612749,1610612753,2001
LAL_POR_2001,LAL,POR,1610612747,1610612757,2001
SAS_DAL_2001,SAS,DAL,1610612759,1610612742,2001
DAL_SAS_2001,DAL,SAS,1610612742,1610612759,2001
PHI_TOR_2001,PHI,TOR,1610612755,1610612761,2001
CHH_MIL_2001,CHH,MIL,1610612766,1610612749,2001
MIL_CHH_2001,MIL,CHH,1610612749,1610612766,2001
LAL_SAC_2001,LAL,SAC,1610612747,1610612758,2001
TOR_PHI_2001,TOR,PHI,1610612761,1610612755,2001
SAC_LAL_2001,SAC,LAL,1610612758,1610612747,2001
SAS_LAL_2001,SAS,LAL,1610612759,1610612747,2001
LAL_SAS_2001,LAL,SAS,1610612747,1610612759,2001
MIL_PHI_2001,MIL,PHI,1610612749,1610612755,2001
PHI_MIL_2001,PHI,MIL,1610612755,1610612749,2001
LAL_PHI_2001,LAL,PHI,1610612747,1610612755,2001
PHI_LAL_2001,PHI,LAL,1610612755,1610612747,2001
NJN_IND_2002,NJN,IND,1610612751,1610612754,2002
CHH_ORL_2002,CHH,ORL,1610612766,1610612753,2002
SAC_UTA_2002,SAC,UTA,1610612758,1610612762,2002
SAS_SEA_2002,SAS,SEA,1610612759,1610612760,2002
SEA_SAS_2002,SEA,SAS,1610612760,1610612759,2002
IND_NJN_2002,IND,NJN,1610612754,1610612751,2002
UTA_SAC_2002,UTA,SAC,1610612762,1610612758,2002
ORL_CHH_2002,ORL,CHH,1610612753,1610612766,2002
DET_TOR_2002,DET,TOR,1610612765,1610612761,2002
LAL_POR_2002,LAL,POR,1610612747,1610612757,2002
TOR_DET_2002,TOR,DET,1610612761,1610612765,2002
PHI_BOS_2002,PHI,BOS,1610612755,1610612738,2002
POR_LAL_2002,POR,LAL,1610612757,1610612747,2002
MIN_DAL_2002,MIN,DAL,1610612750,1610612742,2002
DAL_MIN_2002,DAL,MIN,1610612742,1610612750,2002
BOS_PHI_2002,BOS,PHI,1610612738,1610612755,2002
DAL_SAC_2002,DAL,SAC,1610612742,1610612758,2002
SAC_DAL_2002,SAC,DAL,1610612758,1610612742,2002
CHH_NJN_2002,CHH,NJN,1610612766,1610612751,2002
BOS_DET_2002,BOS,DET,1610612738,1610612765,2002
SAS_LAL_2002,SAS,LAL,1610612759,1610612747,2002
LAL_SAS_2002,LAL,SAS,1610612747,1610612759,2002
NJN_CHH_2002,NJN,CHH,1610612751,1610612766,2002
DET_BOS_2002,DET,BOS,1610612765,1610612738,2002
SAC_LAL_2002,SAC,LAL,1610612758,1610612747,2002
LAL_SAC_2002,LAL,SAC,1610612747,1610612758,2002
NJN_BOS_2002,NJN,BOS,1610612751,1610612738,2002
BOS_NJN_2002,BOS,NJN,1610612738,1610612751,2002
NJN_LAL_2002,NJN,LAL,1610612751,1610612747,2002
LAL_NJN_2002,LAL,NJN,1610612747,1610612751,2002
BOS_IND_2003,BOS,IND,1610612738,1610612754,2003
UTA_SAC_2003,UTA,SAC,1610612762,1610612758,2003
POR_DAL_2003,POR,DAL,1610612757,1610612742,2003
DAL_POR_2003,DAL,POR,1610612742,1610612757,2003
NJN_MIL_2003,NJN,MIL,1610612751,1610612749,2003
IND_BOS_2003,IND,BOS,1610612754,1610612738,2003
SAC_UTA_2003,SAC,UTA,1610612758,1610612762,2003
SAS_PHX_2003,SAS,PHX,1610612759,1610612756,2003
MIL_NJN_2003,MIL,NJN,1610612749,1610612751,2003
PHX_SAS_2003,PHX,SAS,1610612756,1610612759,2003
MIN_LAL_2003,MIN,LAL,1610612750,1610612747,2003
DET_ORL_2003,DET,ORL,1610612765,1610612753,2003
PHI_NOH_2003,PHI,NOH,1610612755,1610612740,2003
LAL_MIN_2003,LAL,MIN,1610612747,1610612750,2003
ORL_DET_2003,ORL,DET,1610612753,1610612765,2003
NOH_PHI_2003,NOH,PHI,1610612740,1610612755,2003
BOS_NJN_2003,BOS,NJN,1610612738,1610612751,2003
LAL_SAS_2003,LAL,SAS,1610612747,1610612759,2003
SAS_LAL_2003,SAS,LAL,1610612759,1610612747,2003
NJN_BOS_2003,NJN,BOS,1610612751,1610612738,2003
DET_PHI_2003,DET,PHI,1610612765,1610612755,2003
SAC_DAL_2003,SAC,DAL,1610612758,1610612742,2003
PHI_DET_2003,PHI,DET,1610612755,1610612765,2003
DAL_SAC_2003,DAL,SAC,1610612742,1610612758,2003
DET_NJN_2003,DET,NJN,1610612765,1610612751,2003
NJN_DET_2003,NJN,DET,1610612751,1610612765,2003
DAL_SAS_2003,DAL,SAS,1610612742,1610612759,2003
SAS_DAL_2003,SAS,DAL,1610612759,1610612742,2003
SAS_NJN_2003,SAS,NJN,1610612759,1610612751,2003
NJN_SAS_2003,NJN,SAS,1610612751,1610612759,2003
HOU_LAL_2004,HOU,LAL,1610612745,1610612747,2004
BOS_IND_2004,BOS,IND,1610612738,1610612754,2004
MEM_SAS_2004,MEM,SAS,1610612763,1610612759,2004
NYK_NJN_2004,NYK,NJN,1610612752,1610612751,2004
SAS_MEM_2004,SAS,MEM,1610612759,1610612763,2004
NJN_NYK_2004,NJN,NYK,1610612751,1610612752,2004
LAL_HOU_2004,LAL,HOU,1610612747,1610612745,2004
IND_BOS_2004,IND,BOS,1610612754,1610612738,2004
NOH_MIA_2004,NOH,MIA,1610612740,1610612748,2004
DAL_SAC_2004,DAL,SAC,1610612742,1610612758,2004
DEN_MIN_2004,DEN,MIN,1610612743,1610612750,2004
MIL_DET_2004,MIL,DET,1610612749,1610612765,2004
SAC_DAL_2004,SAC,DAL,1610612758,1610612742,2004
MIA_NOH_2004,MIA,NOH,1610612748,1610612740,2004
MIN_DEN_2004,MIN,DEN,1610612750,1610612743,2004
DET_MIL_2004,DET,MIL,1610612765,1610612749,2004
LAL_SAS_2004,LAL,SAS,1610612747,1610612759,2004
SAS_LAL_2004,SAS,LAL,1610612759,1610612747,2004
DET_NJN_2004,DET,NJN,1610612765,1610612751,2004
NJN_DET_2004,NJN,DET,1610612751,1610612765,2004
MIN_SAC_2004,MIN,SAC,1610612750,1610612758,2004
SAC_MIN_2004,SAC,MIN,1610612758,1610612750,2004
MIA_IND_2004,MIA,IND,1610612748,1610612754,2004
IND_MIA_2004,IND,MIA,1610612754,1610612748,2004
MIN_LAL_2004,MIN,LAL,1610612750,1610612747,2004
LAL_MIN_2004,LAL,MIN,1610612747,1610612750,2004
IND_DET_2004,IND,DET,1610612754,1610612765,2004
DET_IND_2004,DET,IND,1610612765,1610612754,2004
LAL_DET_2004,LAL,DET,1610612747,1610612765,2004
DET_LAL_2004,DET,LAL,1610612765,1610612747,2004
SAC_SEA_2005,SAC,SEA,1610612758,1610612760,2005
PHI_DET_2005,PHI,DET,1610612755,1610612765,2005
HOU_DAL_2005,HOU,DAL,1610612745,1610612742,2005
IND_BOS_2005,IND,BOS,1610612754,1610612738,2005
SEA_SAC_2005,SEA,SAC,1610612760,1610612758,2005
DET_PHI_2005,DET,PHI,1610612765,1610612755,2005
BOS_IND_2005,BOS,IND,1610612738,1610612754,2005
DAL_HOU_2005,DAL,HOU,1610612742,1610612745,2005
NJN_MIA_2005,NJN,MIA,1610612751,1610612748,2005
CHI_WAS_2005,CHI,WAS,1610612741,1610612764,2005
MIA_NJN_2005,MIA,NJN,1610612748,1610612751,2005
MEM_PHX_2005,MEM,PHX,1610612763,1610612756,2005
WAS_CHI_2005,WAS,CHI,1610612764,1610612741,2005
DEN_SAS_2005,DEN,SAS,1610612743,1610612759,2005
SAS_DEN_2005,SAS,DEN,1610612759,1610612743,2005
PHX_MEM_2005,PHX,MEM,1610612756,1610612763,2005
MIA_WAS_2005,MIA,WAS,1610612748,1610612764,2005
WAS_MIA_2005,WAS,MIA,1610612764,1610612748,2005
SAS_SEA_2005,SAS,SEA,1610612759,1610612760,2005
SEA_SAS_2005,SEA,SAS,1610612760,1610612759,2005
DET_IND_2005,DET,IND,1610612765,1610612754,2005
IND_DET_2005,IND,DET,1610612754,1610612765,2005
PHX_DAL_2005,PHX,DAL,1610612756,1610612742,2005
DAL_PHX_2005,DAL,PHX,1610612742,1610612756,2005
PHX_SAS_2005,PHX,SAS,1610612756,1610612759,2005
SAS_PHX_2005,SAS,PHX,1610612759,1610612756,2005
DET_MIA_2005,DET,MIA,1610612765,1610612748,2005
MIA_DET_2005,MIA,DET,1610612748,1610612765,2005
SAS_DET_2005,SAS,DET,1610612759,1610612765,2005
DET_SAS_2005,DET,SAS,1610612765,1610612759,2005
MIA_CHI_2006,MIA,CHI,1610612748,1610612741,2006
LAC_DEN_2006,LAC,DEN,1610612746,1610612743,2006
CLE_WAS_2006,CLE,WAS,1610612739,1610612764,2006
SAS_SAC_2006,SAS,SAC,1610612759,1610612758,2006
SAC_SAS_2006,SAC,SAS,1610612758,1610612759,2006
DEN_LAC_2006,DEN,LAC,1610612743,1610612746,2006
WAS_CLE_2006,WAS,CLE,1610612764,1610612739,2006
CHI_MIA_2006,CHI,MIA,1610612741,1610612748,2006
PHX_LAL_2006,PHX,LAL,1610612756,1610612747,2006
DET_MIL_2006,DET,MIL,1610612765,1610612749,2006
MEM_DAL_2006,MEM,DAL,1610612763,1610612742,2006
DAL_MEM_2006,DAL,MEM,1610612742,1610612763,2006
MIL_DET_2006,MIL,DET,1610612749,1610612765,2006
IND_NJN_2006,IND,NJN,1610612754,1610612751,2006
LAL_PHX_2006,LAL,PHX,1610612747,1610612756,2006
NJN_IND_2006,NJN,IND,1610612751,1610612754,2006
SAS_DAL_2006,SAS,DAL,1610612759,1610612742,2006
CLE_DET_2006,CLE,DET,1610612739,1610612765,2006
DAL_SAS_2006,DAL,SAS,1610612742,1610612759,2006
DET_CLE_2006,DET,CLE,1610612765,1610612739,2006
PHX_LAC_2006,PHX,LAC,1610612756,1610612746,2006
MIA_NJN_2006,MIA,NJN,1610612748,1610612751,2006
LAC_PHX_2006,LAC,PHX,1610612746,1610612756,2006
NJN_MIA_2006,NJN,MIA,1610612751,1610612748,2006
DET_MIA_2006,DET,MIA,1610612765,1610612748,2006
MIA_DET_2006,MIA,DET,1610612748,1610612765,2006
PHX_DAL_2006,PHX,DAL,1610612756,1610612742,2006
DAL_PHX_2006,DAL,PHX,1610612742,1610612756,2006
DAL_MIA_2006,DAL,MIA,1610612742,1610612748,2006
MIA_DAL_2006,MIA,DAL,1610612748,1610612742,2006
UTA_HOU_2007,UTA,HOU,1610612762,1610612745,2007
ORL_DET_2007,ORL,DET,1610612753,1610612765,2007
HOU_UTA_2007,HOU,UTA,1610612745,1610612762,2007
NJN_TOR_2007,NJN,TOR,1610612751,1610612761,2007
MIA_CHI_2007,MIA,CHI,1610612748,1610612741,2007
TOR_NJN_2007,TOR,NJN,1610612761,1610612751,2007
CHI_MIA_2007,CHI,MIA,1610612741,1610612748,2007
DET_ORL_2007,DET,ORL,1610612765,1610612753,2007
DEN_SAS_2007,DEN,SAS,1610612743,1610612759,2007
WAS_CLE_2007,WAS,CLE,1610612764,1610612739,2007
DAL_GSW_2007,DAL,GSW,1610612742,1610612744,2007
LAL_PHX_2007,LAL,PHX,1610612747,1610612756,2007
GSW_DAL_2007,GSW,DAL,1610612744,1610612742,2007
PHX_LAL_2007,PHX,LAL,1610612756,1610612747,2007
CLE_WAS_2007,CLE,WAS,1610612739,1610612764,2007
SAS_DEN_2007,SAS,DEN,1610612759,1610612743,2007
DET_CHI_2007,DET,CHI,1610612765,1610612741,2007
CHI_DET_2007,CHI,DET,1610612741,1610612765,2007
NJN_CLE_2007,NJN,CLE,1610612751,1610612739,2007
SAS_PHX_2007,SAS,PHX,1610612759,1610612756,2007
CLE_NJN_2007,CLE,NJN,1610612739,1610612751,2007
PHX_SAS_2007,PHX,SAS,1610612756,1610612759,2007
UTA_GSW_2007,UTA,GSW,1610612762,1610612744,2007
GSW_UTA_2007,GSW,UTA,1610612744,1610612762,2007
UTA_SAS_2007,UTA,SAS,1610612762,1610612759,2007
SAS_UTA_2007,SAS,UTA,1610612759,1610612762,2007
DET_CLE_2007,DET,CLE,1610612765,1610612739,2007
CLE_DET_2007,CLE,DET,1610612739,1610612765,2007
SAS_CLE_2007,SAS,CLE,1610612759,1610612739,2007
CLE_SAS_2007,CLE,SAS,1610612739,1610612759,2007
UTA_HOU_2008,UTA,HOU,1610612762,1610612745,2008
NOH_DAL_2008,NOH,DAL,1610612740,1610612742,2008
CLE_WAS_2008,CLE,WAS,1610612739,1610612764,2008
DAL_NOH_2008,DAL,NOH,1610612742,1610612740,2008
WAS_CLE_2008,WAS,CLE,1610612764,1610612739,2008
PHX_SAS_2008,PHX,SAS,1610612756,1610612759,2008
SAS_PHX_2008,SAS,PHX,1610612759,1610612756,2008
HOU_UTA_2008,HOU,UTA,1610612745,1610612762,2008
BOS_ATL_2008,BOS,ATL,1610612738,1610612737,2008
TOR_ORL_2008,TOR,ORL,1610612761,1610612753,2008
PHI_DET_2008,PHI,DET,1610612755,1610612765,2008
LAL_DEN_2008,LAL,DEN,1610612747,1610612743,2008
DET_PHI_2008,DET,PHI,1610612765,1610612755,2008
ATL_BOS_2008,ATL,BOS,1610612737,1610612738,2008
ORL_TOR_2008,ORL,TOR,1610612753,1610612761,2008
DEN_LAL_2008,DEN,LAL,1610612743,1610612747,2008
NOH_SAS_2008,NOH,SAS,1610612740,1610612759,2008
DET_ORL_2008,DET,ORL,1610612765,1610612753,2008
SAS_NOH_2008,SAS,NOH,1610612759,1610612740,2008
ORL_DET_2008,ORL,DET,1610612753,1610612765,2008
LAL_UTA_2008,LAL,UTA,1610612747,1610612762,2008
UTA_LAL_2008,UTA,LAL,1610612762,1610612747,2008
BOS_CLE_2008,BOS,CLE,1610612738,1610612739,2008
CLE_BOS_2008,CLE,BOS,1610612739,1610612738,2008
BOS_DET_2008,BOS,DET,1610612738,1610612765,2008
DET_BOS_2008,DET,BOS,1610612765,1610612738,2008
LAL_SAS_2008,LAL,SAS,1610612747,1610612759,2008
SAS_LAL_2008,SAS,LAL,1610612759,1610612747,2008
LAL_BOS_2008,LAL,BOS,1610612747,1610612738,2008
BOS_LAL_2008,BOS,LAL,1610612738,1610612747,2008
SAS_DAL_2009,SAS,DAL,1610612759,1610612742,2009
POR_HOU_2009,POR,HOU,1610612757,1610612745,2009
CLE_DET_2009,CLE,DET,1610612739,1610612765,2009
DET_CLE_2009,DET,CLE,1610612765,1610612739,2009
BOS_CHI_2009,BOS,CHI,1610612738,1610612741,2009
DAL_SAS_2009,DAL,SAS,1610612742,1610612759,2009
CHI_BOS_2009,CHI,BOS,1610612741,1610612738,2009
HOU_POR_2009,HOU,POR,1610612745,1610612757,2009
LAL_UTA_2009,LAL,UTA,1610612747,1610612762,2009
ATL_MIA_2009,ATL,MIA,1610612737,1610612748,2009
DEN_NOH_2009,DEN,NOH,1610612743,1610612740,2009
ORL_PHI_2009,ORL,PHI,1610612753,1610612755,2009
PHI_ORL_2009,PHI,ORL,1610612755,1610612753,2009
UTA_LAL_2009,UTA,LAL,1610612762,1610612747,2009
MIA_ATL_2009,MIA,ATL,1610612748,1610612737,2009
NOH_DEN_2009,NOH,DEN,1610612740,1610612743,2009
DAL_DEN_2009,DAL,DEN,1610612742,1610612743,2009
DEN_DAL_2009,DEN,DAL,1610612743,1610612742,2009
BOS_ORL_2009,BOS,ORL,1610612738,1610612753,2009
LAL_HOU_2009,LAL,HOU,1610612747,1610612745,2009
HOU_LAL_2009,HOU,LAL,1610612745,1610612747,2009
ORL_BOS_2009,ORL,BOS,1610612753,1610612738,2009
ATL_CLE_2009,ATL,CLE,1610612737,1610612739,2009
CLE_ATL_2009,CLE,ATL,1610612739,1610612737,2009
LAL_DEN_2009,LAL,DEN,1610612747,1610612743,2009
DEN_LAL_2009,DEN,LAL,1610612743,1610612747,2009
CLE_ORL_2009,CLE,ORL,1610612739,1610612753,2009
ORL_CLE_2009,ORL,CLE,1610612753,1610612739,2009
LAL_ORL_2009,LAL,ORL,1610612747,1610612753,2009
ORL_LAL_2009,ORL,LAL,1610612753,1610612747,2009
CHI_CLE_2010,CHI,CLE,1610612741,1610612739,2010
DEN_UTA_2010,DEN,UTA,1610612743,1610612762,2010
MIL_ATL_2010,MIL,ATL,1610612749,1610612737,2010
UTA_DEN_2010,UTA,DEN,1610612762,1610612743,2010
CLE_CHI_2010,CLE,CHI,1610612739,1610612741,2010
BOS_MIA_2010,BOS,MIA,1610612738,1610612748,2010
MIA_BOS_2010,MIA,BOS,1610612748,1610612738,2010
ATL_MIL_2010,ATL,MIL,1610612737,1610612749,2010
DAL_SAS_2010,DAL,SAS,1610612742,1610612759,2010
LAL_OKC_2010,LAL,OKC,1610612747,1610612760,2010
PHX_POR_2010,PHX,POR,1610612756,1610612757,2010
ORL_CHA_2010,ORL,CHA,1610612753,1610612766,2010
POR_PHX_2010,POR,PHX,1610612757,1610612756,2010
CHA_ORL_2010,CHA,ORL,1610612766,1610612753,2010
SAS_DAL_2010,SAS,DAL,1610612759,1610612742,2010
OKC_LAL_2010,OKC,LAL,1610612760,1610612747,2010
BOS_CLE_2010,BOS,CLE,1610612738,1610612739,2010
CLE_BOS_2010,CLE,BOS,1610612739,1610612738,2010
LAL_UTA_2010,LAL,UTA,1610612747,1610612762,2010
UTA_LAL_2010,UTA,LAL,1610612762,1610612747,2010
PHX_SAS_2010,PHX,SAS,1610612756,1610612759,2010
SAS_PHX_2010,SAS,PHX,1610612759,1610612756,2010
ATL_ORL_2010,ATL,ORL,1610612737,1610612753,2010
ORL_ATL_2010,ORL,ATL,1610612753,1610612737,2010
BOS_ORL_2010,BOS,ORL,1610612738,1610612753,2010
ORL_BOS_2010,ORL,BOS,1610612753,1610612738,2010
PHX_LAL_2010,PHX,LAL,1610612756,1610612747,2010
LAL_PHX_2010,LAL,PHX,1610612747,1610612756,2010
BOS_LAL_2010,BOS,LAL,1610612738,1610612747,2010
LAL_BOS_2010,LAL,BOS,1610612747,1610612738,2010
ATL_ORL_2011,ATL,ORL,1610612737,1610612753,2011
POR_DAL_2011,POR,DAL,1610612757,1610612742,2011
IND_CHI_2011,IND,CHI,1610612754,1610612741,2011
PHI_MIA_2011,PHI,MIA,1610612755,1610612748,2011
DAL_POR_2011,DAL,POR,1610612742,1610612757,2011
MIA_PHI_2011,MIA,PHI,1610612748,1610612755,2011
ORL_ATL_2011,ORL,ATL,1610612753,1610612737,2011
CHI_IND_2011,CHI,IND,1610612741,1610612754,2011
NYK_BOS_2011,NYK,BOS,1610612752,1610612738,2011
MEM_SAS_2011,MEM,SAS,1610612763,1610612759,2011
DEN_OKC_2011,DEN,OKC,1610612743,1610612760,2011
NOH_LAL_2011,NOH,LAL,1610612740,1610612747,2011
SAS_MEM_2011,SAS,MEM,1610612759,1610612763,2011
LAL_NOH_2011,LAL,NOH,1610612747,1610612740,2011
BOS_NYK_2011,BOS,NYK,1610612738,1610612752,2011
OKC_DEN_2011,OKC,DEN,1610612760,1610612743,2011
MEM_OKC_2011,MEM,OKC,1610612763,1610612760,2011
MIA_BOS_2011,MIA,BOS,1610612748,1610612738,2011
OKC_MEM_2011,OKC,MEM,1610612760,1610612763,2011
BOS_MIA_2011,BOS,MIA,1610612738,1610612748,2011
ATL_CHI_2011,ATL,CHI,1610612737,1610612741,2011
CHI_ATL_2011,CHI,ATL,1610612741,1610612737,2011
DAL_LAL_2011,DAL,LAL,1610612742,1610612747,2011
LAL_DAL_2011,LAL,DAL,1610612747,1610612742,2011
CHI_MIA_2011,CHI,MIA,1610612741,1610612748,2011
MIA_CHI_2011,MIA,CHI,1610612748,1610612741,2011
OKC_DAL_2011,OKC,DAL,1610612760,1610612742,2011
DAL_OKC_2011,DAL,OKC,1610612742,1610612760,2011
DAL_MIA_2011,DAL,MIA,1610612742,1610612748,2011
MIA_DAL_2011,MIA,DAL,1610612748,1610612742,2011
MIA_NYK_2012,MIA,NYK,1610612748,1610612752,2012
IND_ORL_2012,IND,ORL,1610612754,1610612753,2012
OKC_DAL_2012,OKC,DAL,1610612760,1610612742,2012
CHI_PHI_2012,CHI,PHI,1610612741,1610612755,2012
NYK_MIA_2012,NYK,MIA,1610612752,1610612748,2012
DAL_OKC_2012,DAL,OKC,1610612742,1610612760,2012
ORL_IND_2012,ORL,IND,1610612753,1610612754,2012
PHI_CHI_2012,PHI,CHI,1610612755,1610612741,2012
LAL_DEN_2012,LAL,DEN,1610612747,1610612743,2012
UTA_SAS_2012,UTA,SAS,1610612762,1610612759,2012
BOS_ATL_2012,BOS,ATL,1610612738,1610612737,2012
DEN_LAL_2012,DEN,LAL,1610612743,1610612747,2012
LAC_MEM_2012,LAC,MEM,1610612746,1610612763,2012
SAS_UTA_2012,SAS,UTA,1610612759,1610612762,2012
MEM_LAC_2012,MEM,LAC,1610612763,1610612746,2012
ATL_BOS_2012,ATL,BOS,1610612737,1610612738,2012
PHI_BOS_2012,PHI,BOS,1610612755,1610612738,2012
BOS_PHI_2012,BOS,PHI,1610612738,1610612755,2012
MIA_IND_2012,MIA,IND,1610612748,1610612754,2012
IND_MIA_2012,IND,MIA,1610612754,1610612748,2012
OKC_LAL_2012,OKC,LAL,1610612760,1610612747,2012
LAL_OKC_2012,LAL,OKC,1610612747,1610612760,2012
LAC_SAS_2012,LAC,SAS,1610612746,1610612759,2012
SAS_LAC_2012,SAS,LAC,1610612759,1610612746,2012
OKC_SAS_2012,OKC,SAS,1610612760,1610612759,2012
SAS_OKC_2012,SAS,OKC,1610612759,1610612760,2012
MIA_BOS_2012,MIA,BOS,1610612748,1610612738,2012
BOS_MIA_2012,BOS,MIA,1610612738,1610612748,2012
OKC_MIA_2012,OKC,MIA,1610612760,1610612748,2012
MIA_OKC_2012,MIA,OKC,1610612748,1610612760,2012
MEM_LAC_2013,MEM,LAC,1610612763,1610612746,2013
CHI_BKN_2013,CHI,BKN,1610612741,1610612751,2013
BOS_NYK_2013,BOS,NYK,1610612738,1610612752,2013
GSW_DEN_2013,GSW,DEN,1610612744,1610612743,2013
LAC_MEM_2013,LAC,MEM,1610612746,1610612763,2013
DEN_GSW_2013,DEN,GSW,1610612743,1610612744,2013
BKN_CHI_2013,BKN,CHI,1610612751,1610612741,2013
NYK_BOS_2013,NYK,BOS,1610612752,1610612738,2013
ATL_IND_2013,ATL,IND,1610612737,1610612754,2013
SAS_LAL_2013,SAS,LAL,1610612759,1610612747,2013
IND_ATL_2013,IND,ATL,1610612754,1610612737,2013
LAL_SAS_2013,LAL,SAS,1610612747,1610612759,2013
MIL_MIA_2013,MIL,MIA,1610612749,1610612748,2013
MIA_MIL_2013,MIA,MIL,1610612748,1610612749,2013
HOU_OKC_2013,HOU,OKC,1610612745,1610612760,2013
OKC_HOU_2013,OKC,HOU,1610612760,1610612745,2013
IND_NYK_2013,IND,NYK,1610612754,1610612752,2013
MEM_OKC_2013,MEM,OKC,1610612763,1610612760,2013
NYK_IND_2013,NYK,IND,1610612752,1610612754,2013
OKC_MEM_2013,OKC,MEM,1610612760,1610612763,2013
GSW_SAS_2013,GSW,SAS,1610612744,1610612759,2013
SAS_GSW_2013,SAS,GSW,1610612759,1610612744,2013
MIA_CHI_2013,MIA,CHI,1610612748,1610612741,2013
CHI_MIA_2013,CHI,MIA,1610612741,1610612748,2013
MEM_SAS_2013,MEM,SAS,1610612763,1610612759,2013
SAS_MEM_2013,SAS,MEM,1610612759,1610612763,2013
MIA_IND_2013,MIA,IND,1610612748,1610612754,2013
IND_MIA_2013,IND,MIA,1610612754,1610612748,2013
SAS_MIA_2013,SAS,MIA,1610612759,1610612748,2013
MIA_SAS_2013,MIA,SAS,1610612748,1610612759,2013
IND_ATL_2014,IND,ATL,1610612754,1610612737,2014
MEM_OKC_2014,MEM,OKC,1610612763,1610612760,2014
GSW_LAC_2014,GSW,LAC,1610612744,1610612746,2014
TOR_BKN_2014,TOR,BKN,1610612761,1610612751,2014
ATL_IND_2014,ATL,IND,1610612737,1610612754,2014
LAC_GSW_2014,LAC,GSW,1610612746,1610612744,2014
OKC_MEM_2014,OKC,MEM,1610612760,1610612763,2014
BKN_TOR_2014,BKN,TOR,1610612751,1610612761,2014
SAS_DAL_2014,SAS,DAL,1610612759,1610612742,2014
POR_HOU_2014,POR,HOU,1610612757,1610612745,2014
WAS_CHI_2014,WAS,CHI,1610612764,1610612741,2014
CHI_WAS_2014,CHI,WAS,1610612741,1610612764,2014
HOU_POR_2014,HOU,POR,1610612745,1610612757,2014
MIA_CHA_2014,MIA,CHA,1610612748,1610612766,2014
DAL_SAS_2014,DAL,SAS,1610612742,1610612759,2014
CHA_MIA_2014,CHA,MIA,1610612766,1610612748,2014
LAC_OKC_2014,LAC,OKC,1610612746,1610612760,2014
WAS_IND_2014,WAS,IND,1610612764,1610612754,2014
OKC_LAC_2014,OKC,LAC,1610612760,1610612746,2014
IND_WAS_2014,IND,WAS,1610612754,1610612764,2014
MIA_BKN_2014,MIA,BKN,1610612748,1610612751,2014
BKN_MIA_2014,BKN,MIA,1610612751,1610612748,2014
SAS_POR_2014,SAS,POR,1610612759,1610612757,2014
POR_SAS_2014,POR,SAS,1610612757,1610612759,2014
MIA_IND_2014,MIA,IND,1610612748,1610612754,2014
IND_MIA_2014,IND,MIA,1610612754,1610612748,2014
OKC_SAS_2014,OKC,SAS,1610612760,1610612759,2014
SAS_OKC_2014,SAS,OKC,1610612759,1610612760,2014
MIA_SAS_2014,MIA,SAS,1610612748,1610612759,2014
SAS_MIA_2014,SAS,MIA,1610612759,1610612748,2014
WAS_TOR_2015,WAS,TOR,1610612764,1610612761,2015
CHI_MIL_2015,CHI,MIL,1610612741,1610612749,2015
GSW_NOP_2015,GSW,NOP,1610612744,1610612740,2015
DAL_HOU_2015,DAL,HOU,1610612742,1610612745,2015
HOU_DAL_2015,HOU,DAL,1610612745,1610612742,2015
TOR_WAS_2015,TOR,WAS,1610612761,1610612764,2015
NOP_GSW_2015,NOP,GSW,1610612740,1610612744,2015
MIL_CHI_2015,MIL,CHI,1610612749,1610612741,2015
SAS_LAC_2015,SAS,LAC,1610612759,1610612746,2015
MEM_POR_2015,MEM,POR,1610612763,1610612757,2015
POR_MEM_2015,POR,MEM,1610612757,1610612763,2015
LAC_SAS_2015,LAC,SAS,1610612746,1610612759,2015
CLE_BOS_2015,CLE,BOS,1610612739,1610612738,2015
BKN_ATL_2015,BKN,ATL,1610612751,1610612737,2015
ATL_BKN_2015,ATL,BKN,1610612737,1610612751,2015
BOS_CLE_2015,BOS,CLE,1610612738,1610612739,2015
GSW_MEM_2015,GSW,MEM,1610612744,1610612763,2015
ATL_WAS_2015,ATL,WAS,1610612737,1610612764,2015
WAS_ATL_2015,WAS,ATL,1610612764,1610612737,2015
MEM_GSW_2015,MEM,GSW,1610612763,1610612744,2015
HOU_LAC_2015,HOU,LAC,1610612745,1610612746,2015
CLE_CHI_2015,CLE,CHI,1610612739,1610612741,2015
LAC_HOU_2015,LAC,HOU,1610612746,1610612745,2015
CHI_CLE_2015,CHI,CLE,1610612741,1610612739,2015
GSW_HOU_2015,GSW,HOU,1610612744,1610612745,2015
HOU_GSW_2015,HOU,GSW,1610612745,1610612744,2015
CLE_ATL_2015,CLE,ATL,1610612739,1610612737,2015
ATL_CLE_2015,ATL,CLE,1610612737,1610612739,2015
CLE_GSW_2015,CLE,GSW,1610612739,1610612744,2015
GSW_CLE_2015,GSW,CLE,1610612744,1610612739,2015
ATL_BOS_2016,ATL,BOS,1610612737,1610612738,2016
DAL_OKC_2016,DAL,OKC,1610612742,1610612760,2016
IND_TOR_2016,IND,TOR,1610612754,1610612761,2016
BOS_ATL_2016,BOS,ATL,1610612738,1610612737,2016
GSW_HOU_2016,GSW,HOU,1610612744,1610612745,2016
HOU_GSW_2016,HOU,GSW,1610612745,1610612744,2016
OKC_DAL_2016,OKC,DAL,1610612760,1610612742,2016
TOR_IND_2016,TOR,IND,1610612761,1610612754,2016
LAC_POR_2016,LAC,POR,1610612746,1610612757,2016
CHA_MIA_2016,CHA,MIA,1610612766,1610612748,2016
CLE_DET_2016,CLE,DET,1610612739,1610612765,2016
POR_LAC_2016,POR,LAC,1610612757,1610612746,2016
SAS_MEM_2016,SAS,MEM,1610612759,1610612763,2016
MEM_SAS_2016,MEM,SAS,1610612763,1610612759,2016
MIA_CHA_2016,MIA,CHA,1610612748,1610612766,2016
DET_CLE_2016,DET,CLE,1610612765,1610612739,2016
OKC_SAS_2016,OKC,SAS,1610612760,1610612759,2016
SAS_OKC_2016,SAS,OKC,1610612759,1610612760,2016
POR_GSW_2016,POR,GSW,1610612757,1610612744,2016
GSW_POR_2016,GSW,POR,1610612744,1610612757,2016
CLE_ATL_2016,CLE,ATL,1610612739,1610612737,2016
ATL_CLE_2016,ATL,CLE,1610612737,1610612739,2016
TOR_MIA_2016,TOR,MIA,1610612761,1610612748,2016
MIA_TOR_2016,MIA,TOR,1610612748,1610612761,2016
GSW_OKC_2016,GSW,OKC,1610612744,1610612760,2016
OKC_GSW_2016,OKC,GSW,1610612760,1610612744,2016
TOR_CLE_2016,TOR,CLE,1610612761,1610612739,2016
CLE_TOR_2016,CLE,TOR,1610612739,1610612761,2016
GSW_CLE_2016,GSW,CLE,1610612744,1610612739,2016
CLE_GSW_2016,CLE,GSW,1610612739,1610612744,2016
MEM_SAS_2017,MEM,SAS,1610612763,1610612759,2017
CLE_IND_2017,CLE,IND,1610612739,1610612754,2017
LAC_UTA_2017,LAC,UTA,1610612746,1610612762,2017
MIL_TOR_2017,MIL,TOR,1610612749,1610612761,2017
IND_CLE_2017,IND,CLE,1610612754,1610612739,2017
TOR_MIL_2017,TOR,MIL,1610612761,1610612749,2017
SAS_MEM_2017,SAS,MEM,1610612759,1610612763,2017
UTA_LAC_2017,UTA,LAC,1610612762,1610612746,2017
HOU_OKC_2017,HOU,OKC,1610612745,1610612760,2017
GSW_POR_2017,GSW,POR,1610612744,1610612757,2017
CHI_BOS_2017,CHI,BOS,1610612741,1610612738,2017
ATL_WAS_2017,ATL,WAS,1610612737,1610612764,2017
BOS_CHI_2017,BOS,CHI,1610612738,1610612741,2017
WAS_ATL_2017,WAS,ATL,1610612764,1610612737,2017
POR_GSW_2017,POR,GSW,1610612757,1610612744,2017
OKC_HOU_2017,OKC,HOU,1610612760,1610612745,2017
BOS_WAS_2017,BOS,WAS,1610612738,1610612764,2017
WAS_BOS_2017,WAS,BOS,1610612764,1610612738,2017
HOU_SAS_2017,HOU,SAS,1610612745,1610612759,2017
TOR_CLE_2017,TOR,CLE,1610612761,1610612739,2017
SAS_HOU_2017,SAS,HOU,1610612759,1610612745,2017
CLE_TOR_2017,CLE,TOR,1610612739,1610612761,2017
GSW_UTA_2017,GSW,UTA,1610612744,1610612762,2017
UTA_GSW_2017,UTA,GSW,1610612762,1610612744,2017
GSW_SAS_2017,GSW,SAS,1610612744,1610612759,2017
SAS_GSW_2017,SAS,GSW,1610612759,1610612744,2017
BOS_CLE_2017,BOS,CLE,1610612738,1610612739,2017
CLE_BOS_2017,CLE,BOS,1610612739,1610612738,2017
GSW_CLE_2017,GSW,CLE,1610612744,1610612739,2017
CLE_GSW_2017,CLE,GSW,1610612739,1610612744,2017
TOR_WAS_2018,TOR,WAS,1610612761,1610612764,2018
POR_NOP_2018,POR,NOP,1610612757,1610612740,2018
SAS_GSW_2018,SAS,GSW,1610612759,1610612744,2018
GSW_SAS_2018,GSW,SAS,1610612744,1610612759,2018
WAS_TOR_2018,WAS,TOR,1610612764,1610612761,2018
MIA_PHI_2018,MIA,PHI,1610612748,1610612755,2018
PHI_MIA_2018,PHI,MIA,1610612755,1610612748,2018
NOP_POR_2018,NOP,POR,1610612740,1610612757,2018
HOU_MIN_2018,HOU,MIN,1610612745,1610612750,2018
MIL_BOS_2018,MIL,BOS,1610612749,1610612738,2018
UTA_OKC_2018,UTA,OKC,1610612762,1610612760,2018
BOS_MIL_2018,BOS,MIL,1610612738,1610612749,2018
OKC_UTA_2018,OKC,UTA,1610612760,1610612762,2018
CLE_IND_2018,CLE,IND,1610612739,1610612754,2018
MIN_HOU_2018,MIN,HOU,1610612750,1610612745,2018
IND_CLE_2018,IND,CLE,1610612754,1610612739,2018
NOP_GSW_2018,NOP,GSW,1610612740,1610612744,2018
GSW_NOP_2018,GSW,NOP,1610612744,1610612740,2018
HOU_UTA_2018,HOU,UTA,1610612745,1610612762,2018
UTA_HOU_2018,UTA,HOU,1610612762,1610612745,2018
BOS_PHI_2018,BOS,PHI,1610612738,1610612755,2018
PHI_BOS_2018,PHI,BOS,1610612755,1610612738,2018
TOR_CLE_2018,TOR,CLE,1610612761,1610612739,2018
CLE_TOR_2018,CLE,TOR,1610612739,1610612761,2018
CLE_BOS_2018,CLE,BOS,1610612739,1610612738,2018
BOS_CLE_2018,BOS,CLE,1610612738,1610612739,2018
GSW_HOU_2018,GSW,HOU,1610612744,1610612745,2018
HOU_GSW_2018,HOU,GSW,1610612745,1610612744,2018
GSW_CLE_2018,GSW,CLE,1610612744,1610612739,2018
CLE_GSW_2018,CLE,GSW,1610612739,1610612744,2018
PHI_BKN_2019,PHI,BKN,1610612755,1610612751,2019
DEN_SAS_2019,DEN,SAS,1610612743,1610612759,2019
TOR_ORL_2019,TOR,ORL,1610612761,1610612753,2019
ORL_TOR_2019,ORL,TOR,1610612753,1610612761,2019
BKN_PHI_2019,BKN,PHI,1610612751,1610612755,2019
GSW_LAC_2019,GSW,LAC,1610612744,1610612746,2019
LAC_GSW_2019,LAC,GSW,1610612746,1610612744,2019
SAS_DEN_2019,SAS,DEN,1610612759,1610612743,2019
IND_BOS_2019,IND,BOS,1610612754,1610612738,2019
POR_OKC_2019,POR,OKC,1610612757,1610612760,2019
MIL_DET_2019,MIL,DET,1610612749,1610612765,2019
HOU_UTA_2019,HOU,UTA,1610612745,1610612762,2019
OKC_POR_2019,OKC,POR,1610612760,1610612757,2019
UTA_HOU_2019,UTA,HOU,1610612762,1610612745,2019
BOS_IND_2019,BOS,IND,1610612738,1610612754,2019
DET_MIL_2019,DET,MIL,1610612765,1610612749,2019
PHI_TOR_2019,PHI,TOR,1610612755,1610612761,2019
TOR_PHI_2019,TOR,PHI,1610612761,1610612755,2019
GSW_HOU_2019,GSW,HOU,1610612744,1610612745,2019
HOU_GSW_2019,HOU,GSW,1610612745,1610612744,2019
MIL_BOS_2019,MIL,BOS,1610612749,1610612738,2019
BOS_MIL_2019,BOS,MIL,1610612738,1610612749,2019
DEN_POR_2019,DEN,POR,1610612743,1610612757,2019
POR_DEN_2019,POR,DEN,1610612757,1610612743,2019
POR_GSW_2019,POR,GSW,1610612757,1610612744,2019
GSW_POR_2019,GSW,POR,1610612744,1610612757,2019
TOR_MIL_2019,TOR,MIL,1610612761,1610612749,2019
MIL_TOR_2019,MIL,TOR,1610612749,1610612761,2019
TOR_GSW_2019,TOR,GSW,1610612761,1610612744,2019
GSW_TOR_2019,GSW,TOR,1610612744,1610612761,2019
BOS_PHI_2020,BOS,PHI,1610612738,1610612755,2020
TOR_BKN_2020,TOR,BKN,1610612761,1610612751,2020
DAL_LAC_2020,DAL,LAC,1610612742,1610612746,2020
UTA_DEN_2020,UTA,DEN,1610612762,1610612743,2020
PHI_BOS_2020,PHI,BOS,1610612755,1610612738,2020
LAC_DAL_2020,LAC,DAL,1610612746,1610612742,2020
BKN_TOR_2020,BKN,TOR,1610612751,1610612761,2020
DEN_UTA_2020,DEN,UTA,1610612743,1610612762,2020
MIA_IND_2020,MIA,IND,1610612748,1610612754,2020
LAL_POR_2020,LAL,POR,1610612747,1610612757,2020
IND_MIA_2020,IND,MIA,1610612754,1610612748,2020
HOU_OKC_2020,HOU,OKC,1610612745,1610612760,2020
POR_LAL_2020,POR,LAL,1610612757,1610612747,2020
MIL_ORL_2020,MIL,ORL,1610612749,1610612753,2020
OKC_HOU_2020,OKC,HOU,1610612760,1610612745,2020
ORL_MIL_2020,ORL,MIL,1610612753,1610612749,2020
BOS_TOR_2020,BOS,TOR,1610612738,1610612761,2020
TOR_BOS_2020,TOR,BOS,1610612761,1610612738,2020
MIA_MIL_2020,MIA,MIL,1610612748,1610612749,2020
MIL_MIA_2020,MIL,MIA,1610612749,1610612748,2020
LAC_DEN_2020,LAC,DEN,1610612746,1610612743,2020
DEN_LAC_2020,DEN,LAC,1610612743,1610612746,2020
HOU_LAL_2020,HOU,LAL,1610612745,1610612747,2020
LAL_HOU_2020,LAL,HOU,1610612747,1610612745,2020
BOS_MIA_2020,BOS,MIA,1610612738,1610612748,2020
MIA_BOS_2020,MIA,BOS,1610612748,1610612738,2020
LAL_DEN_2020,LAL,DEN,1610612747,1610612743,2020
DEN_LAL_2020,DEN,LAL,1610612743,1610612747,2020
MIA_LAL_2020,MIA,LAL,1610612748,1610612747,2020
LAL_MIA_2020,LAL,MIA,1610612747,1610612748,2020
DAL_LAC_2021,DAL,LAC,1610612742,1610612746,2021
DEN_POR_2021,DEN,POR,1610612743,1610612757,2021
LAC_DAL_2021,LAC,DAL,1610612746,1610612742,2021
MIA_MIL_2021,MIA,MIL,1610612748,1610612749,2021
POR_DEN_2021,POR,DEN,1610612757,1610612743,2021
MIL_MIA_2021,MIL,MIA,1610612749,1610612748,2021
BOS_BKN_2021,BOS,BKN,1610612738,1610612751,2021
BKN_BOS_2021,BKN,BOS,1610612751,1610612738,2021
PHI_WAS_2021,PHI,WAS,1610612755,1610612764,2021
UTA_MEM_2021,UTA,MEM,1610612762,1610612763,2021
MEM_UTA_2021,MEM,UTA,1610612763,1610612762,2021
LAL_PHX_2021,LAL,PHX,1610612747,1610612756,2021
NYK_ATL_2021,NYK,ATL,1610612752,1610612737,2021
WAS_PHI_2021,WAS,PHI,1610612764,1610612755,2021
ATL_NYK_2021,ATL,NYK,1610612737,1610612752,2021
PHX_LAL_2021,PHX,LAL,1610612756,1610612747,2021
MIL_BKN_2021,MIL,BKN,1610612749,1610612751,2021
BKN_MIL_2021,BKN,MIL,1610612751,1610612749,2021
PHI_ATL_2021,PHI,ATL,1610612755,1610612737,2021
ATL_PHI_2021,ATL,PHI,1610612737,1610612755,2021
DEN_PHX_2021,DEN,PHX,1610612743,1610612756,2021
PHX_DEN_2021,PHX,DEN,1610612756,1610612743,2021
UTA_LAC_2021,UTA,LAC,1610612762,1610612746,2021
LAC_UTA_2021,LAC,UTA,1610612746,1610612762,2021
LAC_PHX_2021,LAC,PHX,1610612746,1610612756,2021
PHX_LAC_2021,PHX,LAC,1610612756,1610612746,2021
MIL_ATL_2021,MIL,ATL,1610612749,1610612737,2021
ATL_MIL_2021,ATL,MIL,1610612737,1610612749,2021
MIL_PHX_2021,MIL,PHX,1610612749,1610612756,2021
PHX_MIL_2021,PHX,MIL,1610612756,1610612749,2021
GSW_DEN_2022,GSW,DEN,1610612744,1610612743,2022
PHI_TOR_2022,PHI,TOR,1610612755,1610612761,2022
TOR_PHI_2022,TOR,PHI,1610612761,1610612755,2022
MEM_MIN_2022,MEM,MIN,1610612763,1610612750,2022
DAL_UTA_2022,DAL,UTA,1610612742,1610612762,2022
MIN_MEM_2022,MIN,MEM,1610612750,1610612763,2022
DEN_GSW_2022,DEN,GSW,1610612743,1610612744,2022
UTA_DAL_2022,UTA,DAL,1610612762,1610612742,2022
ATL_MIA_2022,ATL,MIA,1610612737,1610612748,2022
PHX_NOP_2022,PHX,NOP,1610612756,1610612740,2022
NOP_PHX_2022,NOP,PHX,1610612740,1610612756,2022
MIL_CHI_2022,MIL,CHI,1610612749,1610612741,2022
BKN_BOS_2022,BKN,BOS,1610612751,1610612738,2022
BOS_BKN_2022,BOS,BKN,1610612738,1610612751,2022
MIA_ATL_2022,MIA,ATL,1610612748,1610612737,2022
CHI_MIL_2022,CHI,MIL,1610612741,1610612749,2022
BOS_MIL_2022,BOS,MIL,1610612738,1610612749,2022
GSW_MEM_2022,GSW,MEM,1610612744,1610612763,2022
MEM_GSW_2022,MEM,GSW,1610612763,1610612744,2022
MIL_BOS_2022,MIL,BOS,1610612749,1610612738,2022
PHX_DAL_2022,PHX,DAL,1610612756,1610612742,2022
PHI_MIA_2022,PHI,MIA,1610612755,1610612748,2022
DAL_PHX_2022,DAL,PHX,1610612742,1610612756,2022
MIA_PHI_2022,MIA,PHI,1610612748,1610612755,2022
MIA_BOS_2022,MIA,BOS,1610612748,1610612738,2022
BOS_MIA_2022,BOS,MIA,1610612738,1610612748,2022
DAL_GSW_2022,DAL,GSW,1610612742,1610612744,2022
GSW_DAL_2022,GSW,DAL,1610612744,1610612742,2022
GSW_BOS_2022,GSW,BOS,1610612744,1610612738,2022
BOS_GSW_2022,BOS,GSW,1610612738,1610612744,2022
SAC_GSW_2023,SAC,GSW,1610612758,1610612744,2023
BKN_PHI_2023,BKN,PHI,1610612751,1610612755,2023
PHI_BKN_2023,PHI,BKN,1610612755,1610612751,2023
ATL_BOS_2023,ATL,BOS,1610612737,1610612738,2023
NYK_CLE_2023,NYK,CLE,1610612752,1610612739,2023
GSW_SAC_2023,GSW,SAC,1610612744,1610612758,2023
CLE_NYK_2023,CLE,NYK,1610612739,1610612752,2023
BOS_ATL_2023,BOS,ATL,1610612738,1610612737,2023
LAC_PHX_2023,LAC,PHX,1610612746,1610612756,2023
LAL_MEM_2023,LAL,MEM,1610612747,1610612763,2023
PHX_LAC_2023,PHX,LAC,1610612756,1610612746,2023
DEN_MIN_2023,DEN,MIN,1610612743,1610612750,2023
MIL_MIA_2023,MIL,MIA,1610612749,1610612748,2023
MIA_MIL_2023,MIA,MIL,1610612748,1610612749,2023
MIN_DEN_2023,MIN,DEN,1610612750,1610612743,2023
MEM_LAL_2023,MEM,LAL,1610612763,1610612747,2023
DEN_PHX_2023,DEN,PHX,1610612743,1610612756,2023
PHX_DEN_2023,PHX,DEN,1610612756,1610612743,2023
NYK_MIA_2023,NYK,MIA,1610612752,1610612748,2023
MIA_NYK_2023,MIA,NYK,1610612748,1610612752,2023
PHI_BOS_2023,PHI,BOS,1610612755,1610612738,2023
BOS_PHI_2023,BOS,PHI,1610612738,1610612755,2023
GSW_LAL_2023,GSW,LAL,1610612744,1610612747,2023
LAL_GSW_2023,LAL,GSW,1610612747,1610612744,2023
DEN_LAL_2023,DEN,LAL,1610612743,1610612747,2023
LAL_DEN_2023,LAL,DEN,1610612747,1610612743,2023
BOS_MIA_2023,BOS,MIA,1610612738,1610612748,2023
MIA_BOS_2023,MIA,BOS,1610612748,1610612738,2023
MIA_DEN_2023,MIA,DEN,1610612748,1610612743,2023
DEN_MIA_2023,DEN,MIA,1610612743,1610612748,2023
ORL_CLE_2024,ORL,CLE,1610612753,1610612739,2024
MIN_PHX_2024,MIN,PHX,1610612750,1610612756,2024
NYK_PHI_2024,NYK,PHI,1610612752,1610612755,2024
CLE_ORL_2024,CLE,ORL,1610612739,1610612753,2024
DEN_LAL_2024,DEN,LAL,1610612743,1610612747,2024
PHX_MIN_2024,PHX,MIN,1610612756,1610612750,2024
LAL_DEN_2024,LAL,DEN,1610612747,1610612743,2024
PHI_NYK_2024,PHI,NYK,1610612755,1610612752,2024
MIL_IND_2024,MIL,IND,1610612749,1610612754,2024
LAC_DAL_2024,LAC,DAL,1610612746,1610612742,2024
OKC_NOP_2024,OKC,NOP,1610612760,1610612740,2024
DAL_LAC_2024,DAL,LAC,1610612742,1610612746,2024
NOP_OKC_2024,NOP,OKC,1610612740,1610612760,2024
MIA_BOS_2024,MIA,BOS,1610612748,1610612738,2024
IND_MIL_2024,IND,MIL,1610612754,1610612749,2024
BOS_MIA_2024,BOS,MIA,1610612738,1610612748,2024
MIN_DEN_2024,MIN,DEN,1610612750,1610612743,2024
DEN_MIN_2024,DEN,MIN,1610612743,1610612750,2024
IND_NYK_2024,IND,NYK,1610612754,1610612752,2024
NYK_IND_2024,NYK,IND,1610612752,1610612754,2024
CLE_BOS_2024,CLE,BOS,1610612739,1610612738,2024
DAL_OKC_2024,DAL,OKC,1610612742,1610612760,2024
BOS_CLE_2024,BOS,CLE,1610612738,1610612739,2024
OKC_DAL_2024,OKC,DAL,1610612760,1610612742,2024
IND_BOS_2024,IND,BOS,1610612754,1610612738,2024
BOS_IND_2024,BOS,IND,1610612738,1610612754,2024
MIN_DAL_2024,MIN,DAL,1610612750,1610612742,2024
DAL_MIN_2024,DAL,MIN,1610612742,1610612750,2024
DAL_BOS_2024,DAL,BOS,1610612742,1610612738,2024
BOS_DAL_2024,BOS,DAL,1610612738,1610612742,2024
DEN_LAC_2025,DEN,LAC,1610612743,1610612746,2025
LAC_DEN_2025,LAC,DEN,1610612746,1610612743,2025
LAL_MIN_2025,LAL,MIN,1610612747,1610612750,2025
NYK_DET_2025,NYK,DET,1610612752,1610612765,2025
MIN_LAL_2025,MIN,LAL,1610612750,1610612747,2025
IND_MIL_2025,IND,MIL,1610612754,1610612749,2025
DET_NYK_2025,DET,NYK,1610612765,1610612752,2025
MIL_IND_2025,MIL,IND,1610612749,1610612754,2025
OKC_MEM_2025,OKC,MEM,1610612760,1610612763,2025
HOU_GSW_2025,HOU,GSW,1610612745,1610612744,2025
BOS_ORL_2025,BOS,ORL,1610612738,1610612753,2025
MIA_CLE_2025,MIA,CLE,1610612748,1610612739,2025
GSW_HOU_2025,GSW,HOU,1610612744,1610612745,2025
MEM_OKC_2025,MEM,OKC,1610612763,1610612760,2025
ORL_BOS_2025,ORL,BOS,1610612753,1610612738,2025
CLE_MIA_2025,CLE,MIA,1610612739,1610612748,2025
CLE_IND_2025,CLE,IND,1610612739,1610612754,2025
IND_CLE_2025,IND,CLE,1610612754,1610612739,2025
BOS_NYK_2025,BOS,NYK,1610612738,1610612752,2025
NYK_BOS_2025,NYK,BOS,1610612752,1610612738,2025
OKC_DEN_2025,OKC,DEN,1610612760,1610612743,2025
DEN_OKC_2025,DEN,OKC,1610612743,1610612760,2025
MIN_GSW_2025,MIN,GSW,1610612750,1610612744,2025
GSW_MIN_2025,GSW,MIN,1610612744,1610612750,2025
MIN_OKC_2025,MIN,OKC,1610612750,1610612760,2025
OKC_MIN_2025,OKC,MIN,1610612760,1610612750,2025
NYK_IND_2025,NYK,IND,1610612752,1610612754,2025
IND_NYK_2025,IND,NYK,1610612754,1610612752,2025
IND_OKC_2025,IND,OKC,1610612754,1610612760,2025
OKC_IND_2025,OKC,IND,1610612760,1610612754,2025
